country,agent_name,website,email,phone,detail
Albania,First EDUMATE,https://www.firstedumate.com,"info@firstedumate.com, adana@firstedumate.com","10805966979, 2147483645, 1777632880, 903736420.1780, 4406879254, +90 216 368 6368, +905436368176, 1777576176, +902163686368, 2147483647, 759 0420 925, +90 543 636 8176, 7496969728, 8855234924","Daha iyi bir deneyim için izninizi istiyoruz. En iyi deneyimleri sunmak için, cihaz bilgilerini saklamak veveya bunlara erişmek amacıyla çerezler gibi teknolojiler kullanıyoruz. Bu teknolojilere izin vermek, bu sitedeki tarama"
Albania,Integral,https://www.integral.com,,"128 544 138, 1026735368, 296 544 306, 384 448 391, 412026183.1780, 464 544 474, 288 576 280, 192 256 184, 9179010501, 7496969728, 21355637892, 576 480 540","Skip to content Products Solutions About Get Demo Integral FX Modern trading workflow automation for institutional FX, CFD and precious metals. Liquidity Aggregation EMS Price Engine Distribution White Label Solutions"
Albania,StudyIn,https://www.studyin.com,info@univs.com,1780407278,Skip to content Institutes Programs Countries How It Works For Partners About Us Sign In Start Free PAGE NOT FOUND 404 The page you are looking for is not available.
Antigua and Barbuda,Beach Education LTD,https://www.beacheducation.com,"fiona@beacheducation.com, hello@beacheducation.com, user@domain.com","748.9329685362, 117.4329501915, 2714460467, 1.2761904761, 3301280612, 0.6329004329, 16.6666666666, 7715 286 144, 14.1121128969, 105.0000000000, 122.5142857142, 1.0299625468, 0.7433776217, 16406611251, 0.5055350553, 8.3333333333, 022 125 122, 83.4981818181, 9592168125, 8436 125 106, 2.7538726333, 7036148989, 120.4607789358, 41.6666666666","Select Accept all to agree to our use of cookies and similar technologies to enhance your browsing experience, security, analytics and customization. Select Manage cookies to make more choices or"
Argentina,Inova Education,https://www.inovaeducation.com,,"1717067731, 1776739780, 1776739779",Cookies and third-party services This website uses cookies so that we can provide you with the best user experience possible. Cookie information is stored in your browser and performs functions
Argentina,LAE,https://www.lae.com,moreinfo@lae.com,(805) 987-8274,"Logical Approach Engineering Contact Us Visit Us LAE specializes in embedded development. Incorporated in 1990, LAE excels in embedded applications requiring low power usage and connectivity. We provide the full"
Argentina,Studies Planet,https://www.studiesplanet.com,uk@studiesplanet.com,"248 248-111, 1765541696, 451 200-200, 033 248 248, 447377 7309, 451 200 200, 7377730967, 1765541700, 1779169522, 666.6666666666, 451-200 200, +447377730967, 451-200-200, 1999999999, 7-2903683943",Emailukstudiesplanet.com - Contact447377730967 Home Courses Universities Events Rankings Scholarships Blog Contact Us Book A Free Consultation Start your journey here All Course Types Undergraduate UTP University Transfer Program Associate Degree
Australia,AECC Global,https://www.aeccglobal.com,name@example.com,"18005724422, +94706125475, +234 912 4497923, +62 8787847476, +66 0829536151, +63282932250, +8801322867741, +97715970315, 1586149945, +84969934533, +61370200720, 1098315935, 8777935231, 39917829398",Advice Events Find us AECC Office Locations Directory Find AECC offices across India in the following regions AECC Offices in Australia AECC Offices in Bangladesh AECC Offices in India AECC
Australia,IDP UK aka IDP/ Hotcourses,https://www.idpuk.com,,"1-303-893-0552, +1-303-893-0552","We value your privacy We use cookies to enhance your browsing experience, serve personalized ads or content, and analyze our traffic. By clicking Accept All, you consent to our use"
Australia,Information Planet Pty Ltd,https://www.informationplanet.com.au,,"9754-0993155, 5504989609",Skip to main content Home Services RENEW STUDENT VISA FREE STUDENT SERVICES SPECIAL EVENTS MIGRATION ADVICE Agencies SYDNEY ADELAIDE PERTH GOLD COAST BRISBANE MELBOURNE IP GLOBAL AGENCIES About us WHO
Australia,Jack Study Abroad,https://www.jackstudyabroad.com.au,,0499818721,"Skip to content Hotline 61 0499818721  Office Address Apply to UniversityCollege Apply for Student Visa How to Apply Universities  Colleges About Us Located in Perth, Jack StudyAbroad is"
Australia,StudyCo,https://www.studyco.com,,"1779100749, 1747327010, 1747380373, 1779173472, 1747327037, 1779209396, 1747327020, 1747327039",Skip to content Facebook-f Twitter Our Offices Why Choose StudyCo About StudyCo Resources Book Online Appointment Study Destination Migration  Visa Services Education Consultant Immigration Consultant TRUSTED EDUCATION  MIGRATION
Azerbaijan,Azeri Student,https://www.azeristudent.az,"ulkar@azeristudent.az, sara@studycare.uz, info@azeristudent.az","2058149512, 5252030462, +998958291111, 9224461139, 1780484582, 89224461139, 17300304298, 9224609820",Partners Events Experts Blog Contact Apply Now GENI AI Education Assistant I am here to help with your study abroad journey. Ask Geni The result of our care Our education
Azerbaijan,Baku City Academy,https://www.bakucityacademy.com,,1689242970,994 50 277 11 23 AZ HAQQIMIZDA XİDMƏTLƏRİMİZ TƏLƏBƏLƏRİMİZ PARTNYORLAR UNİVERSİTETLƏR ƏLAQƏ İndi müraciət et Baku City Academy-ə Xoş Gəlmisiniz! Xoş Gəlmisiniz! TOP Universitetlərlə Əməkdaşlıq Uzunmüddətli təcrübəmizə əsasən 100-dən çox
Azerbaijan,CELT Abroad LLC,https://www.celtabroad.com,,,"celtabroad.com is parked free, courtesy of GoDaddy.com. Get This Domain Related Searches celta broad Copyright  1999-2026 GoDaddy, LLC. All rights reserved. Privacy Policy Disclaimer References to any specific company,"
Azerbaijan,Edumax,https://www.edumax.az,"info@edumax.az, asgerliibrahim@gmail.com","448 288 448, 1780484595, 1754319305, 1754319303, 1219.547 1225, 0703332111, 2147483648, 1780168551, 4406879254, 1754319307, 1780168550, 137-111 248",Xaricdə təhsil Akademiya Blog və xəbərlər Nəticələr Tələbələr nə deyir? Haqqımızda Dil seçimi Edu Max Beynəlxalq Xaricdə Təhsil Şirkəti Şirkətimiz 2017 - ci ildən peşəkar fəaliyyətə başlamışdır. ƏLAQƏ MƏLUMATLARI 7A
Azerbaijan,IDP UK aka IDP/ Hotcourses,https://www.idpuk.com,,"1-303-893-0552, +1-303-893-0552","We value your privacy We use cookies to enhance your browsing experience, serve personalized ads or content, and analyze our traffic. By clicking Accept All, you consent to our use"
Bahrain,Education Links,https://www.educationlinks.com.bh,admissions@educationlinks.com.bh,"2147483647, 449-236-449, 1703783836, 01546763358, 1692003369, 1692103030, 973 1725-5909, 1692107741, 1753123071, 97338205520, 0012000000, 1692003915, 189-382-189, 1771577383, 421 378-199, 1692006956, 1772090851, 1772090850, 1692188755, 1691999395, 1691997637, 1699281547, 1692275131",Events  Find Us Home About Us Our Services Countries Book Our Experts Gallery Contact Us Education Links Education Links is an education agency based in Bahrain that facilitates
Bahrain,IDP UK aka IDP/ Hotcourses,https://www.idpuk.com,,"+1-303-893-0552, 1-303-893-0552","We value your privacy We use cookies to enhance your browsing experience, serve personalized ads or content, and analyze our traffic. By clicking Accept All, you consent to our use"
Bangladesh,AECC Global,https://www.aeccglobal.com,name@example.com,"18005724422, +94706125475, +234 912 4497923, +62 8787847476, +66 0829536151, +63282932250, +8801322867741, +97715970315, 1586149945, +84969934533, 4406879254, +61370200720, 37139616674, 1098315935, 8777935231, 39917829398",Advice Events Find us AECC Office Locations Directory Find AECC offices across India in the following regions AECC Offices in Australia AECC Offices in Bangladesh AECC Offices in India AECC
Bangladesh,AHZ Associates,https://www.ahzassociates.com,info@ahzassociates.co.uk,"17640434496, 17528207595, 17640644449, 1268368563, 4109123758, 48842654126, 137-111 248, 17640463565, 17542252215, 97634359830, 17640630571, 17528198490, 17528169923, 2264125279, 448 288 448, 17640472641, 1310225428, +442073779630, 17528373010, 17528347012, 67935883549, 17640618541, 17640400631, 17599520470, 3020080000",Study in the UK Universities Courses Pathway Global Offices Apply Now Free Consultation Loading... Location University Courses Events Get Advice Please select location London Birmingham Manchester Glasgow Liverpool Leeds Bristol
Bangladesh,ApplyBoard,https://www.applyboard.com,,"833 958 804, 1432718904, 1595992025, 1348078617, 1656994552, 829 829 842, 167 167 154, 2985984737, 2481764524, 2685733372, 2933276541, 333 958 304, 846 783 846, 833 171 804, 3128134379, 448 288 448, 771 138 800, 1780417547, 3670563033, 2512015367, 137 775 137, 3508454897, 3967842156, 1041095097, 3281949485, 783 846 800, 3921366393, 858 225 858, 817 846 804, 229 863 200, 2083580917, 167 829 196, 150 179 158, 1632949049, 583 958 554, 2699082514, 229 154 242, 0.0666666666, 150 212 150, 846 817 842, 767 842 750, 4261551600, 217 150 196, 2369186930, 3064412225, 842 767 846, 154 233 150, 179 150 196, 2417249464, 1222083472","Students Study Destinations Partners Register as a Student Log In Your Future Goes Beyond Borders Explore 1,500 global universities and colleges. Submit your best possible application with a 95 success"
Bangladesh,Crizac,https://www.crizac.com,"info@crizac.com, compliance@crizac.com, info@ucol.co.uk","2231208816, 4215001867, 0392156863, 7530412057, 2796099819, 4287775999, 3665500218, 49324069496","About Us Investors Partner With Us Book An Appointment Contact Us LOGIN Your Gateway to Global Connection Solutions for Universities and Recruitment Partners With our experience, expertise and ability to"
Bangladesh,IDP UK aka IDP/ Hotcourses,https://www.idpuk.com,,"+1-303-893-0552, 1-303-893-0552","We value your privacy We use cookies to enhance your browsing experience, serve personalized ads or content, and analyze our traffic. By clicking Accept All, you consent to our use"
Bangladesh,Indigo Consultancy,https://www.indigoconsultancy.com,,"+1-303-893-0552, 1-303-893-0552","We value your privacy We use cookies to enhance your browsing experience, serve personalized ads or content, and analyze our traffic. By clicking Accept All, you consent to our use"
Bangladesh,Maces,https://www.maces.com,,"3925589951, 0331484617, 24887078504, 7098894425, 55362438251, 8218871259, 42850334448, 48736600367, +1 781-373-6847, 58076220837, 5280402714, 855-201-2286, 5810999087, 7332667934","The domain maces.com is for sale. To purchase, call Afternic.com at 1 781-373-6847 or 855-201-2286. Click here for more details. MACES.COM Related Searches Como Saber Si La Mac Es Robada"
Bangladesh,MIM Study Abroad,https://www.mimstudyabroad.com,"jahidur.mim@gmail.com, mim.heuk@gmail.com","11315983075, 1780484755",CALL 88 02 9122404 main who we are what we do pathwayfoundation universities blog university visits FAQ UK admission contact BOOK your appointment which country ? what documents ?? deadline
Bangladesh,StudyCo,https://www.studyco.com,,"1747327020, 1747327039, 1779209396, 1779100749, 1779173472, 1747327037, 1747380373, 1747327010, 8799675460",Skip to content Facebook-f Twitter Our Offices Why Choose StudyCo About StudyCo Resources Book Online Appointment Study Destination Migration  Visa Services Education Consultant Immigration Consultant TRUSTED EDUCATION  MIGRATION
Bangladesh,StudyIn,https://www.studyin.com,info@univs.com,1780484544,Skip to content Institutes Programs Countries How It Works For Partners About Us Sign In Start Free PAGE NOT FOUND 404 The page you are looking for is not available.
Bangladesh,Westminster International,https://www.westminsterinternational.com,,"+1-303-893-0552, 1-303-893-0552","We value your privacy We use cookies to enhance your browsing experience, serve personalized ads or content, and analyze our traffic. By clicking Accept All, you consent to our use"
Barbados,Beach Education LTD,https://www.beacheducation.com,"fiona@beacheducation.com, user@domain.com, hello@beacheducation.com","8.3333333333, 2714460467, 1.2761904761, 9592168125, 0.7433776217, 1.0299625468, 7715 286 144, 16406611251, 83.4981818181, 7036148989, 117.4329501915, 3301280612, 122.5142857142, 16.6666666666, 105.0000000000, 8436 125 106, 022 125 122, 0.5055350553, 748.9329685362, 14.1121128969, 0.6329004329, 41.6666666666, 120.4607789358, 2.7538726333","Select Accept all to agree to our use of cookies and similar technologies to enhance your browsing experience, security, analytics and customization. Select Manage cookies to make more choices or"
Belgium,Study Experience,https://www.studyexperience.com,,,Forbidden You dont have permission to access this resource.
Belgium,WEP,https://www.wep.com,user@domain.com,"122.3241590214, 0.7641277641, 7036148989, 76.4127764127, 45.0099800399, 1.2232415902, 34.4021501343, 0.3440215013, 0.4732798931, 47.3279893119",Skip to Content Home Properties About Us News Store Welcome to the place where great people and great ideas come together like Voltron! WEP is a production and IP management
Bermuda,Beach Education LTD,https://www.beacheducation.com,"fiona@beacheducation.com, user@domain.com, hello@beacheducation.com","8.3333333333, 2714460467, 1.2761904761, 9592168125, 0.7433776217, 1.0299625468, 7715 286 144, 16406611251, 83.4981818181, 7036148989, 117.4329501915, 3301280612, 122.5142857142, 16.6666666666, 105.0000000000, 8436 125 106, 022 125 122, 0.5055350553, 748.9329685362, 14.1121128969, 0.6329004329, 41.6666666666, 120.4607789358, 2.7538726333","Select Accept all to agree to our use of cookies and similar technologies to enhance your browsing experience, security, analytics and customization. Select Manage cookies to make more choices or"
Bolivia,Inova Education,https://www.inovaeducation.com,,"1776739780, 1776739779, 1717067731",Cookies and third-party services This website uses cookies so that we can provide you with the best user experience possible. Cookie information is stored in your browser and performs functions
Bolivia,LAE,https://www.lae.com,moreinfo@lae.com,(805) 987-8274,"Logical Approach Engineering Contact Us Visit Us LAE specializes in embedded development. Incorporated in 1990, LAE excels in embedded applications requiring low power usage and connectivity. We provide the full"
Brazil,Studies Planet,https://www.studiesplanet.com,uk@studiesplanet.com,"447377 7309, 1779169522, 451-200 200, 1999999999, 451 200-200, 1765541700, 7-3932576226, 666.6666666666, +447377730967, 033 248 248, 248 248-111, 1765541696, 451 200 200, 7377730967, 451-200-200",Emailukstudiesplanet.com - Contact447377730967 Home Courses Universities Events Rankings Scholarships Blog Contact Us Book A Free Consultation Start your journey here All Course Types Undergraduate UTP University Transfer Program Associate Degree
Brazil,StudyCo,https://www.studyco.com,,"1747327020, 1747327039, 1779209396, 1779100749, 1779173472, 1747327037, 1747380373, 1747327010, 8799675460",Skip to content Facebook-f Twitter Our Offices Why Choose StudyCo About StudyCo Resources Book Online Appointment Study Destination Migration  Visa Services Education Consultant Immigration Consultant TRUSTED EDUCATION  MIGRATION
Brazil,Tie Break,https://www.tiebreak.com,,"210 9237777, 2147483647, 6.1232339957, 2302000000, 1780484861, 82.6666666667, 13.3333333333, 1780444800, 2.4492935982, 2147483645, 2147483646, 91.3333333333, 30.6666666667, 65.3333333333","World Cup 2026, Football Live Scores, Latest Football Results, EPL, LaLiga, Champions League SCORES NEWS WORLD CUP LOGIN FAVORITES FOOTBALL TENNIS BASKETBALL HOCKEY GOLF HANDBALL BASEBALL SNOOKER ALL LIVE ODDS"
British Virgin Islands,Beach Education LTD,https://www.beacheducation.com,"fiona@beacheducation.com, user@domain.com, hello@beacheducation.com","8.3333333333, 2714460467, 1.2761904761, 9592168125, 0.7433776217, 1.0299625468, 7715 286 144, 16406611251, 83.4981818181, 7036148989, 117.4329501915, 3301280612, 122.5142857142, 16.6666666666, 105.0000000000, 8436 125 106, 022 125 122, 0.5055350553, 748.9329685362, 14.1121128969, 0.6329004329, 41.6666666666, 120.4607789358, 2.7538726333","Select Accept all to agree to our use of cookies and similar technologies to enhance your browsing experience, security, analytics and customization. Select Manage cookies to make more choices or"
Bulgaria,Integral,https://www.integral.com,,"192 256 184, 260008077.1780, 9179010501, 128 544 138, 1026735368, 464 544 474, 576 480 540, 7496969728, 36696916912, 288 576 280, 384 448 391, 296 544 306","Skip to content Products Solutions About Get Demo Integral FX Modern trading workflow automation for institutional FX, CFD and precious metals. Liquidity Aggregation EMS Price Engine Distribution White Label Solutions"
Bulgaria,Stayline Sports,https://www.staylinesports.com,g.colome@staylinesports.com,,"STAYLINE SPORTS HOME ABOUT SERVICES WHY STAYLINE? JOIN OUR TEAM THE SPORTS AGENCY, THAT MAKES THE DIFFERENCE Stayline, follows the line of success, we are the agency for elite athletes"
Bulgaria,The Student World,https://www.thestudentworld.com,,,"EVENTS ABOUT US ENGLISH The Student World Ai The Artificial Intelligence made for those who want to study abroad. Want to study abroad, but you are tired of getting lost"
Cambodia,IDP UK aka IDP/ Hotcourses,https://www.idpuk.com,,"+1-303-893-0552, 1-303-893-0552","We value your privacy We use cookies to enhance your browsing experience, serve personalized ads or content, and analyze our traffic. By clicking Accept All, you consent to our use"
Cambodia,Springboard4Education,https://www.springboard4education.com,central@springboard4education.com,"1277.8104858, 810.0669108851, 826.5996187200, 819.5804986543, 1208.7941066, 292.3648699162, 1812020918, 185.9891780165, 1265.1996336, 1.3080975282, 819.7957162081, 367.1278068862, 327.7128812799, 833.8686266447, 364.5290505545, 810.3097899222, 829.1404378742, 810.6392754726, 291.9384531997, 74824-2171858",Home About SpringBoard GOTOSTUDY Abroad British Council IELTS Cambridge English Learn EnglishCUK Appointment Terms  Condition GoAbroad GoSpringBoard Our statistics 17 Amazing years 250 Beautiful partners 0 Fee 5 Top
Cambodia,StudyIn,https://www.studyin.com,info@univs.com,1780484544,Skip to content Institutes Programs Countries How It Works For Partners About Us Sign In Start Free PAGE NOT FOUND 404 The page you are looking for is not available.
Canada,Across the Pond,https://www.acrossthepond.com,user@domain.com,"2.3819444444, 7036148989, 4.1666666666, 168.3498542274, 33.3333333333, 1.0454545454, 119.9183673469, 110.0770767913, 1.1153846153, 37.6551724137, 28.2272727272, 1594661638, 2.3061224489, 1.5084745762, 38.2608695652, 194.2359550561","By clicking Accept, you agree to the storing of cookies on your device to enhance site navigation, analyze site usage, and assist in our marketing efforts. View our Privacy Policy"
Canada,ApplyBoard,https://www.applyboard.com,,"2147483647, 833 958 804, 1432718904, 1595992025, 1348078617, 1656994552, 829 829 842, 82.6666666667, 167 167 154, 2985984737, 2481764524, 2147483645, 2685733372, 2933276541, 333 958 304, 846 783 846, 833 171 804, 3128134379, 2147483646, 91.3333333333, 448 288 448, 30.6666666667, 771 138 800, 1780417547, 3670563033, 2512015367, 137 775 137, 3508454897, 3967842156, 1041095097, 3281949485, 783 846 800, 3921366393, 13.3333333333, 858 225 858, 817 846 804, 229 863 200, 2083580917, 167 829 196, 150 179 158, 1632949049, 65.3333333333, 583 958 554, 2699082514, 229 154 242, 0.0666666666, 150 212 150, 846 817 842, 767 842 750, 4261551600, 217 150 196, 2369186930, 3064412225, 842 767 846, 154 233 150, 179 150 196, 2417249464, 1222083472","Students Study Destinations Partners Register as a Student Log In Your Future Goes Beyond Borders Explore 1,500 global universities and colleges. Submit your best possible application with a 95 success"
Canada,Canada Law From Abroad,https://www.canadalawfromabroad.com,,75439065321,Skip to main content Your application Search About Us Key Information Law Degrees Preferred Law Schools Events  Webinars Scholarships Student Experience Blog Enquire READY TO STUDY LAW IN THE
Canada,StudyIn,https://www.studyin.com,info@univs.com,1780484544,Skip to content Institutes Programs Countries How It Works For Partners About Us Sign In Start Free PAGE NOT FOUND 404 The page you are looking for is not available.
Cayman Islands,Beach Education LTD,https://www.beacheducation.com,"fiona@beacheducation.com, user@domain.com, hello@beacheducation.com","8.3333333333, 2714460467, 1.2761904761, 9592168125, 0.7433776217, 1.0299625468, 7715 286 144, 16406611251, 83.4981818181, 7036148989, 117.4329501915, 3301280612, 122.5142857142, 16.6666666666, 105.0000000000, 8436 125 106, 022 125 122, 0.5055350553, 748.9329685362, 14.1121128969, 0.6329004329, 41.6666666666, 120.4607789358, 2.7538726333","Select Accept all to agree to our use of cookies and similar technologies to enhance your browsing experience, security, analytics and customization. Select Manage cookies to make more choices or"
Chile,Inova Education,https://www.inovaeducation.com,,"1776739779, 1717067731",Skip to main content ABOUT INOVA ABOUT INOVA HOW WE HELP MEET THE TEAM CAREERS AT INOVA CONTACT US STUDYING ABROAD STUDYING ABROAD STUDY IN THE UK STUDY IN HOLLAND
Chile,Studies Planet,https://www.studiesplanet.com,uk@studiesplanet.com,"447377 7309, 1779169522, 7-3648477850, 451-200 200, 1999999999, 451 200-200, 1765541700, 666.6666666666, +447377730967, 033 248 248, 248 248-111, 1765541696, 451 200 200, 7377730967, 451-200-200",Emailukstudiesplanet.com - Contact447377730967 Home Courses Universities Events Rankings Scholarships Blog Contact Us Book A Free Consultation Start your journey here All Course Types Undergraduate UTP University Transfer Program Associate Degree
China,Amber Education,https://www.ambereducation.com,,"+1-303-893-0552, 1-303-893-0552","We value your privacy We use cookies to enhance your browsing experience, serve personalized ads or content, and analyze our traffic. By clicking Accept All, you consent to our use"
China,AUG Student Services,https://www.augstudentservices.com,,"3005128376, 0731502245, 0408471582",Register Login Enquire Home Events Courses Institutions Careers Guide Study Student Services Scholarships About Us Contact 23 30th Anniversary - Event Highlights and Photo Stories 30th Anniversary Event Highlights and
China,Crizac,https://www.crizac.com,"info@crizac.com, compliance@crizac.com, info@ucol.co.uk","2231208816, 4215001867, 0392156863, 7530412057, 2796099819, 4287775999, 3665500218, 49324069496","About Us Investors Partner With Us Book An Appointment Contact Us LOGIN Your Gateway to Global Connection Solutions for Universities and Recruitment Partners With our experience, expertise and ability to"
China,EIC,https://www.eic.com,"escrow@k-v.com, email@domain.com",555-000-0000,"EIC.com EIC.com is for sale! 1,000,000 USD Buy with Escrow.com Buy at GoDaddy.com Buy at Sedo.com  OR  Contact Owner Thank you for visiting our domain sales page. Why"
China,Golden Arrow,https://www.goldenarrow.com,info@goldenarrow.com,"81-9444351490, 408-868-4400, 140283-4221","Skip to main content EN 中文 Main navigation SUSTAINABILITY SERVICES SHOWCASE RESOURCES CONTACT SEARCH Sustainable packaging for the future For the last 40 years, Golden Arrow has been committed to"
China,IDP UK aka IDP/ Hotcourses,https://www.idpuk.com,,"+1-303-893-0552, 1-303-893-0552","We value your privacy We use cookies to enhance your browsing experience, serve personalized ads or content, and analyze our traffic. By clicking Accept All, you consent to our use"
China,Index,https://index.com,,,"index.com is parked free, courtesy of GoDaddy.com. Get This Domain Related Searches index Copyright  1999-2026 GoDaddy, LLC. All rights reserved. Privacy Policy Disclaimer References to any specific company, product"
China,JM Education Group,https://www.jmeducationgroup.com,john@email.com,"+6017 268 2812, 88850535358, +60172682812, 6012 345 6789",Services Destinations Scholarships Events Visit Us Socials Enquire Looking to study abroad? Weve placed thousands of students in their dream overseas universities! Let us help you too! Lets Get Started!
China,Ray Education,https://www.rayeducation.com,,"+1-303-893-0552, 1-303-893-0552","We value your privacy We use cookies to enhance your browsing experience, serve personalized ads or content, and analyze our traffic. By clicking Accept All, you consent to our use"
China,StudyCo,https://www.studyco.com,,"1747327020, 1747327039, 1779209396, 1779100749, 1779173472, 1747327037, 1747380373, 1747327010, 8799675460",Skip to content Facebook-f Twitter Find Our Offices Why Choose StudyCo About StudyCo Resources Book Online Appointment Study Destination Student Services Migration  Visa Services Education Consultant Immigration Consultant Home
China,StudyIn,https://www.studyin.com,info@univs.com,1780484544,Skip to content Institutes Programs Countries How It Works For Partners About Us Sign In Start Free PAGE NOT FOUND 404 The page you are looking for is not available.
Colombia,Inova Education,https://www.inovaeducation.com,,"1776739780, 1776739779, 1717067731",Skip to main content ABOUT INOVA ABOUT INOVA HOW WE HELP MEET THE TEAM CAREERS AT INOVA CONTACT US STUDYING ABROAD STUDYING ABROAD STUDY IN THE UK STUDY IN HOLLAND
Colombia,MAS Education,https://www.maseducation.com,,"+1-303-893-0552, 1-303-893-0552","We value your privacy We use cookies to enhance your browsing experience, serve personalized ads or content, and analyze our traffic. By clicking Accept All, you consent to our use"
Colombia,Studies Planet,https://www.studiesplanet.com,uk@studiesplanet.com,"447377 7309, 1779169522, 451-200 200, 1999999999, 451 200-200, 1765541700, 666.6666666666, +447377730967, 033 248 248, 248 248-111, 1765541696, 451 200 200, 7377730967, 451-200-200",Correo electrónicoukstudiesplanet.com - Contacto447377730967 Hogar Cursos Universidades Eventos Clasificaciones Becas Blog Contáctanos Reserva Una Consulta Gratuita Comienza tu viaje aquí Todos los tipos de cursos De licenciatura UTP Programa de
Colombia,StudyIn,https://www.studyin.com,info@univs.com,1780484544,Skip to content Institutes Programs Countries How It Works For Partners About Us Sign In Start Free PAGE NOT FOUND 404 The page you are looking for is not available.
Colombia,The Broad Club,https://www.thebroadclub.com,,"1780478445, 833 958 804, 1780478461, 892 621 938, 979 500 979, 829 829 842, 704-6992203, 196 192 279, 721 108 808, 167 167 154, 1780478451, 938 279 896, 1776762198, 846 783 846, 833 171 804, 448 288 448, 633 975 500, 1780478444, 771 138 800, 1691538916, 1780478465, 279 933 379, 379 108 279, 500 938 379, 137 775 137, 808 808 725, 229 863 200, 783 846 800, 254 929 367, 933 500 933, 817 846 804, 858 225 858, 975 367 929, 746 163 837, 7496969728, 1776762206, 167 829 196, 150 179 158, 929 746 975, 1492457005, 583 958 554, 633 979 746, 229 154 242, 150 212 150, 846 817 842, 767 842 750, 217 150 196, 842 767 846, 621 892 725, 196 808 113, 154 233 150, 179 150 196, 933 838 837, 333 958 304","Ir al contenido Inicio Que hacemos Destinos Preguntas frecuentes Blog Servicios Exclusivos Estrategia Académica Real. Oportunidades Globales. No somos una agencia. Somos tu referente estratégico en educación internacional Consultoría honesta,"
Costa Rica,Inova Education,https://inovaeducation.com,,"1776739780, 1776739779, 1717067731",Skip to main content ABOUT INOVA ABOUT INOVA HOW WE HELP MEET THE TEAM CAREERS AT INOVA CONTACT US STUDYING ABROAD STUDYING ABROAD STUDY IN THE UK STUDY IN HOLLAND
Croatia,Integral,https://www.integral.com,,"192 256 184, 260008077.1780, 9179010501, 128 544 138, 1026735368, 464 544 474, 14330582864, 576 480 540, 7496969728, 288 576 280, 384 448 391, 296 544 306","Skip to content Products Solutions About Get Demo Integral FX Modern trading workflow automation for institutional FX, CFD and precious metals. Liquidity Aggregation EMS Price Engine Distribution White Label Solutions"
Cyprus,Atlas,https://www.atlas.com,,,ATLAS.COM The domain name ATLAS.COM is available for sale or other proposals. Contact through Grails for details A Strategic-Grade domain name delivers a level of value that other domain names
Cyprus,Educativa Group,https://www.educativagroup.com,administracion@educativagroup.com,"+51912558584, 3827.3008510, 71.5685455259, 16.4095400384, +51968794259, 968 794 259",INICIAR SESIÓN Un asesor personalizado está listo para ayudarte Pasaje Lima 104 968 794 259 Cargando... administracioneducativagroup.com POR QUÉ ELEGIRNOS Expertos en Capacitación Más de 10 años formando profesionales con
Cyprus,StudyIn,https://www.studyin.com,info@univs.com,1780484544,Skip to content Institutes Programs Countries How It Works For Partners About Us Sign In Start Free PAGE NOT FOUND 404 The page you are looking for is not available.
Czechia,Unilink,https://www.unilink.com,,"009 720 107, 982 384 261, 50.3906288146, 997 128 453, 448 288 448",About Meet the Team Products  Services Staff Platform - Custodial Management Self-Service U-Case - Offender Management U-Connect - Secure Communications VisitSense AI - Visits Intelligence AI Research Centre Who
Dominica,Beach Education LTD,https://www.beacheducation.com,"fiona@beacheducation.com, user@domain.com, hello@beacheducation.com","8.3333333333, 2714460467, 1.2761904761, 9592168125, 0.7433776217, 1.0299625468, 7715 286 144, 16406611251, 83.4981818181, 7036148989, 117.4329501915, 3301280612, 122.5142857142, 16.6666666666, 105.0000000000, 8436 125 106, 022 125 122, 0.5055350553, 748.9329685362, 14.1121128969, 0.6329004329, 41.6666666666, 120.4607789358, 2.7538726333","Select Accept all to agree to our use of cookies and similar technologies to enhance your browsing experience, security, analytics and customization. Select Manage cookies to make more choices or"
Dominican Republic,Inova Education,https://www.inovaeducation.com,,"1776739780, 1776739779, 1717067731",Skip to main content ABOUT INOVA ABOUT INOVA HOW WE HELP MEET THE TEAM CAREERS AT INOVA CONTACT US STUDYING ABROAD STUDYING ABROAD STUDY IN THE UK STUDY IN HOLLAND
Dominican Republic,LAE,https://www.lae.com,moreinfo@lae.com,(805) 987-8274,"Logical Approach Engineering Contact Us Visit Us LAE specializes in embedded development. Incorporated in 1990, LAE excels in embedded applications requiring low power usage and connectivity. We provide the full"
Ecuador,Inova Education,https://www.inovaeducation.com,,"1776739780, 1776739779, 1717067731",Cookies and third-party services This website uses cookies so that we can provide you with the best user experience possible. Cookie information is stored in your browser and performs functions
Ecuador,International Learning Center,https://www.internationallearningcenter.com,,"+1-303-893-0552, 1-303-893-0552","We value your privacy We use cookies to enhance your browsing experience, serve personalized ads or content, and analyze our traffic. By clicking Accept All, you consent to our use"
Egypt,AHZ Associates,https://www.ahzassociates.com,info@ahzassociates.co.uk,"17640434496, 17528207595, 17640644449, 1268368563, 4109123758, 48842654126, 137-111 248, 17640463565, 17542252215, 97634359830, 17640630571, 17528198490, 17528169923, 2264125279, 448 288 448, 17640472641, 1310225428, +442073779630, 17528373010, 17528347012, 67935883549, 4406879254, 17640618541, 17640400631, 17599520470, 3020080000",Study in the UK Universities Courses Pathway Global Offices Apply Now Free Consultation Loading... Location University Courses Events Get Advice Please select location London Birmingham Manchester Glasgow Liverpool Leeds Bristol
Egypt,Crizac,https://www.crizac.com,"info@crizac.com, compliance@crizac.com, info@ucol.co.uk","2231208816, 4215001867, 0392156863, 7530412057, 2796099819, 4287775999, 3665500218, 49324069496","About Us Investors Partner With Us Book An Appointment Contact Us LOGIN Your Gateway to Global Connection Solutions for Universities and Recruitment Partners With our experience, expertise and ability to"
Egypt,Education Basket,https://www.educationbasket.com,,,The content of the page cannot be displayed
Egypt,Emonovo,https://www.emonovo.com,,"1816185097, 2029396873, 2.1780485390, 9101837372, 572.6546637, 1707286976, 1780485392","Programs Articles Become a partner Careers Book a call العربية Login Book a call Book with a counsellor Apply for univesrity Achieve your dreams Emo was the 1st international student,"
Egypt,Global Study UK,https://www.globalstudyuk.com,,"829 829 842, 1780398498, 167 167 154, 1780410189, 292 187 292, 846 713 829, 846 783 846, 833 171 804, 1780485395, 783 288 800, 308 863 321, 692 858 704, 1845079461, 217 708 204, 815 119 130, 7496969728, 1780326369, 1762870935, 354 125 338, 229 154 242, 125 613 133, 154 292 171, 846 817 842, 217 150 196, 313 142 300, 179 150 196, 708 187 708, 333 958 304, 204 296 221, 1017989647, 771 138 800, 1780413064, 871 338 875, 150 179 158, 867 629 875, 129 663 125, 354 875 371, 150 212 150, 1780412102, 796 708 779, 646 875 663, 504 296 521, 1780414183, 1762870932, 125 325 129, 875 679 871, 133 375 125, 229 863 200, 783 846 800, 858 225 858, 471 708 454, 713 487 713, 167 829 196, 865 139 109, 1780401603, 1780326370, 583 958 554, 713 812 713, 767 842 750, 592 139 110, 154 233 150, 875 388 867, 833 958 804, 692 142 675, 288 817 288, 1780405922, 40984397351, 521 713 504, 171 704 154, 1780398563, 137 775 137, 817 846 804, 1780405204, 292 487 292, 842 767 846, 047 119 129, 833 296 850, 454 292 471","About Us Universities Services Open Services Contact Us Register Now Begin Your Adventure and Study in the UK Discover world-class education, vibrant culture, and endless opportunities as you take the"
Egypt,IDP UK aka IDP/ Hotcourses,https://www.idpuk.com,,"+1-303-893-0552, 1-303-893-0552","We value your privacy We use cookies to enhance your browsing experience, serve personalized ads or content, and analyze our traffic. By clicking Accept All, you consent to our use"
Egypt,StudyCo,https://www.studyco.com,,"1747327020, 1747327039, 1779209396, 1779100749, 1779173472, 1747327037, 1747380373, 1747327010, 8799675460",Skip to content Facebook-f Twitter Our Offices Why Choose StudyCo About StudyCo Resources Book Online Appointment Study Destination Migration  Visa Services Education Consultant Immigration Consultant TRUSTED EDUCATION  MIGRATION
Egypt,UniPal,https://www.unipal.com,,,"unipal.com is parked free, courtesy of GoDaddy.com. Get This Domain Copyright  1999-2026 GoDaddy, LLC. All rights reserved. Privacy Policy Disclaimer References to any specific company, product or services on"
Estonia,Baltic Council,https://www.balticcouncil.com,example@domain.com,66446191425,"Domain for sale BaLticCounciL.com Free transaction support Secure payments Spaceship reliability Listed with spaceship.com GET THIS DOMAIN Buy now 2,888 Make offer  Down payment 722 Lease to own 541.5"
France,Study Experience,https://www.studyexperience.com,,,Forbidden You dont have permission to access this resource.
France,WEP,https://www.wep.com,user@domain.com,"122.3241590214, 0.7641277641, 7036148989, 76.4127764127, 45.0099800399, 1.2232415902, 34.4021501343, 0.3440215013, 0.4732798931, 47.3279893119",Skip to Content Home Properties About Us News Store Welcome to the place where great people and great ideas come together like Voltron! WEP is a production and IP management
Georgia,English Book,https://www.englishbook.com,,"1812271804, 1053750561, 1731077789, 1264749811, 3025194257","Book reviews, summer reading lists and worksheets for kids  ESL English as a Second Language Read more The Tale of Despereaux Balck Stallion -Walter Farley Holes BFG Percy JacksonOlympians-The"
Ghana,AHZ Associates,https://www.ahzassociates.com,info@ahzassociates.co.uk,"17640434496, 17528207595, 17640644449, 1268368563, 4109123758, 48842654126, 137-111 248, 17640463565, 17542252215, 97634359830, 17640630571, 17528169923, 17528198490, 2264125279, 448 288 448, 17640472641, 1310225428, +442073779630, 1-2604231811, 17528373010, 17528347012, 67935883549, 4406879254, 17640618541, 17640400631, 17599520470, 3020080000",Study in the UK Universities Courses Pathway Global Offices Apply Now Free Consultation Loading... Location University Courses Events Get Advice Please select location London Birmingham Manchester Glasgow Liverpool Leeds Bristol
Ghana,ApplyBoard,https://www.applyboard.com,,"2147483647, 833 958 804, 1432718904, 1595992025, 1348078617, 1656994552, 829 829 842, 82.6666666667, 167 167 154, 2985984737, 2481764524, 2147483645, 2685733372, 2933276541, 333 958 304, 846 783 846, 833 171 804, 3128134379, 2147483646, 91.3333333333, 448 288 448, 30.6666666667, 771 138 800, 1780417547, 3670563033, 2512015367, 137 775 137, 3508454897, 3967842156, 1041095097, 3281949485, 783 846 800, 3921366393, 13.3333333333, 858 225 858, 817 846 804, 229 863 200, 2083580917, 167 829 196, 150 179 158, 1632949049, 65.3333333333, 583 958 554, 2699082514, 229 154 242, 0.0666666666, 150 212 150, 846 817 842, 767 842 750, 4261551600, 217 150 196, 2369186930, 3064412225, 842 767 846, 154 233 150, 179 150 196, 2417249464, 1222083472","Students Study Destinations Partners Register as a Student Log In Your Future Goes Beyond Borders Explore 1,500 global universities and colleges. Submit your best possible application with a 95 success"
Ghana,Crizac,https://www.crizac.com,"info@crizac.com, compliance@crizac.com, info@ucol.co.uk","2231208816, 4215001867, 0392156863, 7530412057, 2796099819, 4287775999, 3665500218, 49324069496","About Us Investors Partner With Us Book An Appointment Contact Us LOGIN Your Gateway to Global Connection Solutions for Universities and Recruitment Partners With our experience, expertise and ability to"
Ghana,IDP UK aka IDP/ Hotcourses,https://www.idpuk.com,,"+1-303-893-0552, 1-303-893-0552","We value your privacy We use cookies to enhance your browsing experience, serve personalized ads or content, and analyze our traffic. By clicking Accept All, you consent to our use"
Ghana,StudyIn,https://www.studyin.com,info@univs.com,1780484544,Skip to content Institutes Programs Countries How It Works For Partners About Us Sign In Start Free PAGE NOT FOUND 404 The page you are looking for is not available.
Greece,AECC Global,https://www.aeccglobal.com,name@example.com,"+63282932250, +84969934533, +62 8787847476, 39917829398, 1098315935, +8801322867741, 1586149945, +66 0829536151, 18005724422, +97715970315, +234 912 4497923, 37139616674, +94706125475, +61370200720, 4406879254, 8777935231",Advice Events Find us AECC Office Locations Directory Find AECC offices across India in the following regions AECC Offices in Australia AECC Offices in Bangladesh AECC Offices in India AECC
Grenada,Beach Education LTD,https://www.beacheducation.com,"fiona@beacheducation.com, user@domain.com, hello@beacheducation.com","8.3333333333, 2714460467, 1.2761904761, 9592168125, 0.7433776217, 1.0299625468, 7715 286 144, 16406611251, 83.4981818181, 7036148989, 117.4329501915, 3301280612, 122.5142857142, 16.6666666666, 105.0000000000, 8436 125 106, 022 125 122, 0.5055350553, 748.9329685362, 14.1121128969, 0.6329004329, 41.6666666666, 120.4607789358, 2.7538726333","Select Accept all to agree to our use of cookies and similar technologies to enhance your browsing experience, security, analytics and customization. Select Manage cookies to make more choices or"
Guatemala,Inova Education,https://www.inovaeducation.com,,"1776739780, 1776739779, 1717067731",Skip to main content ABOUT INOVA ABOUT INOVA HOW WE HELP MEET THE TEAM CAREERS AT INOVA CONTACT US STUDYING ABROAD STUDYING ABROAD STUDY IN THE UK STUDY IN HOLLAND
Honduras,Inova Education,https://www.inovaeducation.com,,"1776739780, 1776739779, 1717067731",Cookies and third-party services This website uses cookies so that we can provide you with the best user experience possible. Cookie information is stored in your browser and performs functions
Hong Kong,Amber Education,https://www.ambereducation.com,,"+1-303-893-0552, 1-303-893-0552","We value your privacy We use cookies to enhance your browsing experience, serve personalized ads or content, and analyze our traffic. By clicking Accept All, you consent to our use"
Hong Kong,AUG Student Services,https://www.augstudentservices.com,,"641558 936.5443, 0731502245, 413845 796.4902, 712206 816.7122, 77769 926.7491, 192715 945.4660, 9136741558, 193591 812.8223, 747962 925.3470, 394635 941.6031, 205474 928.3108, 29279 937.7408, 877674 935.2465, 889813 945.7669, 297758 944.5367, 586144 816.1171, 445787 796.1616, 884526 813.5505, 228864 922.4737, 8860107525, 338349 926.6509, 901546 939.3476, 1605742501, 232554 946.2858, 454668 805.9751, 783264 796.1616, 527406 940.1078, 777786 942.0253, 1654000531, 664272 813.2219, 905345 926.5422, 864994 813.2219, 960567 942.9408, 947929 927.0191, 707431 933.2978, 091055 940.8724, 286122 941.3472, 371393 938.9009, 937215 937.7999, 415781 947.3501, 003519 796.4991, 194823 933.7915, 833973 935.4820, 69052 934.5599, 801177 937.3411, 625255 941.6329, 674923 806.3125, 897794 920.8560, 878792 935.8381, 682278 936.3214, 632369 940.3823, 882145 928.4678, 193591 796.1527, 533845 943.8422, 126062 793.5861, 426869 927.6106, 324464 939.8864, 753629 945.1267, 712206 794.3055, 045391 919.0934, 7065 945.1495, 863226 919.0210, 444207 939.2184, 222003 813.5505, 674923 796.8987, 899516 933.1651, 50449 925.9325, 288132 942.5323, 504215 934.3140, 653199 920.1196, 588533 927.2067, 9246537252, 085249 813.5505, 993697 947.4841, 302642 933.3818, 11020304243, 0124 806.3125, 213122 796.4902, 265859 933.8401, 422726 813.5505, 17546726266, 655391 796.1527, 427182 936.0456, 705385 933.6156, 085249 796.8898, 884572 944.4941, 969084 944.5062, 961 815.4067, 3005128376, 857173 924.4355, 0408471582, 783264 805.5754, 840026 919.7936, 208072 934.1303, 391422 937.3089, 1780484980, 790811 941.4399, 992868 812.8223, 298008 933.0827, 372917 919.2745, 494424 926.4637, 126062 816.7122, 9229695643, 199694 922.2745, 104195 933.9487, 856114 796.1527, 992868 796.1527, 478121 934.2868, 884526 796.8898, 52583 930.2485, 902777 933.4611, 404132 929.3008, 623946 930.0131, 937215 938.7416, 53815 939.2615, 164662 928.3169, 010104 938.9025, 199694 923.2162",Register Login Enquire Home Events Courses Institutions Careers Guide Study Student Services Scholarships About Us Contact 23 30th Anniversary - Event Highlights and Photo Stories 30th Anniversary Event Highlights and
Hong Kong,Crizac,https://www.crizac.com,"info@crizac.com, compliance@crizac.com, info@ucol.co.uk","2231208816, 4215001867, 0392156863, 7530412057, 2796099819, 4287775999, 3665500218, 49324069496","About Us Investors Partner With Us Book An Appointment Contact Us LOGIN Your Gateway to Global Connection Solutions for Universities and Recruitment Partners With our experience, expertise and ability to"
Hong Kong,Education Tower,https://www.educationtower.com,,,Connection timed out Error code 522 Visit cloudflare.com for more information. 2026-06-03 111941 UTC You Browser Working Dhaka Cloudflare Working www.educationtower.com Host Error What happened? The initial connection between Cloudflares
Hong Kong,EIC,https://www.eic.com,"escrow@k-v.com, email@domain.com",555-000-0000,"EIC.com EIC.com is for sale! 1,000,000 USD Buy with Escrow.com Buy at GoDaddy.com Buy at Sedo.com  OR  Contact Owner Thank you for visiting our domain sales page. Why"
Hong Kong,Hkies,https://www.hkies.com,,"+1-303-893-0552, 5334824981, 1-303-893-0552","We value your privacy We use cookies to enhance your browsing experience, serve personalized ads or content, and analyze our traffic. By clicking Accept All, you consent to our use"
Hong Kong,IDP UK aka IDP/ Hotcourses,https://www.idpuk.com,,"+1-303-893-0552, 1-303-893-0552","We value your privacy We use cookies to enhance your browsing experience, serve personalized ads or content, and analyze our traffic. By clicking Accept All, you consent to our use"
Hong Kong,JM Education Group,https://www.jmeducationgroup.com,john@email.com,"2147483647, 6012 345 6789, +6017 268 2812, 88850535358, +60172682812",Services Destinations Scholarships Events Visit Us Socials Enquire Looking to study abroad? Weve placed thousands of students in their dream overseas universities! Let us help you too! Lets Get Started!
Hong Kong,StudyIn,https://www.studyin.com,info@univs.com,1780484544,Skip to content Institutes Programs Countries How It Works For Partners About Us Sign In Start Free PAGE NOT FOUND 404 The page you are looking for is not available.
Hungary,Baltic Council,https://www.balticcouncil.com,example@domain.com,66446191425,"Domain for sale BaLticCounciL.com Free transaction support Secure payments Spaceship reliability Listed with spaceship.com GET THIS DOMAIN Buy now 2,888 Make offer  Down payment 722 Lease to own 541.5"
India,Abroad Education Consultants,https://www.abroadeducationconsultants.com,,"2147483647, 161 177 188, 2147483646",DAFTAR DISINI LOGIN DISINI WA Resmi BANK Toto HK Prize  Live Draw HK Hari Ini  Live HK Pools  Result HK Menjadi penggemar permainan toto hk pasti membuat
India,AECC Global,https://www.aeccglobal.com,name@example.com,"+63282932250, +84969934533, +62 8787847476, 39917829398, 1098315935, +8801322867741, 1586149945, +66 0829536151, 18005724422, +97715970315, +234 912 4497923, 37139616674, +94706125475, +61370200720, 4406879254, 8777935231",Advice Events Find us AECC Office Locations Directory Find AECC offices across India in the following regions AECC Offices in Australia AECC Offices in Bangladesh AECC Offices in India AECC
India,AHZ Associates,https://www.ahzassociates.com,info@ahzassociates.co.uk,"17640434496, 17528207595, 17640644449, 1268368563, 4109123758, 48842654126, 137-111 248, 17640463565, 17542252215, 97634359830, 17640630571, 17528169923, 17528198490, 2264125279, 448 288 448, 17640472641, 1310225428, +442073779630, 1-2604231811, 17528373010, 17528347012, 67935883549, 4406879254, 17640618541, 17640400631, 17599520470, 3020080000",Study in the UK Universities Courses Pathway Global Offices Apply Now Free Consultation Loading... Location University Courses Events Get Advice Please select location London Birmingham Manchester Glasgow Liverpool Leeds Bristol
India,ApplyBoard,https://www.applyboard.com,,"2147483647, 833 958 804, 1432718904, 1595992025, 1348078617, 1656994552, 1780484735, 829 829 842, 82.6666666667, 167 167 154, 2985984737, 2481764524, 2147483645, 2685733372, 2933276541, 333 958 304, 846 783 846, 833 171 804, 3128134379, 2147483646, 91.3333333333, 229 863 200, 448 288 448, 30.6666666667, 771 138 800, 1780417547, 3670563033, 2512015367, 137 775 137, 3508454897, 3967842156, 1041095097, 3281949485, 9172961160, 3921366393, 13.3333333333, 858 225 858, 783 846 800, 817 846 804, 2083580917, 167 829 196, 150 179 158, 4406879254, 1632949049, 65.3333333333, 583 958 554, 2699082514, 1949140306, 0.0666666666, 150 212 150, 229 154 242, 846 817 842, 767 842 750, 4261551600, 217 150 196, 2369186930, 3064412225, 842 767 846, 154 233 150, 179 150 196, 2417249464, 1222083472","Students Study Destinations Partners Register as a Student Log In Your Future Goes Beyond Borders Explore 1,500 global universities and colleges. Submit your best possible application with a 95 success"
India,Edlogica,https://www.edlogica.com,hello@edlogica.com,"7003019257, 3330742486, +234 916 638 1923, 50519040134, 1227945197, 95362891311, +97 158 961 4654, 8488467628, 4439977144, 2323434324, 20226882513, 7867836309, 49345266810, 66322768112, 1460400279, +234 916 638 1934, 3191013716, 1025241472, +44 203 930 9666","Deprecated Using expr variable variables in strings is deprecated, use expr instead in home3edlogic1public_htmlapplicationcoreMY_Lang.php on line 103 A PHP Error was encountered Severity Warning Message ini_set Session ini settings cannot"
India,Education Matters,https://www.educationmatters.com,interested@domainmarket.com,"1.1780485657, (888) 694-6735, 192 640 239, 1457330924, 038-1191799, 669000379.1780, 9118607669, 888-694-6735, 11194840153, 9138345851, 352 512 411, +18886946735",Need help? 888 694-6735 Email PREMIUM DOMAIN AVAILABLE EducationMatters.com This premium domain is available for purchase from DomainMarket.com 7 people have recently viewed this domain Request Price Talk to a
India,Edwise,https://edwise.co.in,,,"edwise.co.in is parked free, courtesy of GoDaddy.com. Get This Domain Copyright  1999-2026 GoDaddy, LLC. All rights reserved. Privacy Policy Disclaimer References to any specific company, product or services on"
India,Fateh Education,https://www.fateheducation.com,info@fateheducation.com,"1050261068, 1740577173, 1754890478, 1771934558, 1771934557, 1754890501, 8863802395, 564265685.1780, 1754890495, 4406879254, 1778680476","Skip to content HOME WHY FATEH OUR SERVICES IELTSPTE GET IN TOUCH MEMORIES BLOGS Image Slide 2 Guess where our CEO is from, its IIM-Calcutta! GET IN TOUCH Image Slide"
India,Global Degrees,https://www.globaldegrees.in,info@globaldegrees.in,"248 248 248, 859106 340.4504, 829 829 842, 781068 182.9186, 196 192 279, 721 108 808, 167 167 154, 7071 493.0118, 1911237274, 292 187 292, 7247176621, 846 713 829, 418749 316.5887, 846 783 846, 833 171 804, 783 288 800, 448 288 448, 308 863 321, 2147483001, 692 858 704, 808 808 725, 217 708 204, 933 500 933, 975 367 929, 746 163 837, 577055 285.3311, 63837 386.7113, 01641661399, 354 125 338, 229 154 242, 125 613 133, 154 292 171, 846 817 842, 217 150 196, 621 892 725, 682963 180.3791, 313 142 300, 179 150 196, 154535 508.6600, 708 187 708, 7036373839, 333 958 304, 811168 259.2531, 659552 337.2888, 074268 300.1806, 892 621 938, 204 296 221, 960555 218.4326, 2150930946, 979 500 979, 050856 158.9788, 783298 468.9409, 305037 379.5786, 811168 508.6600, 0.0018038939, +91-9505902476, 506821 259.5162, 510165 193.6210, 67236.249.9805, 568136 205.8350, 549184 215.5229, 494558 200.7559, 771 138 800, 11184298865, 83458 202.1494, 1-2604231811, 2151696414, 782183 373.4649, 871 338 875, 150 179 158, 929 746 975, 867 629 875, 129 663 125, 089875 259.2531, 354 875 371, 150 212 150, 186378 259.2531, 682963 164.0023, 690767 219.6076, 796 708 779, 824546 210.6109, 097679 213.6678, 089875 176.9989, 646 875 663, 504 296 521, 933 838 837, 89198320341, 783298 143.6277, 636141 329.4604, 253755 159.4872, 025215 374.8740, 05866 220.4705, 898125 221.1371, 125 325 129, 186378 468.9409, 180176 187.3802, 938 279 896, 875 679 871, 137-111 248, 02856 290.4772, 111057 266.9855, 133 375 125, 869139 236.1606, 184 184-184, 09322 137.5786, 186865 381.6165, 379 108 279, 2147483000, 870254 331.6856, 500 938 379, 229 863 200, 783 846 800, 858 225 858, 471 708 454, 321759 162.5396, 713 487 713, 167 829 196, 4406879254, 583 958 554, 713 812 713, 633 979 746, 767 842 750, 399797 385.1840, 1780485719, 154 233 150, 875 388 867, 477835 205.2687, 796676 320.8986, 833 958 804, 598236 201.8350, 44439 137.5786, 662896 396.9967, 0012000001, 692 142 675, 612729 304.9186, 288 817 288, 847958 205.7169, 521 713 504, 633 975 500, 2147482999, 279 933 379, 171 704 154, 137 775 137, 288 128 339, 66669 682.6666, 254 929 367, 817 846 804, 948292 204.5842, 9639 376.5218, 9137387278, 128 128 128, 292 487 292, 313956 143.8863, 9198320341, 842 767 846, 196 808 113, 833 296 850, 454 292 471",Skip to content Mon - Sat 1000 - 1830 Call 91 70 36 37 38 39 Hyderabad  91-9505902476 Vijayawada Global Degrees About Us Our Services Our Branches Destination Blogs
India,Graduate Overseas,https://www.graduateoverseas.in,,,"Related Searches graduate overseas Copyright  1999-2026 GoDaddy, LLC. All rights reserved. Privacy Policy Disclaimer References to any specific company, product or services on this Site are not controlled by"
India,IDP UK aka IDP/ Hotcourses,https://www.idpuk.com,,"+1-303-893-0552, 1-303-893-0552","We value your privacy We use cookies to enhance your browsing experience, serve personalized ads or content, and analyze our traffic. By clicking Accept All, you consent to our use"
India,Infinite Group,https://www.infinitegroup.com,,"20253171216, 13495152346, 1523377848","The Infinite Group of Companies Infinite Group was formed in 2003 and since then, the company has expanded rapidly and diversified to create The primary purpose of Infinite Entertainment IE"
India,IPC,https://www.ipc.com,,"1779476498, 1779476499",
India,KC Overseas Education,https://kcoverseaseducation.com,,"21295264843, 6043567499, 6089651394, 74068.3054525, 1486751732, 66318998072, 14597343167, 68473338189, 6500380423, 48479656839, 5549714625, 3711792398, 3559120425, 5025722469, 2446478759, 84513860089, 8152913716, 29804749163, 62310003330","kcoverseaseducation.com is parked free, courtesy of GoDaddy.com. Get This Domain Related Search Topics Kc Overseas Education Course Finder Kc Overseas Education Login Portal Kc Overseas Education Private Limited Kc Overseas"
India,LEO Global Overseas,https://www.leoglobaloverseas.com,info@leoglobaloverseas.com,"1738668994, +91 8749922299, +91 8749911199, +447888812233, 7750065785, 9484653638, +44 7888812233, +91 8749955599, 02035040519, 7142465573, +91 8749933399, 4406879254, +91 851 993 3399, 34635699156",X University Partners Application Process Testimonials FAQs News  Updates Blogs Register Now Home Company Services Study Abroad Training Our Events REALISE YOUR STUDY ABROAD DREAMS WITH US Book Your
India,Leverage EDU,https://www.leverageedu.com,"press@leverageedu.com, hello@leverageedu.com","7499207032, 1-2604231811, 8831305458, 1800572000, 8245427192, 1590845967, 57095674365, 39124444344, 9174519010, 3561422932, 605903467.1780, 1800-572-000, 4406879254, 5523840374","STUDY GLOBAL  WORK GLOBAL  LEARN ONLINE  STUDY LOCAL  LE AI  ABOUT Global Careers for Global Citizens ADMISSIONS, FINANCING, HOUSING  CAREER OUTCOMES TALK TO YOUR"
India,Shiksha,https://www.shiksha.com,,217.1780485772,Access Denied You dont have permission to access httpwww.shiksha.com on this server. Reference 18.c74bd217.1780485772.187076e5 httpserrors.edgesuite.net18.c74bd217.1780485772.187076e5
India,StudyIn,https://www.studyin.com,info@univs.com,1780484544,Skip to content Institutes Programs Countries How It Works For Partners About Us Sign In Start Free PAGE NOT FOUND 404 The page you are looking for is not available.
India,UnizPortal,https://www.unizportal.com,info@unizportal.com,"1.3846153847, 1.0769230769, 2.6153846154, 8333350694",Home UnizHome About Us PastFuture Events Whats New Contact Register Login A Virtual Gateway to your most Coveted Universities Abroad Our motto is to make pre-requisite information about premium universities
Indonesia,AECC Global,https://www.aeccglobal.com,name@example.com,"+63282932250, +84969934533, 22707092155, +62 8787847476, 39917829398, 1098315935, +8801322867741, 1586149945, +66 0829536151, 18005724422, +97715970315, +234 912 4497923, 37139616674, +94706125475, +61370200720, 4406879254, 8777935231",Advice Events Find us AECC Office Locations Directory Find AECC offices across India in the following regions AECC Offices in Australia AECC Offices in Bangladesh AECC Offices in India AECC
Indonesia,AUG Student Services,https://www.augstudentservices.com,,"641558 936.5443, 0731502245, 413845 796.4902, 712206 816.7122, 77769 926.7491, 192715 945.4660, 9136741558, 193591 812.8223, 747962 925.3470, 394635 941.6031, 205474 928.3108, 29279 937.7408, 877674 935.2465, 889813 945.7669, 297758 944.5367, 586144 816.1171, 445787 796.1616, 884526 813.5505, 228864 922.4737, 8860107525, 338349 926.6509, 901546 939.3476, 1605742501, 232554 946.2858, 454668 805.9751, 783264 796.1616, 527406 940.1078, 777786 942.0253, 1654000531, 664272 813.2219, 905345 926.5422, 864994 813.2219, 960567 942.9408, 947929 927.0191, 707431 933.2978, 091055 940.8724, 286122 941.3472, 371393 938.9009, 937215 937.7999, 415781 947.3501, 003519 796.4991, 194823 933.7915, 833973 935.4820, 69052 934.5599, 801177 937.3411, 625255 941.6329, 674923 806.3125, 897794 920.8560, 878792 935.8381, 682278 936.3214, 632369 940.3823, 882145 928.4678, 193591 796.1527, 533845 943.8422, 126062 793.5861, 426869 927.6106, 324464 939.8864, 753629 945.1267, 712206 794.3055, 045391 919.0934, 7065 945.1495, 863226 919.0210, 444207 939.2184, 222003 813.5505, 674923 796.8987, 899516 933.1651, 50449 925.9325, 288132 942.5323, 504215 934.3140, 653199 920.1196, 588533 927.2067, 9246537252, 085249 813.5505, 993697 947.4841, 302642 933.3818, 11020304243, 0124 806.3125, 213122 796.4902, 265859 933.8401, 422726 813.5505, 17546726266, 655391 796.1527, 427182 936.0456, 705385 933.6156, 085249 796.8898, 884572 944.4941, 969084 944.5062, 961 815.4067, 3005128376, 857173 924.4355, 0408471582, 783264 805.5754, 840026 919.7936, 208072 934.1303, 391422 937.3089, 1780484980, 790811 941.4399, 992868 812.8223, 298008 933.0827, 372917 919.2745, 494424 926.4637, 126062 816.7122, 9229695643, 199694 922.2745, 104195 933.9487, 856114 796.1527, 992868 796.1527, 478121 934.2868, 884526 796.8898, 52583 930.2485, 902777 933.4611, 404132 929.3008, 623946 930.0131, 937215 938.7416, 53815 939.2615, 164662 928.3169, 010104 938.9025, 199694 923.2162",Register Login Enquire Home Events Courses Institutions Careers Guide Study Student Services Scholarships About Us Contact 23 30th Anniversary - Event Highlights and Photo Stories 30th Anniversary Event Highlights and
Indonesia,Crizac,https://www.crizac.com,"info@crizac.com, compliance@crizac.com, info@ucol.co.uk","2231208816, 4215001867, 0392156863, 7530412057, 2796099819, 4287775999, 3665500218, 49324069496","About Us Investors Partner With Us Book An Appointment Contact Us LOGIN Your Gateway to Global Connection Solutions for Universities and Recruitment Partners With our experience, expertise and ability to"
Indonesia,Elsindo Consulting,https://www.elsindoconsulting.com,"dd0a55ccb8124b9c9d938e3acf41f8aa@sentry.wixpress.com, 8eb368c655b84e029ed79ad7a5c1718e@sentry.wixpress.com, 9a65e97ebe8141fca0c4fd686f70996b@sentry.wixpress.com, 8c4075d5481d476e945486754f783364@sentry.io, 605a7baede844d278b89dc95ae0a9123@sentry-next.wixpress.com, 460ff4620fa44cba8df530afde949785@sentry.wixpress.com, 2062d0a4929b45348643784b5cb39c36@sentry.wixpress.com, ed436f5053144538958ad06a5005e99a@sentry.wixpress.com, 1eeb89147c984dc6bc3ffafd9e6cd089@sentry.wixpress.com, c183baa23371454f99f417f6616b724d@sentry.wixpress.com, 271e9fa3230b4eec94b02bf95780f5f2@sentry.wixpress.com","3.3099999427, 6.9899997711, 4.9899997711, 3.9900000095, 3391-9791905, 106.7525179, 309-7865384, 1874848516, 5695418651, 1.9900000095, 40258639014, 08128158972, 2545352419, 9460-0814554, 14.9899997711, 4406879254, 1780293089, 2.9900000095, 12.4399995803, 9.9899997711, 5.9899997711, 941757-2715, 45348643784",Lompat ke Konten Utama ELSINDO CONSULTING INTERNATIONAL EDUCATION  TRAINING HOME ABOUT US SERVICES EVENT Free Consultation Elsindo Consulting provides free consultations regarding study abroad in the countries it represents.
Indonesia,IDP UK aka IDP/ Hotcourses,https://www.idpuk.com,,"+1-303-893-0552, 1-303-893-0552","We value your privacy We use cookies to enhance your browsing experience, serve personalized ads or content, and analyze our traffic. By clicking Accept All, you consent to our use"
Indonesia,StudyCo,https://www.studyco.com,,"1747327020, 1747327039, 1779209396, 1779100749, 1779173472, 1747327037, 1747380373, 1747327010, 8799675460",Skip to content Facebook-f Twitter Our Offices Why Choose StudyCo About StudyCo Resources Book Online Appointment Study Destination Migration  Visa Services Education Consultant Immigration Consultant TRUSTED EDUCATION  MIGRATION
Indonesia,StudyIn,https://www.studyin.com,info@univs.com,1780484544,Skip to content Institutes Programs Countries How It Works For Partners About Us Sign In Start Free PAGE NOT FOUND 404 The page you are looking for is not available.
Indonesia,Sun Education Group,https://www.suneducationgroup.com,info@suneducationgroup.com,"+62 8213334353, 1123214747, +6282133343536, 1780485828, 11292351217, 9125501780, 8813358004, 128 160 304, 85214633198",SUN E-Guidebook News  Article Careers  Login About Us Study Destination Events SUN English Student Essentials Contact Us Free Consultation Start your journey with SUN Education Group Enquire Now
Iran,IDP UK aka IDP/ Hotcourses,https://www.idpuk.com,,"+1-303-893-0552, 1-303-893-0552","We value your privacy We use cookies to enhance your browsing experience, serve personalized ads or content, and analyze our traffic. By clicking Accept All, you consent to our use"
Iran,Studies Planet,https://www.studiesplanet.com,uk@studiesplanet.com,"447377 7309, 1779169522, 451-200 200, 1999999999, 7-2945983656, 451 200-200, 1765541700, 666.6666666666, +447377730967, 033 248 248, 248 248-111, 1765541696, 451 200 200, 7377730967, 451-200-200",Emailukstudiesplanet.com - Contact447377730967 Home Courses Universities Events Rankings Scholarships Blog Contact Us Book A Free Consultation Start your journey here All Course Types Undergraduate UTP University Transfer Program Associate Degree
Iran,StudyIn,https://www.studyin.com,info@univs.com,1780484544,Skip to content Institutes Programs Countries How It Works For Partners About Us Sign In Start Free PAGE NOT FOUND 404 The page you are looking for is not available.
Iraq,IGEC,https://www.igec.com,,,"The domain name IGEC.COM is for sale Price US115000 Get On The Web Limited some years ago registered for its websites, portals and projects a number of generic domain names"
Italy,Tutor You,https://www.tutoryou.com,contact@tutoryou.com,"1384.307 5302, 44.9475364685, 3.8146972656, 4351616137, (753.367 5291, 1.1541595458, (764.016 5291, 1119.667 6023, 34.5762672424, 12.1033172607, 10280740969, 11.5254287719, 1119.667 6017, +39 340 273 5552, 11.8143682479, 45.5246200561, 1373.658 5302, 33.9983749389, 46.1016998291, 0.5770741701, 34.2873268127, 1779332986","TutorYou About TutorYou Services Help  Support English Italiano TutorYou STUDENTS HELPING STUDENTS TutorYou offers Private Tutoring and Expert Consulting for the International Baccalaureate, IGCSEs, MYP, SAT, Bocconi Test, University"
Italy,WEP,https://www.wep.com,user@domain.com,"122.3241590214, 0.7641277641, 7036148989, 76.4127764127, 45.0099800399, 1.2232415902, 34.4021501343, 0.3440215013, 0.4732798931, 47.3279893119",Skip to Content Home Properties About Us News Store Welcome to the place where great people and great ideas come together like Voltron! WEP is a production and IP management
Japan,StudyIn,https://www.studyin.com,info@univs.com,1780484544,Skip to content Institutes Programs Countries How It Works For Partners About Us Sign In Start Free PAGE NOT FOUND 404 The page you are looking for is not available.
Jordan,Elite International Education,https://www.eliteinternationaleducation.com,info@eliteinternationaleducation.com,,"HAKKIMIZDA HİZMETLERİMİZ NASIL KABUL ALINIR? OKUL ARAŞTIRMASI İLETİŞİM DAHA FAZLA Elit Amerikan Üniversitelerine Giriş için Neler Gerekli Lorem ipsum dolor sit amet, consectetur adipisicing elit. Asperiores ea placeat rerum... DAHA"
Jordan,IDP UK aka IDP/ Hotcourses,https://www.idpuk.com,,"+1-303-893-0552, 1-303-893-0552","We value your privacy We use cookies to enhance your browsing experience, serve personalized ads or content, and analyze our traffic. By clicking Accept All, you consent to our use"
Jordan,IGEC,https://www.igec.com,,,"The domain name IGEC.COM is for sale Price US115000 Get On The Web Limited some years ago registered for its websites, portals and projects a number of generic domain names"
Jordan,StudyCo,https://www.studyco.com,,"1747327020, 1747327039, 1779209396, 1779100749, 1779173472, 1747327037, 1747380373, 1747327010, 8799675460",Skip to content Facebook-f Twitter Our Offices Why Choose StudyCo About StudyCo Resources Book Online Appointment Study Destination Migration  Visa Services Education Consultant Immigration Consultant TRUSTED EDUCATION  MIGRATION
Kazakhstan,StudyIn,https://www.studyin.com,info@univs.com,1780484544,Skip to content Institutes Programs Countries How It Works For Partners About Us Sign In Start Free PAGE NOT FOUND 404 The page you are looking for is not available.
Kenya,Crizac,https://www.crizac.com,"info@crizac.com, compliance@crizac.com, info@ucol.co.uk","2231208816, 4215001867, 0392156863, 7530412057, 2796099819, 4287775999, 3665500218, 49324069496","About Us Investors Partner With Us Book An Appointment Contact Us LOGIN Your Gateway to Global Connection Solutions for Universities and Recruitment Partners With our experience, expertise and ability to"
Kenya,IDP UK aka IDP/ Hotcourses,https://www.idpuk.com,,"+1-303-893-0552, 1-303-893-0552","We value your privacy We use cookies to enhance your browsing experience, serve personalized ads or content, and analyze our traffic. By clicking Accept All, you consent to our use"
Kenya,StudyIn,https://www.studyin.com,info@univs.com,1780484544,Skip to content Institutes Programs Countries How It Works For Partners About Us Sign In Start Free PAGE NOT FOUND 404 The page you are looking for is not available.
Kenya,UNISERV,https://www.uniserv.com,info@uniserv.com,"1779446805, 1780474421, 7231 936 1000, +4972319361000, 1770291307, 1778581767","Unternehmen Karriere Support Newsletter Kontakt Lösungen Consulting Software Kunden Wissen Perfekte Kundendaten für Ihren Erfolg Customer Data Experts Erleben Sie, wie erstklassige Kundendaten Ihre Prozesse revolutionieren. Ob Datenqualität, Master Data"
Kosovo,StudyIn,https://www.studyin.com,info@univs.com,1780484544,Skip to content Institutes Programs Countries How It Works For Partners About Us Sign In Start Free PAGE NOT FOUND 404 The page you are looking for is not available.
Kuwait,Acceptix,https://www.acceptix.com,,"42.8571428571, 245 245 245, 224 225 238, 229 229 229, 229 231 235, 223 223 223, 107 114 128, 230 230 230, 210 212 235, 224 224 224, 104 104 104, 255 248 246, 133 143 255, 209 213 219, 204 204 204, 239 239 239, 99999999999, 235 237 255, 102 102 102, 248 113 113, 108 117 125, 252 220 212, 241 241 241, 235 237 245, 206 212 218, 140 140 140, 117 117 117, 100 100 100, 218 218 218, 249 249 249, 237 234 248, 254 202 202, 249 250 251, 255 247 237, 254 242 242, 243 244 246, 9999999999, 240 240 240, 153 153 153, 254 237 233, 213 213 213, 247 244 255, 222 213 255, 179 179 179, 217 217 217, 247 247 252, 255 255 255, 254 227 208, 242 242 242, 211 243 223, 223 239 249, 255 212 196, 232 233 245, 156 163 175","Explore Why Acceptix Training  Development English Acceptix Opens Doors to Your International Academic Journey From applications to accommodations, Acceptix is your trusted academic partner. Universities English Courses Search Founded"
Kuwait,AHZ Associates,https://www.ahzassociates.com,info@ahzassociates.co.uk,"17640434496, 17528207595, 17640644449, 1268368563, 4109123758, 48842654126, 137-111 248, 17640463565, 17542252215, 97634359830, 17640630571, 17528169923, 17528198490, 2264125279, 448 288 448, 17640472641, 1310225428, +442073779630, 17528373010, 17528347012, 67935883549, 4406879254, 17640618541, 17640400631, 17599520470, 3020080000",Study in the UK Universities Courses Pathway Global Offices Apply Now Free Consultation Loading... Location University Courses Events Get Advice Please select location London Birmingham Manchester Glasgow Liverpool Leeds Bristol
Kuwait,Alshamlan Edu,https://www.alshamlanedu.com,your@email.com,,Login Login  Developed by IDigital Kuwait Company
Kuwait,Easy Apply,https://www.easyapply.com,jobs@company.com,"207 250 254, 229 231 235, 220 252 231, 255 255 255, 107 114 128, 190 242 100, 244 114 182, 255 237 213, 252 231 243, 204 251 241, 209 213 219, 243 244 246, 249 250 251",EASYAPPLY . Features Pricing Resources HIRE FASTER  HIRE BETTER  HIRE NOW  STOP THE SPREADSHEETS  EASYAPPLY  HIRE FASTER  HIRE BETTER  HIRE NOW  STOP
Kuwait,IDP UK aka IDP/ Hotcourses,https://www.idpuk.com,,"+1-303-893-0552, 1-303-893-0552","We value your privacy We use cookies to enhance your browsing experience, serve personalized ads or content, and analyze our traffic. By clicking Accept All, you consent to our use"
Kuwait,MEC Study Group,https://www.mecstudygroup.com,admissions@mecstudygroup.com,"1778079217, 0573544272, +9660536249609, +96551067487, 3527.0768663, 1778079289, +9660573544272, +96555305115, 965-5027250, +96598700181, +96550272509, +96551257991, 0505129056, 39.2134374999, 21.5594374999, 0506446327, 96550272509, 255 255 255, +9660505129056, +966-0536249609, +9660506446327, 1778079188",Skip to content Where We Operate Courses Scholarships Universities About MECstudygroup Student Essentials Blog Apply Now  Where We Operate Courses Scholarships Universities About MECstudygroup Student Essentials Blog Apply Now
Kuwait,StudyCo,https://www.studyco.com,,"1747327020, 1747327039, 1779209396, 1779100749, 1779173472, 1747327037, 1747380373, 1747327010, 8799675460",Skip to content Facebook-f Twitter Our Offices Why Choose StudyCo About StudyCo Resources Book Online Appointment Study Destination Migration  Visa Services Education Consultant Immigration Consultant TRUSTED EDUCATION  MIGRATION
Laos,StudyIn,https://www.studyin.com,info@univs.com,1780484544,Skip to content Institutes Programs Countries How It Works For Partners About Us Sign In Start Free PAGE NOT FOUND 404 The page you are looking for is not available.
Latvia,Baltic Council,https://www.balticcouncil.com,example@domain.com,66446191425,"Domain for sale BaLticCounciL.com Free transaction support Secure payments Spaceship reliability Listed with spaceship.com GET THIS DOMAIN Buy now 2,888 Make offer  Down payment 722 Lease to own 541.5"
Lebanon,Education Basket,https://www.educationbasket.com,,,The content of the page cannot be displayed
Lebanon,EduKate Hub,https://www.edukatehub.com,,"7384587463, 3337353315, 53759619178, 1929441316, 6303423581, 3690330148, 7184801857, 3956982020, 68182568813, 96832292536, 59108863936, 0881595900, 91719338463","edukatehub.com is parked free, courtesy of GoDaddy.com. Get This Domain Related Search Topics Edu Kate Hub Student Edu Kate Hub App Edu Kate Hub Teacher Edu Kate Hub Download Edu"
Lebanon,Global Study UK,https://www.globalstudyuk.com,,"833 958 804, 204 296 221, 1762870932, 829 829 842, 125 325 129, 1780398498, 167 167 154, 692 142 675, 1780410189, 292 187 292, 875 679 871, 846 713 829, 288 817 288, 846 783 846, 833 171 804, 1780405922, 1017989647, 1780485395, 133 375 125, 783 288 800, 521 713 504, 771 138 800, 708 187 708, 308 863 321, 171 704 154, 1780398563, 692 858 704, 1780413064, 1845079461, 229 863 200, 783 846 800, 137 775 137, 217 708 204, 817 846 804, 858 225 858, 815 119 130, 471 708 454, 1780326369, 871 338 875, 713 487 713, 1762870935, 167 829 196, 150 179 158, 865 139 109, 867 629 875, 129 663 125, 1780401603, 583 958 554, 713 812 713, 354 125 338, 229 154 242, 150 212 150, 125 613 133, 154 292 171, 354 875 371, 846 817 842, 767 842 750, 292 487 292, 1780412102, 796 708 779, 1780405204, 217 150 196, 842 767 846, 646 875 663, 313 142 300, 504 296 521, 154 233 150, 1780414183, 592 139 110, 047 119 129, 179 150 196, 833 296 850, 454 292 471, 875 388 867, 333 958 304","About Us Universities Services Open Services Contact Us Register Now Begin Your Adventure and Study in the UK Discover world-class education, vibrant culture, and endless opportunities as you take the"
Lebanon,IDP UK aka IDP/ Hotcourses,https://www.idpuk.com,,"+1-303-893-0552, 1-303-893-0552","We value your privacy We use cookies to enhance your browsing experience, serve personalized ads or content, and analyze our traffic. By clicking Accept All, you consent to our use"
Lebanon,StudyCo,https://www.studyco.com,,"1747327020, 1747327039, 1779209396, 1779100749, 1779173472, 1747327037, 1747380373, 1747327010, 8799675460",Skip to content Facebook-f Twitter Our Offices Why Choose StudyCo About StudyCo Resources Book Online Appointment Study Destination Migration  Visa Services Education Consultant Immigration Consultant TRUSTED EDUCATION  MIGRATION
Libya,StudyCo,https://www.studyco.com,,"1747327020, 1747327039, 1779209396, 1779100749, 1779173472, 1747327037, 1747380373, 1747327010, 8799675460",Skip to content Facebook-f Twitter Find Our Offices Why Choose StudyCo About StudyCo Resources Book Online Appointment Study Destination Student Services Migration  Visa Services Education Consultant Immigration Consultant Home
Lithuania,Baltic Council,https://www.balticcouncil.com,example@domain.com,66446191425,"Domain for sale BaLticCounciL.com Free transaction support Secure payments Spaceship reliability Listed with spaceship.com GET THIS DOMAIN Buy now 2,888 Make offer  Down payment 722 Lease to own 541.5"
Macao,Vermilion Group Ltd,https://www.vermiliongroup.com,,"507-6087067, +1 763 287 3373, 98660870671","About Us Investment Approach Team Portfolio Contact Us An impact focused investor Vermilion Group Vermilion is the Mortenson familys approach to long term impact.  Culture, reputation, and the team"
Malaysia,AECC Global,https://www.aeccglobal.com,name@example.com,"+63282932250, +84969934533, +62 8787847476, 39917829398, 1098315935, +8801322867741, 1586149945, +66 0829536151, 18005724422, +97715970315, +234 912 4497923, 37139616674, +94706125475, +61370200720, 4406879254, 8777935231",Advice Events Find us AECC Office Locations Directory Find AECC offices across India in the following regions AECC Offices in Australia AECC Offices in Bangladesh AECC Offices in India AECC
Malaysia,AUG Student Services,https://www.augstudentservices.com,,"641558 936.5443, 0731502245, 413845 796.4902, 712206 816.7122, 77769 926.7491, 192715 945.4660, 9136741558, 193591 812.8223, 747962 925.3470, 394635 941.6031, 205474 928.3108, 29279 937.7408, 877674 935.2465, 889813 945.7669, 297758 944.5367, 586144 816.1171, 445787 796.1616, 884526 813.5505, 228864 922.4737, 8860107525, 338349 926.6509, 901546 939.3476, 1605742501, 232554 946.2858, 454668 805.9751, 783264 796.1616, 527406 940.1078, 777786 942.0253, 1654000531, 664272 813.2219, 905345 926.5422, 864994 813.2219, 960567 942.9408, 947929 927.0191, 707431 933.2978, 091055 940.8724, 286122 941.3472, 371393 938.9009, 937215 937.7999, 415781 947.3501, 003519 796.4991, 194823 933.7915, 833973 935.4820, 69052 934.5599, 801177 937.3411, 625255 941.6329, 674923 806.3125, 897794 920.8560, 878792 935.8381, 682278 936.3214, 632369 940.3823, 882145 928.4678, 193591 796.1527, 533845 943.8422, 126062 793.5861, 426869 927.6106, 324464 939.8864, 753629 945.1267, 712206 794.3055, 045391 919.0934, 7065 945.1495, 863226 919.0210, 444207 939.2184, 222003 813.5505, 674923 796.8987, 899516 933.1651, 50449 925.9325, 288132 942.5323, 504215 934.3140, 653199 920.1196, 588533 927.2067, 9246537252, 085249 813.5505, 993697 947.4841, 302642 933.3818, 11020304243, 0124 806.3125, 213122 796.4902, 265859 933.8401, 422726 813.5505, 17546726266, 655391 796.1527, 427182 936.0456, 705385 933.6156, 085249 796.8898, 884572 944.4941, 969084 944.5062, 961 815.4067, 3005128376, 857173 924.4355, 0408471582, 783264 805.5754, 840026 919.7936, 208072 934.1303, 391422 937.3089, 1780484980, 790811 941.4399, 992868 812.8223, 298008 933.0827, 372917 919.2745, 494424 926.4637, 126062 816.7122, 9229695643, 199694 922.2745, 104195 933.9487, 856114 796.1527, 992868 796.1527, 478121 934.2868, 884526 796.8898, 52583 930.2485, 902777 933.4611, 404132 929.3008, 623946 930.0131, 937215 938.7416, 53815 939.2615, 164662 928.3169, 010104 938.9025, 199694 923.2162",Register Login Enquire Home Events Courses Institutions Careers Guide Study Student Services Scholarships About Us Contact 23 30th Anniversary - Event Highlights and Photo Stories 30th Anniversary Event Highlights and
Malaysia,Crizac,https://www.crizac.com,"info@crizac.com, compliance@crizac.com, info@ucol.co.uk","2231208816, 4215001867, 0392156863, 7530412057, 2796099819, 4287775999, 3665500218, 49324069496","About Us Investors Partner With Us Book An Appointment Contact Us LOGIN Your Gateway to Global Connection Solutions for Universities and Recruitment Partners With our experience, expertise and ability to"
Malaysia,IDP UK aka IDP/ Hotcourses,https://www.idpuk.com,,"+1-303-893-0552, 1-303-893-0552","We value your privacy We use cookies to enhance your browsing experience, serve personalized ads or content, and analyze our traffic. By clicking Accept All, you consent to our use"
Malaysia,Index,https://index.com,,,"index.com is parked free, courtesy of GoDaddy.com. Get This Domain Related Searches index Copyright  1999-2026 GoDaddy, LLC. All rights reserved. Privacy Policy Disclaimer References to any specific company, product"
Malaysia,JM Education Group,https://www.jmeducationgroup.com,john@email.com,"2147483647, 6012 345 6789, +6017 268 2812, 88850535358, +60172682812",Services Destinations Scholarships Events Visit Us Socials Enquire Looking to study abroad? Weve placed thousands of students in their dream overseas universities! Let us help you too! Lets Get Started!
Malaysia,Mabecs,https://www.mabecs.com,,"28449798829, 28449798838, 2844979883, 603-7956-7655, 603-7956765, 2844979884","Get to Know Us Study Abroad Articles  Stories Guides Events  Workshops Get In Touch Login Malaysias Leading Education Consultants for Studying Abroad Get to know us Since 1985,"
Malaysia,StudyCo,https://www.studyco.com,,"1747327020, 1747327039, 1779209396, 1779100749, 1779173472, 1747327037, 1747380373, 1747327010, 8799675460",Skip to content Facebook-f Twitter Our Offices Why Choose StudyCo About StudyCo Resources Book Online Appointment Study Destination Migration  Visa Services Education Consultant Immigration Consultant TRUSTED EDUCATION  MIGRATION
Malaysia,StudyIn,https://www.studyin.com,info@univs.com,1780484544,Skip to content Institutes Programs Countries How It Works For Partners About Us Sign In Start Free PAGE NOT FOUND 404 The page you are looking for is not available.
Malaysia,Sun Education Group,https://www.suneducationgroup.com,info@suneducationgroup.com,"85214633198, +6282133343536, 128 160 304, 11.1111111111","Login  Register Hi, Were here to help you Our Services Konsultasi GRATIS Proses Aplikasi Pendaftaran Pembayaran Biaya Sekolah Tuition Fee Pengurusan Visa Pelajar Travel Arrangement  Akomodasi Persiapan Bahasa"
Mauritius,Campus Abroad,https://www.campusabroad.com,,"2147483647, 1780486232",www.campusabroad.com Performing security verification This website uses a security service to protect against malicious bots. This page is displayed while the website verifies you are not a bot. Ray ID
Mauritius,IDP UK aka IDP/ Hotcourses,https://www.idpuk.com,,"+1-303-893-0552, 1-303-893-0552","We value your privacy We use cookies to enhance your browsing experience, serve personalized ads or content, and analyze our traffic. By clicking Accept All, you consent to our use"
Mauritius,UNISERV,https://www.uniserv.com,info@uniserv.com,"1779446805, 1780474421, 7231 936 1000, +4972319361000, 1770291307, 1778581767","Unternehmen Karriere Support Newsletter Kontakt Lösungen Consulting Software Kunden Wissen Perfekte Kundendaten für Ihren Erfolg Customer Data Experts Erleben Sie, wie erstklassige Kundendaten Ihre Prozesse revolutionieren. Ob Datenqualität, Master Data"
Mexico,Across the Pond,https://www.acrossthepond.com,user@domain.com,"1432718904, 1595992025, 119.9183673469, 1.1153846153, 1348078617, 1656994552, 37.6551724137, 1594661638, 2.3061224489, 2985984737, 2481764524, 38.2608695652, 2685733372, 2933276541, 4.1666666666, 28.2272727272, 3128134379, 2512015367, 7036148989, 3670563033, 3508454897, 3967842156, 1041095097, 3281949485, 33.3333333333, 3921366393, 1.0454545454, 2083580917, 1632949049, 1.5084745762, 194.2359550561, 2699082514, 2.3819444444, 168.3498542274, 2369186930, 3064412225, 110.0770767913, 2417249464, 1222083472","By clicking Accept, you agree to the storing of cookies on your device to enhance site navigation, analyze site usage, and assist in our marketing efforts. View our Privacy Policy"
Mexico,Inova Education,https://www.inovaeducation.com,,"1776739780, 1776739779, 1717067731",Cookies and third-party services This website uses cookies so that we can provide you with the best user experience possible. Cookie information is stored in your browser and performs functions
Mexico,Love UK,https://www.loveuk.com,,"426 358 480, 11102-102 102, 1777328654, 1778045037, 200 200 200","Skip to main content Home Attractions Living in the UK Cost, Cities, Jobs  Lifestyle Guide Compare UK cities, cost of living, jobs, schools and find the best place to"
Mexico,Studies Planet,https://www.studiesplanet.com,uk@studiesplanet.com,"447377 7309, 1779169522, 7-2980383182, 451-200 200, 1999999999, 451 200-200, 1765541700, 666.6666666666, +447377730967, 033 248 248, 248 248-111, 1765541696, 451 200 200, 7377730967, 451-200-200",Emailukstudiesplanet.com - Contact447377730967 Home Courses Universities Events Rankings Scholarships Blog Contact Us Book A Free Consultation Start your journey here All Course Types Undergraduate UTP University Transfer Program Associate Degree
Mexico,StudyIn,https://www.studyin.com,info@univs.com,1780484544,Skip to content Institutes Programs Countries How It Works For Partners About Us Sign In Start Free PAGE NOT FOUND 404 The page you are looking for is not available.
Morocco,AHZ Associates,https://www.ahzassociates.com,info@ahzassociates.co.uk,"17640434496, 17528207595, 17640644449, 1268368563, 4109123758, 48842654126, 137-111 248, 17640463565, 17542252215, 97634359830, 17640630571, 17528169923, 17528198490, 2264125279, 448 288 448, 17640472641, 1310225428, +442073779630, 17528373010, 17528347012, 67935883549, 4406879254, 17640618541, 17640400631, 17599520470, 3020080000",Study in the UK Universities Courses Pathway Global Offices Apply Now Free Consultation Loading... Location University Courses Events Get Advice Please select location London Birmingham Manchester Glasgow Liverpool Leeds Bristol
Morocco,Global Study UK,https://www.globalstudyuk.com,,"829 829 842, 1780398498, 167 167 154, 1780410189, 292 187 292, 846 713 829, 846 783 846, 833 171 804, 1780485395, 783 288 800, 308 863 321, 692 858 704, 1845079461, 217 708 204, 815 119 130, 7496969728, 1780326369, 1762870935, 354 125 338, 229 154 242, 125 613 133, 154 292 171, 846 817 842, 217 150 196, 313 142 300, 179 150 196, 708 187 708, 333 958 304, 204 296 221, 1017989647, 771 138 800, 1780413064, 871 338 875, 150 179 158, 867 629 875, 129 663 125, 354 875 371, 150 212 150, 1780412102, 796 708 779, 646 875 663, 504 296 521, 1780414183, 1762870932, 5286697247, 125 325 129, 875 679 871, 133 375 125, 229 863 200, 783 846 800, 858 225 858, 471 708 454, 713 487 713, 167 829 196, 865 139 109, 1780401603, 1780326370, 583 958 554, 713 812 713, 767 842 750, 592 139 110, 154 233 150, 875 388 867, 833 958 804, 692 142 675, 288 817 288, 1780405922, 40984397351, 521 713 504, 171 704 154, 1780398563, 137 775 137, 817 846 804, 1780405204, 292 487 292, 842 767 846, 047 119 129, 833 296 850, 454 292 471","About Us Universities Services Open Services Contact Us Register Now Begin Your Adventure and Study in the UK Discover world-class education, vibrant culture, and endless opportunities as you take the"
Morocco,StudyCo,https://www.studyco.com,,"1747327020, 1747327039, 1779209396, 1779100749, 1779173472, 1747327037, 1747380373, 1747327010, 8799675460",Skip to content Facebook-f Twitter Our Offices Why Choose StudyCo About StudyCo Resources Book Online Appointment Study Destination Migration  Visa Services Education Consultant Immigration Consultant TRUSTED EDUCATION  MIGRATION
Morocco,StudyIn,https://www.studyin.com,info@univs.com,1780484544,Skip to content Institutes Programs Countries How It Works For Partners About Us Sign In Start Free PAGE NOT FOUND 404 The page you are looking for is not available.
Morocco,The English Company,https://www.theenglishcompany.com,,"+1-303-893-0552, 90221155224, 1-303-893-0552","We value your privacy We use cookies to enhance your browsing experience, serve personalized ads or content, and analyze our traffic. By clicking Accept All, you consent to our use"
Myanmar,Thymes International,https://www.thymesinternational.com,"dd0a55ccb8124b9c9d938e3acf41f8aa@sentry.wixpress.com, contact@thymesinternational.com, 18d2f96d279149989b95faf0a4b41882@sentry-next.wixpress.com, 9a65e97ebe8141fca0c4fd686f70996b@sentry.wixpress.com, 8c4075d5481d476e945486754f783364@sentry.io, 605a7baede844d278b89dc95ae0a9123@sentry-next.wixpress.com, 5d1795a2db124a268f1e1bd88f503500@sentry.wixpress.com, bfb679c754744c58a7374ee6e25cfc13@sentry.wixpress.com, 78f7996315bc402f9dcb8a2f974b82d1@sentry.wixpress.com, c183baa23371454f99f417f6616b724d@sentry.wixpress.com, 79baaa8e09c746d2b7401643b99792e0@sentry.wixpress.com","26.3104248046, 8687-4575-9255, 16.7175292968, 3.6007604562, 2.5316455696, 40.6049679487, 99999999999, 1.3333333333, 54.0325927734, 6.1538461538, 1.9383202099, 54.0545654296, 1.0000000000, 29.5324707031, 0.4676858137, 8286-6343436, 78.1850961538, 0.2530107526, 5.8974358974, 238 130 129, 0.2530175566, 26.0723876953, 2.0150753768, 2.1379310344, 0.0000999999, 5.9114583333, 16.2800480769, 7.1754807692, 94749934-1639, 4.6153846153, 1.0950679056, 15.9020996093, 1.1682829435, 12.5641025641, 3.3301886792, 2.7012820512, 1.6449799196, 71.3701923076, 26.1505126953, 1779956138, 14.4592285156, 35.5548878205, 1.2319444444, 6282146654, 6.4162660256, 0.4677124928, 1.1722287896, 29.5788574218, 2.0493333333, 30.9715544871, 1.3790644609, 13.6425781249, 9999999999, 0.9463728549, 2.2047556142, 9.2474365234, 1.0121457489, 9584-7759203, 1.1981279251, 26.2591552734, 29.6417236328, 6.5765224358, 9220917692, 40.7632211538, 39.0576171875, 0.8112458991, 256.4076923, 56.1538461538, 1.0126853377, 53.4715544871, 15.9802246093, 28.2051282051, 6.7749023437, 38.9129638671, 14.4445800781, 63.0395507812, 52.8525641025, 3.9519230769, 9.5147705078, 4.8425292968, 13165477-8205, 8.3870967741, 2.2478839177, 1.6666666666, 24.0393066406, 9.4366455078, 9.2147435897, 0.2529817023, 16.7279052734, 20.0641025641, 5.6410256410, 2.0767622461, 0.8530183727, 8.4615384615, 1.0121300195, 1.1722914582, 9.4610595703, 0.9888337468, 905 100 141, 20.9515224358, 78.7920673076, 1.2888609188, 2.1367521367, 1.0121438580, 4.0865384615, 19.8978365384, 1.1647393364, 9.2266845703, 1.9047619047, 0.8112573099, 61.8200683593, 777-6559005, 1.0223247927, 24.5292467948, 26.2139892578, 16.0583496093, 80.4407051282, 7080654117, 29.4811698717, 0.4814673913, 4.2013129102, 6.8530273437, 1.1642857142, 2336513963, 45.9715544871, 2.3330404217, 1.0222087928, 16.1798095703, 64.3569711538, 6.9571314102, 1.2682352941, 54.8358154296, 3.3898305084, 2.1052631578, 25146195494, 69.5751953125, 3.3003300330, 46.6998291015, 63.1176757812, 3391-9791905, 31.5576171874, 0.2530413625, 309-7865384, 6.6666666666, 0.4814935594, 2.5641025641, 1.5305410122, 524 100 149, 6.6726762820, 31.6357421875, 9406806026, 1.1365149833, 1.1147540983, 0.3225806451, 6.4102564102, 2.5431472081, 0.9999999999, 001 160 159, 14.3475341796, 2.4752475247, 29.5617675781, 29.6002197265, 12.5580929487, 1.7443246311, 78.1085205078, 00023225876, 29.5135498046, 1.0870488322, 3.4730538922, 5.6370192307, 3.4883720930, 26.1682128906, 7.2435897435, 59.0001220703, 1.6413793103, 1.4444813829, 3510745889, 26.1712646484, 4.6242038216, 4.1558441558, 3.0909090909, 19.7039794921, 17.2985839843","Home About Us What We Do Contact Us Your Educational Compass Get a Free Consultation Who We Are At Thymes Education Consulting, excellence is not an aspiration, it is our"
Nepal,AECC Global,https://www.aeccglobal.com,name@example.com,"+63282932250, +84969934533, 22707092155, +62 8787847476, 39917829398, 1098315935, +8801322867741, 1586149945, +66 0829536151, 18005724422, +97715970315, +234 912 4497923, 37139616674, +94706125475, +61370200720, 4406879254, 8777935231",Advice Events Find us AECC Office Locations Directory Find AECC offices across India in the following regions AECC Offices in Australia AECC Offices in Bangladesh AECC Offices in India AECC
Nepal,AHZ Associates,https://www.ahzassociates.com,info@ahzassociates.co.uk,"17640434496, 17528207595, 17640644449, 1268368563, 4109123758, 48842654126, 137-111 248, 275496056.1780, 17640463565, 17542252215, 97634359830, 17640630571, 17528198490, 2264125279, 17528169923, 448 288 448, 9233214171, 17640472641, 1310225428, +442073779630, 17528373010, 17528347012, 67935883549, 4406879254, 17640618541, 17640400631, 17599520470, 3020080000",Study in the UK Universities Courses Pathway Global Offices Apply Now Free Consultation Loading... Location University Courses Events Get Advice Please select location London Birmingham Manchester Glasgow Liverpool Leeds Bristol
Nepal,Crizac,https://www.crizac.com,"info@crizac.com, compliance@crizac.com, info@ucol.co.uk","2231208816, 4215001867, 0392156863, 7530412057, 2796099819, 4287775999, 3665500218, 49324069496","About Us Investors Partner With Us Book An Appointment Contact Us LOGIN Your Gateway to Global Connection Solutions for Universities and Recruitment Partners With our experience, expertise and ability to"
Nepal,IDP UK aka IDP/ Hotcourses,https://www.idpuk.com,,"+1-303-893-0552, 1-303-893-0552","We value your privacy We use cookies to enhance your browsing experience, serve personalized ads or content, and analyze our traffic. By clicking Accept All, you consent to our use"
Nepal,StudyCo,https://www.studyco.com,,"1747327020, 1747327039, 1779209396, 1779100749, 1779173472, 1747327037, 1747380373, 1747327010, 8799675460",Skip to content Facebook-f Twitter Our Offices Why Choose StudyCo About StudyCo Resources Book Online Appointment Study Destination Migration  Visa Services Education Consultant Immigration Consultant TRUSTED EDUCATION  MIGRATION
Nepal,StudyIn,https://www.studyin.com,info@univs.com,1780484544,Skip to content Institutes Programs Countries How It Works For Partners About Us Sign In Start Free PAGE NOT FOUND 404 The page you are looking for is not available.
Netherlands,Studyportals,https://www.studyportals.com,,"2239596681, 2244270965, 107 146.988 2735, 152940941-1024, 107 687.225 2005, 152940941-1280, 152940941-1440, 4406879254, 2490838007, 152940941-2048, 2144341697","Go to main content menu For Students For Institutions Mission  Team News  Insights Were hiring! Contact us Education choice transparent, globally Im an institution Promote your courses Im"
Nigeria,AECC Global,https://www.aeccglobal.com,name@example.com,"+63282932250, +84969934533, 22707092155, +62 8787847476, 39917829398, 1098315935, +8801322867741, 1586149945, +66 0829536151, 18005724422, +97715970315, +234 912 4497923, 37139616674, +94706125475, +61370200720, 4406879254, 8777935231",Advice Events Find us AECC Office Locations Directory Find AECC offices across India in the following regions AECC Offices in Australia AECC Offices in Bangladesh AECC Offices in India AECC
Nigeria,AHZ Associates,https://www.ahzassociates.com,info@ahzassociates.co.uk,"17640434496, 17528207595, 17640644449, 1268368563, 4109123758, 48842654126, 137-111 248, 275496056.1780, 17640463565, 17542252215, 97634359830, 17640630571, 17528198490, 2264125279, 17528169923, 448 288 448, 9233214171, 17640472641, 1310225428, +442073779630, 17528373010, 17528347012, 67935883549, 4406879254, 17640618541, 17640400631, 17599520470, 3020080000",Study in the UK Universities Courses Pathway Global Offices Apply Now Free Consultation Loading... Location University Courses Events Get Advice Please select location London Birmingham Manchester Glasgow Liverpool Leeds Bristol
Nigeria,ApplyBoard,https://www.applyboard.com,,"2147483647, 833 958 804, 1432718904, 1595992025, 1348078617, 1656994552, 1780484735, 829 829 842, 82.6666666667, 167 167 154, 2985984737, 2481764524, 2147483645, 2685733372, 2933276541, 333 958 304, 846 783 846, 833 171 804, 3128134379, 2147483646, 91.3333333333, 229 863 200, 448 288 448, 30.6666666667, 771 138 800, 1780417547, 3670563033, 2512015367, 137 775 137, 3508454897, 3967842156, 1041095097, 3281949485, 9172961160, 3921366393, 13.3333333333, 858 225 858, 783 846 800, 817 846 804, 2083580917, 167 829 196, 150 179 158, 4406879254, 1632949049, 65.3333333333, 583 958 554, 2699082514, 1949140306, 0.0666666666, 150 212 150, 229 154 242, 846 817 842, 767 842 750, 4261551600, 217 150 196, 2369186930, 3064412225, 842 767 846, 154 233 150, 179 150 196, 2417249464, 1222083472","Students Study Destinations Partners Register as a Student Log In Your Future Goes Beyond Borders Explore 1,500 global universities and colleges. Submit your best possible application with a 95 success"
Nigeria,Bridge House College,https://www.bridgehousecollege.com,info@bridgehousecollege.com,"1726843659, 1780444800, 579966850.1780, 7496969728, 9101926871, 1659425544, 8690.0006103",Home Programmes Take A Tour Admissions Purchase Application Form College Life Newsletter Calendar Portal Login Careers News Personnel Our Directors Advisory Board Staff Contact About Us About BHC BHC Safeguarding
Nigeria,Crizac,https://www.crizac.com,"info@crizac.com, compliance@crizac.com, info@ucol.co.uk","2231208816, 4215001867, 0392156863, 7530412057, 2796099819, 4287775999, 3665500218, 49324069496","About Us Investors Partner With Us Book An Appointment Contact Us LOGIN Your Gateway to Global Connection Solutions for Universities and Recruitment Partners With our experience, expertise and ability to"
Nigeria,Glory Education Services Ltd,https://www.gloryeducationservices.com,"dd0a55ccb8124b9c9d938e3acf41f8aa@sentry.wixpress.com, 18d2f96d279149989b95faf0a4b41882@sentry-next.wixpress.com, info@gloryeducationservices.com, 8c4075d5481d476e945486754f783364@sentry.io, 605a7baede844d278b89dc95ae0a9123@sentry-next.wixpress.com, 5d1795a2db124a268f1e1bd88f503500@sentry.wixpress.com, 98b21aa53d68482b8414e892d9af0e5f@sentry-next.wixpress.com, 78f7996315bc402f9dcb8a2f974b82d1@sentry.wixpress.com, c183baa23371454f99f417f6616b724d@sentry.wixpress.com, example@mysite.com","3310412303, 27.5778785488, 11.2343766164, 50.8552640502, 0.9977116704, 2878224654, 1238702267, 13165477-8205, 1.0028089887, 42.4286971245, 11.2273568453, 3391-9791905, 309-7865384, 2054135103, 99999999999, 24.8060901348, 6.1538461538, 009-2120061, 23.3954691747, 2.5491135944, 12.6182965299, 46.5149937132, 4.1810250643, 3332510527, 1.1018392486, 16.5504358158, 43.7066255683, 0.8121637426, 9099468983, 2490108247, 7.0175438596, 11.6959064327, 46.0567823343, 9999999999, 4.7298897704, 14.0423981069, 30.7692307692, 2339026183, 419.2000122070, 00023225876, 2795113657, 5.4416403785, 3712316483, 67.1924290220, 59.7318631241, 0.8771929824, 11.2238448169, 30.3930051489, 9220917692, 777-6559005, 85.9649122807, 78.4113790710, 45.6396225600, 35.9621451104, 0.8121594559, 87.6923076923, 11.2273654164, 0.0000999999, 82.9879712607, 1780486369, 1717079961, 37.1125739917, 4.7318611987","INQUIRE NOW Empowering Your Journey Since 2005, we have been dedicated to providing comprehensive support for students and parents worldwide aiming for academic excellence in Singapore. Apply Now Our Educational"
Nigeria,IDP UK aka IDP/ Hotcourses,https://www.idpuk.com,,"+1-303-893-0552, 1-303-893-0552","We value your privacy We use cookies to enhance your browsing experience, serve personalized ads or content, and analyze our traffic. By clicking Accept All, you consent to our use"
Nigeria,Study Advisory Services LTD,https://www.studyadvisoryservices.com,info@studyadvisoryservices.com,"1812271804, 1780486390, +234 902 731 3226, +2347036474089, 3025194257, +2349027313226",infostudyadvisoryservices.com 2347036474089  2349027313226 HOME WHO WE ARE SERVICES EVENTS PARTNERS TESTIMONIALS FAQS CONTACT US GALLERY ARE YOU INTERESTED IN STUDYING ABROAD? Get Started Now! Previous Next WELCOME Study Advisory
Nigeria,StudyCo,https://www.studyco.com,,"1747327020, 1747327039, 1779209396, 1779100749, 1779173472, 1747327037, 1747380373, 1747327010, 8799675460",Skip to content Facebook-f Twitter Our Offices Why Choose StudyCo About StudyCo Resources Book Online Appointment Study Destination Migration  Visa Services Education Consultant Immigration Consultant TRUSTED EDUCATION  MIGRATION
Nigeria,StudyIn,https://www.studyin.com,info@univs.com,1780484544,Skip to content Institutes Programs Countries How It Works For Partners About Us Sign In Start Free PAGE NOT FOUND 404 The page you are looking for is not available.
Nigeria,Westminster International,https://www.westminsterinternational.com,,"+1-303-893-0552, 1-303-893-0552","We value your privacy We use cookies to enhance your browsing experience, serve personalized ads or content, and analyze our traffic. By clicking Accept All, you consent to our use"
Norway,Across the Pond,https://www.acrossthepond.com,user@domain.com,"1432718904, 1595992025, 119.9183673469, 1.1153846153, 1348078617, 1656994552, 37.6551724137, 1594661638, 2.3061224489, 2985984737, 2481764524, 38.2608695652, 2685733372, 2933276541, 4.1666666666, 28.2272727272, 3128134379, 2512015367, 7036148989, 3670563033, 3508454897, 3967842156, 1041095097, 3281949485, 33.3333333333, 3921366393, 1.0454545454, 2083580917, 1632949049, 1.5084745762, 194.2359550561, 2699082514, 2.3819444444, 168.3498542274, 2369186930, 3064412225, 110.0770767913, 2417249464, 1222083472","By clicking Accept, you agree to the storing of cookies on your device to enhance site navigation, analyze site usage, and assist in our marketing efforts. View our Privacy Policy"
Oman,Global Study UK,https://www.globalstudyuk.com,,"829 829 842, 1780398498, 167 167 154, 1780410189, 292 187 292, 846 713 829, 846 783 846, 833 171 804, 1780485395, 783 288 800, 308 863 321, 692 858 704, 1845079461, 217 708 204, 815 119 130, 7496969728, 1780326369, 1762870935, 354 125 338, 229 154 242, 125 613 133, 154 292 171, 846 817 842, 217 150 196, 313 142 300, 179 150 196, 708 187 708, 333 958 304, 204 296 221, 1017989647, 771 138 800, 1780413064, 871 338 875, 150 179 158, 867 629 875, 129 663 125, 354 875 371, 150 212 150, 1780412102, 796 708 779, 646 875 663, 504 296 521, 1780414183, 1762870932, 125 325 129, 875 679 871, 133 375 125, 229 863 200, 783 846 800, 858 225 858, 471 708 454, 713 487 713, 167 829 196, 865 139 109, 1780401603, 1780326370, 583 958 554, 713 812 713, 767 842 750, 592 139 110, 154 233 150, 875 388 867, 833 958 804, 692 142 675, 288 817 288, 1780405922, 521 713 504, 171 704 154, 1780398563, 137 775 137, 817 846 804, 1780405204, 292 487 292, 842 767 846, 047 119 129, 833 296 850, 454 292 471","About Us Universities Services Open Services Contact Us Register Now Begin Your Adventure and Study in the UK Discover world-class education, vibrant culture, and endless opportunities as you take the"
Oman,IDP UK aka IDP/ Hotcourses,https://www.idpuk.com,,"+1-303-893-0552, 1-303-893-0552","We value your privacy We use cookies to enhance your browsing experience, serve personalized ads or content, and analyze our traffic. By clicking Accept All, you consent to our use"
Oman,StudyCo,https://www.studyco.com,,"1747327020, 1747327039, 1779209396, 1779100749, 1779173472, 1747327037, 1747380373, 1747327010, 8799675460",Skip to content Facebook-f Twitter Find Our Offices Why Choose StudyCo About StudyCo Resources Book Online Appointment Study Destination Student Services Migration  Visa Services Education Consultant Immigration Consultant Home
Pakistan,AHZ Associates,https://www.ahzassociates.com,info@ahzassociates.co.uk,"17640434496, 17528207595, 17640644449, 1268368563, 4109123758, 48842654126, 137-111 248, 17640463565, 17542252215, 97634359830, 17640630571, 17528169923, 17528198490, 2264125279, 448 288 448, 17640472641, 1310225428, +442073779630, 1-2604231811, 17528373010, 17528347012, 67935883549, 4406879254, 17640618541, 17640400631, 17599520470, 3020080000",Study in the UK Universities Courses Pathway Global Offices Apply Now Free Consultation Loading... Location University Courses Events Get Advice Please select location London Birmingham Manchester Glasgow Liverpool Leeds Bristol
Pakistan,ApplyBoard,https://www.applyboard.com,,"2147483647, 833 958 804, 1432718904, 1595992025, 1348078617, 1656994552, 829 829 842, 82.6666666667, 167 167 154, 2985984737, 2481764524, 2147483645, 2685733372, 2933276541, 333 958 304, 846 783 846, 833 171 804, 3128134379, 2147483646, 91.3333333333, 448 288 448, 30.6666666667, 771 138 800, 1780417547, 3670563033, 2512015367, 137 775 137, 3508454897, 3967842156, 1041095097, 3281949485, 783 846 800, 3921366393, 13.3333333333, 858 225 858, 817 846 804, 229 863 200, 2083580917, 167 829 196, 150 179 158, 1632949049, 65.3333333333, 583 958 554, 2699082514, 229 154 242, 0.0666666666, 150 212 150, 846 817 842, 767 842 750, 4261551600, 217 150 196, 2369186930, 3064412225, 842 767 846, 154 233 150, 179 150 196, 2417249464, 1222083472","Students Study Destinations Partners Register as a Student Log In Your Future Goes Beyond Borders Explore 1,500 global universities and colleges. Submit your best possible application with a 95 success"
Pakistan,Colleges Pro,https://www.collegespro.com,hello@collegespro.com,"+92 316 5060819, 1219.547 1225",HOME COUNTRIES ABOUT US CONTACT Make Appointment The Dedicated Educational Consultancy See you at your Dream University LETS GET STARTED! Elevate Your Experience Unlimited Consultations with Head counselor We dont
Pakistan,IDP UK aka IDP/ Hotcourses,https://www.idpuk.com,,"+1-303-893-0552, 1-303-893-0552","We value your privacy We use cookies to enhance your browsing experience, serve personalized ads or content, and analyze our traffic. By clicking Accept All, you consent to our use"
Pakistan,MA Consultants,https://www.maconsultants.com,,"+1-303-893-0552, 1-303-893-0552, 67292369005","We value your privacy We use cookies to enhance your browsing experience, serve personalized ads or content, and analyze our traffic. By clicking Accept All, you consent to our use"
Pakistan,Reach the Globe,https://www.reachtheglobe.com,,"2520921719, 45131172607, 4204083238, 83346214153, 80289705007, 06904890388, 84247791149, 94215355755, 98648304657, 56534128997, 1219609221, 1889804413, 8565240431, 27364367758, 3109535358, 8518941317, 0509530753, 9907345103, 86529038818, 2653790216, 49193164971, 27979235818, 12372801345","reachtheglobe.com is parked free, courtesy of GoDaddy.com. Get This Domain Related Search Topics Reach The Globe Meaning Reach The Globe Theatre Reach The Globe Crossword Reach The Globe Definition Reach"
Pakistan,StudyCo,https://www.studyco.com,,"1747327020, 1747327039, 1779209396, 1779100749, 1779173472, 1747327037, 1747380373, 1747327010, 8799675460",Skip to content Facebook-f Twitter Find Our Offices Why Choose StudyCo About StudyCo Resources Book Online Appointment Study Destination Student Services Migration  Visa Services Education Consultant Immigration Consultant Home
Pakistan,StudyIn,https://www.studyin.com,info@univs.com,1780484544,Skip to content Institutes Programs Countries How It Works For Partners About Us Sign In Start Free PAGE NOT FOUND 404 The page you are looking for is not available.
Pakistan,Times Consultant,https://www.timesconsultant.com,"info@timesconsultant.com, study@timesconsultant.com","18833124582, 829 829 842, 196 192 279, 721 108 808, 167 167 154, 292 187 292, 846 713 829, 846 783 846, 833 171 804, 783 288 800, 448 288 448, 308 863 321, 692 858 704, 217 708 204, 19669907345, 815 119 130, 19669907344, 933 500 933, 808 808 725, 1780474567, 975 367 929, 746 163 837, 354 125 338, 229 154 242, 125 613 133, 154 292 171, 846 817 842, 217 150 196, 621 892 725, 313 142 300, 18430595462, 179 150 196, 708 187 708, 333 958 304, 204 296 221, 892 621 938, 979 500 979, 1883312458, 1211463181, 19669907341, 771 138 800, 17012272522, 1211463182, 871 338 875, 1843059546, 150 179 158, 867 629 875, 129 663 125, 929 746 975, 354 875 371, 150 212 150, 796 708 779, 646 875 663, 504 296 521, 17012272521, 933 838 837, 1555765912, 125 325 129, +92-345-2066100, 9064732760, 938 279 896, +923452066100, 1966990734, 875 679 871, 18430595463, 19669907342, 17012272523, 133 375 125, 379 108 279, 2147483000, 18833124581, +92 300 2016600, 500 938 379, 229 863 200, 783 846 800, 858 225 858, 471 708 454, 713 487 713, 167 829 196, 865 139 109, 18430595461, 583 958 554, 19669907343, 713 812 713, 633 979 746, 767 842 750, 57264744000, 592 139 110, 154 233 150, 875 388 867, 345 2066 100, 833 958 804, 692 142 675, 288 817 288, 40984397351, 521 713 504, 633 975 500, 279 933 379, 171 704 154, 1701227252, 137 775 137, 254 929 367, 817 846 804, 79155310106, 292 487 292, 842 767 846, 196 808 113, 047 119 129, 833 296 850, 454 292 471",Skip to content Home About Services Blogs Events Our Offices Study Destinations Study Abroad Steps 92 345 2066 100 Get Free Consultation Pakistan 1 Study Abroad  Consultant With The
Pakistan,UKEC,https://www.ukec.com,,"2147483631, 94362599826, 7496969728, 2147483630, 853 763 216, +44 161 236 0660, 4406879254, 421 763 206","Consent Details About This website uses cookies We use cookies to personalise content and ads, to provide social media features and to analyse our traffic. We also share information about"
Panama,Inova Education,https://www.inovaeducation.com,,"1776739780, 1776739779, 1717067731",Skip to main content ABOUT INOVA ABOUT INOVA HOW WE HELP MEET THE TEAM CAREERS AT INOVA CONTACT US STUDYING ABROAD STUDYING ABROAD STUDY IN THE UK STUDY IN HOLLAND
Paraguay,Inova Education,https://www.inovaeducation.com,,"1776739780, 1776739779, 1717067731",Cookies and third-party services This website uses cookies so that we can provide you with the best user experience possible. Cookie information is stored in your browser and performs functions
Peru,Global Admission Center,https://www.globaladmissioncenter.com,"filler@godaddy.com, micah@micahrich.com","33.7909186906, 8.3333333333, 3.3139158576, 33.3333333333, 35.8183738120, 331.3915857605, 16.6666666666, 66.6666666666, 2.5221674876, 83.3333333333, 1193686631, 252.2167487684, 2159219562, 51912440940, 51946386439, 79.8000000000, 1739784152","Inicio Nosotros Testimonios Programas Cortos Cursos More Bienvenido a Global Admission Center Asesoría y Coaching para Estudiar en el Extranjero Escríbenos! Coaching Educativo Somos un equipo de coaches educativos certificados,"
Peru,Inova Education,https://www.inovaeducation.com,,"1776739780, 1776739779, 1717067731",Cookies and third-party services This website uses cookies so that we can provide you with the best user experience possible. Cookie information is stored in your browser and performs functions
Peru,Studies Planet,https://www.studiesplanet.com,uk@studiesplanet.com,"447377 7309, 1779169522, 451-200 200, 1999999999, 451 200-200, 1765541700, 666.6666666666, +447377730967, 033 248 248, 248 248-111, 1765541696, 451 200 200, 7-3550240433, 7377730967, 451-200-200",Emailukstudiesplanet.com - Contact447377730967 Home Courses Universities Events Rankings Scholarships Blog Contact Us Book A Free Consultation WELCOME TO STUDIES PLANET Studying in the United Kingdom and Ireland is easier than
Philippines,AECC Global,https://www.aeccglobal.com,name@example.com,"+63282932250, +84969934533, +62 8787847476, 39917829398, 1098315935, +8801322867741, 1586149945, +66 0829536151, 18005724422, +97715970315, +234 912 4497923, 37139616674, +94706125475, +61370200720, 4406879254, 8777935231",Advice Events Find us AECC Office Locations Directory Find AECC offices across India in the following regions AECC Offices in Australia AECC Offices in Bangladesh AECC Offices in India AECC
Philippines,AUG Student Services,https://www.augstudentservices.com,,"641558 936.5443, 0731502245, 413845 796.4902, 712206 816.7122, 77769 926.7491, 192715 945.4660, 9136741558, 193591 812.8223, 747962 925.3470, 394635 941.6031, 205474 928.3108, 29279 937.7408, 877674 935.2465, 889813 945.7669, 297758 944.5367, 586144 816.1171, 445787 796.1616, 884526 813.5505, 228864 922.4737, 8860107525, 338349 926.6509, 901546 939.3476, 1605742501, 232554 946.2858, 454668 805.9751, 783264 796.1616, 527406 940.1078, 777786 942.0253, 1654000531, 664272 813.2219, 905345 926.5422, 864994 813.2219, 960567 942.9408, 947929 927.0191, 707431 933.2978, 091055 940.8724, 286122 941.3472, 371393 938.9009, 937215 937.7999, 415781 947.3501, 003519 796.4991, 194823 933.7915, 833973 935.4820, 69052 934.5599, 801177 937.3411, 625255 941.6329, 674923 806.3125, 897794 920.8560, 878792 935.8381, 682278 936.3214, 632369 940.3823, 882145 928.4678, 193591 796.1527, 533845 943.8422, 126062 793.5861, 426869 927.6106, 324464 939.8864, 753629 945.1267, 712206 794.3055, 045391 919.0934, 7065 945.1495, 863226 919.0210, 444207 939.2184, 222003 813.5505, 674923 796.8987, 899516 933.1651, 50449 925.9325, 288132 942.5323, 504215 934.3140, 653199 920.1196, 588533 927.2067, 9246537252, 085249 813.5505, 993697 947.4841, 302642 933.3818, 11020304243, 0124 806.3125, 213122 796.4902, 265859 933.8401, 422726 813.5505, 17546726266, 655391 796.1527, 427182 936.0456, 705385 933.6156, 085249 796.8898, 884572 944.4941, 969084 944.5062, 961 815.4067, 3005128376, 857173 924.4355, 0408471582, 783264 805.5754, 840026 919.7936, 208072 934.1303, 391422 937.3089, 1780484980, 790811 941.4399, 992868 812.8223, 298008 933.0827, 372917 919.2745, 494424 926.4637, 126062 816.7122, 9229695643, 199694 922.2745, 104195 933.9487, 856114 796.1527, 992868 796.1527, 478121 934.2868, 884526 796.8898, 52583 930.2485, 902777 933.4611, 404132 929.3008, 623946 930.0131, 937215 938.7416, 53815 939.2615, 164662 928.3169, 010104 938.9025, 199694 923.2162",Register Login Enquire Home Events Courses Institutions Careers Guide Study Student Services Scholarships About Us Contact 23 30th Anniversary - Event Highlights and Photo Stories 30th Anniversary Event Highlights and
Philippines,IDP UK aka IDP/ Hotcourses,https://www.idpuk.com,,"+1-303-893-0552, 1-303-893-0552","We value your privacy We use cookies to enhance your browsing experience, serve personalized ads or content, and analyze our traffic. By clicking Accept All, you consent to our use"
Philippines,StudyCo,https://www.studyco.com,,"1747327020, 1747327039, 1779209396, 1779100749, 1779173472, 1747327037, 1747380373, 1747327010, 8799675460",Skip to content Facebook-f Twitter Our Offices Why Choose StudyCo About StudyCo Resources Book Online Appointment Study Destination Migration  Visa Services Education Consultant Immigration Consultant TRUSTED EDUCATION  MIGRATION
Philippines,StudyIn,https://www.studyin.com,info@univs.com,1780484544,Skip to content Institutes Programs Countries How It Works For Partners About Us Sign In Start Free PAGE NOT FOUND 404 The page you are looking for is not available.
Poland,Baltic Council,https://www.balticcouncil.com,example@domain.com,66446191425,"Domain for sale BaLticCounciL.com Free transaction support Secure payments Spaceship reliability Listed with spaceship.com GET THIS DOMAIN Buy now 2,888 Make offer  Down payment 722 Lease to own 541.5"
Poland,StudyIn,https://www.studyin.com,info@univs.com,1780484544,Skip to content Institutes Programs Countries How It Works For Partners About Us Sign In Start Free PAGE NOT FOUND 404 The page you are looking for is not available.
Qatar,Education Basket,https://www.educationbasket.com,,,The content of the page cannot be displayed
Qatar,Qobolak,https://www.qobolak.com,info@qobolak.com,"1780485382, 1773730655, 1778760211, 1039085063, 97477999046, 97430359999, 89234688517, 974 7799 9046, 1778760656, +97440060074, +92 340 1111820, 974 3035 9999, +923401111820, 966 9200035, 17711206905, 9234699589, 1780486762, 9200353589, 9234688517, +966920003502, 0.2000000000, 96596969561, 97440060074, +96596969561, +966540232921",Home About Us Services Graduates Know More! Partners Contact Us Apply Now Book IELTS Test العربية IELTS Official Test Center Book Now WHAT WE DO Message From Qabolak We provide
Qatar,StudyIn,https://www.studyin.com,info@univs.com,1780484544,Skip to content Institutes Programs Countries How It Works For Partners About Us Sign In Start Free PAGE NOT FOUND 404 The page you are looking for is not available.
Romania,Educativa Group,https://www.educativagroup.com,administracion@educativagroup.com,"+51912558584, 3827.3008510, 71.5685455259, 16.4095400384, +51968794259, 968 794 259",INICIAR SESIÓN Un asesor personalizado está listo para ayudarte Pasaje Lima 104 968 794 259 Cargando... administracioneducativagroup.com POR QUÉ ELEGIRNOS Expertos en Capacitación Más de 10 años formando profesionales con
Romania,Informed Education,https://www.informededucation.com,,"0-1780486771, 2147483647, 1780486771, 738-1780486771",www.informededucation.com Performing security verification This website uses a security service to protect against malicious bots. This page is displayed while the website verifies you are not a bot. Ray ID
Romania,Integral,https://www.integral.com,,"192 256 184, 260008077.1780, 9179010501, 128 544 138, 1026735368, 464 544 474, 576 480 540, 7496969728, 14532288082, 288 576 280, 384 448 391, 296 544 306","Skip to content Products Solutions About Get Demo Integral FX Modern trading workflow automation for institutional FX, CFD and precious metals. Liquidity Aggregation EMS Price Engine Distribution White Label Solutions"
Romania,Student Consulting,https://www.studentconsulting.com,,"0.0000000000, 75293740096, 0.1725437566, 2481116979, 0.0786458333, 0.2848958333, 0.3465346534, 0.0520833333, 0.0530208333, 0.2470238095, 4708411190, 0.0494791666, 0.4949290060, 0.0056140350, 0.6262425447, 0.2707017543, 0.5912698412, 0.6646825396, 4406879254, 0.3588541666, 0.0295081967, 0.0042830481, 0.3002915451, 0.0222222222, 0.6418786692",Lediga jobb Rusta och matcha För jobbsökare För arbetsgivare Kontakta oss  Om oss  Hållbarhet  Logga in Registrera Meet your future Hos oss möter jobbsökare sin framtida arbetsgivare
Russia,First EDUMATE,https://www.firstedumate.com,"adana@firstedumate.com, info@firstedumate.com","+90 216 368 6368, 2147483647, 1777576176, 1777632880, 1368190588, 10805966979, 7496969728, 1780486787, 8855234924, 2147483645, 759 0420 925, +90 543 636 8176, 4406879254, +902163686368, +905436368176","Daha iyi bir deneyim için izninizi istiyoruz. En iyi deneyimleri sunmak için, cihaz bilgilerini saklamak veveya bunlara erişmek amacıyla çerezler gibi teknolojiler kullanıyoruz. Bu teknolojilere izin vermek, bu sitedeki tarama"
Russia,ITEC,https://itec.com,,"1.5037593984, 1.7725258493, 9062173841, 1.2752391073, 852 3974862, 0.7142857143, 9945-4918891, 1.3333333333, 9859211578, 7402744078, 1.1331444759, 90749571720, 5.0314465408, 5029219-1400, +009714226889, 43739124889, 1.7994858611, 1.1557465091, 1.7777777778, 1.4981273408, 1.6064257028, 4406879254, +1-717-626-9571, 1.4002333722, 3.3057851239, 1.7241379310, 1.1483253588",SKIP TO CONTENT MENU After 38 Years - nearly four decades dedicated to igniting the dreams of people all over the world - ITEC is now TAIT. TAITTOWERS.COM WELCOME ITEC
Rwanda,UNISERV,https://www.uniserv.com,info@uniserv.com,"1779446805, 1780474421, 7231 936 1000, +4972319361000, 1770291307, 1778581767","Unternehmen Karriere Support Newsletter Kontakt Lösungen Consulting Software Kunden Wissen Perfekte Kundendaten für Ihren Erfolg Customer Data Experts Erleben Sie, wie erstklassige Kundendaten Ihre Prozesse revolutionieren. Ob Datenqualität, Master Data"
Saint Kitts and Nevis,Beach Education LTD,https://www.beacheducation.com,"fiona@beacheducation.com, user@domain.com, hello@beacheducation.com","8.3333333333, 2714460467, 1.2761904761, 9592168125, 0.7433776217, 1.0299625468, 7715 286 144, 16406611251, 83.4981818181, 7036148989, 117.4329501915, 3301280612, 122.5142857142, 16.6666666666, 105.0000000000, 8436 125 106, 022 125 122, 0.5055350553, 748.9329685362, 14.1121128969, 0.6329004329, 41.6666666666, 120.4607789358, 2.7538726333","Select Accept all to agree to our use of cookies and similar technologies to enhance your browsing experience, security, analytics and customization. Select Manage cookies to make more choices or"
Saint Lucia,Beach Education LTD,https://www.beacheducation.com,"fiona@beacheducation.com, user@domain.com, hello@beacheducation.com","8.3333333333, 2714460467, 1.2761904761, 9592168125, 0.7433776217, 1.0299625468, 7715 286 144, 16406611251, 83.4981818181, 7036148989, 117.4329501915, 3301280612, 122.5142857142, 16.6666666666, 105.0000000000, 8436 125 106, 022 125 122, 0.5055350553, 748.9329685362, 14.1121128969, 0.6329004329, 41.6666666666, 120.4607789358, 2.7538726333","Select Accept all to agree to our use of cookies and similar technologies to enhance your browsing experience, security, analytics and customization. Select Manage cookies to make more choices or"
Saint Vincent and the Grenadines,Beach Education LTD,https://www.beacheducation.com,"fiona@beacheducation.com, user@domain.com, hello@beacheducation.com","8.3333333333, 2714460467, 1.2761904761, 9592168125, 0.7433776217, 1.0299625468, 7715 286 144, 16406611251, 83.4981818181, 7036148989, 117.4329501915, 3301280612, 122.5142857142, 16.6666666666, 105.0000000000, 8436 125 106, 022 125 122, 0.5055350553, 748.9329685362, 14.1121128969, 0.6329004329, 41.6666666666, 120.4607789358, 2.7538726333","Select Accept all to agree to our use of cookies and similar technologies to enhance your browsing experience, security, analytics and customization. Select Manage cookies to make more choices or"
Saudi Arabia,A+ Study Abroad,https://astudyabroad.com,info@studyabroad.com,"309-128-128, 13.8888888889, 1777280788, 118.7777777777, 308-128 128, +1 623-552-4876, 67.7777777778, 308 128 128, 1774418992, 309 128-128, 467 448 256, 961-192 192, 1777280996, 1774418991","Skip to main content Menu Study Abroad for Everyone Quality education, incredible destinationsyour dream study abroad program, for less. Cut the cost, not the experience. Find a Program Semesters under"
Saudi Arabia,EduGlobe,https://www.eduglobe.com,,,"Eduglobe.com is listed for sale! Invest in a premium digital identity today and instantly establish a globally trusted brand! Get this name right now for 22,500 Buy Now Choose payment"
Saudi Arabia,First EDUMATE,https://www.firstedumate.com,"adana@firstedumate.com, info@firstedumate.com","+90 216 368 6368, 2147483647, 1777576176, 1777632880, 1368190588, 10805966979, 7496969728, 1780486787, 8855234924, 2147483645, 759 0420 925, +90 543 636 8176, 4406879254, +902163686368, +905436368176","Daha iyi bir deneyim için izninizi istiyoruz. En iyi deneyimleri sunmak için, cihaz bilgilerini saklamak veveya bunlara erişmek amacıyla çerezler gibi teknolojiler kullanıyoruz. Bu teknolojilere izin vermek, bu sitedeki tarama"
Saudi Arabia,IDE Education,https://www.ideeducation.com,info@ide-sa.com,+966126615670,واتساب الأيميل infoide-sa.com اتصل بنا 126615670 966  العربية الرئيسية من نحن خدماتنا الوجهات الدراسة الدراسة في الخارج اتصل بنا قدم الآن معا لتحقيق طموحاتك الدراسية من أفضل الجامعات المعتمدة
Saudi Arabia,IDP UK aka IDP/ Hotcourses,https://www.idpuk.com,,"+1-303-893-0552, 1-303-893-0552","We value your privacy We use cookies to enhance your browsing experience, serve personalized ads or content, and analyze our traffic. By clicking Accept All, you consent to our use"
Saudi Arabia,IGEC,https://www.igec.com,,,"The domain name IGEC.COM is for sale Price US115000 Get On The Web Limited some years ago registered for its websites, portals and projects a number of generic domain names"
Saudi Arabia,Qobolak,https://www.qobolak.com,info@qobolak.com,"1780485382, 1773730655, 1778760211, 1039085063, 97477999046, 97430359999, 974 7799 9046, 89234688517, 4251178641, 1778760656, +97440060074, +92 340 1111820, 1411131722, 974 3035 9999, 1.0000000000, +923401111820, 966 9200035, 17711206905, 9234699589, 1780486762, 9200353589, 9234688517, 3615695052, +966920003502, 96596969561, 97440060074, +96596969561, +966540232921",شركة قبولك للخدامات التجارية Dismiss Home About Us Services Graduates Know More! Partners Contact Us Apply Now Book IELTS Test العربية IELTS Official Test Center Book Now 123456 WHAT WE
Saudi Arabia,StudyCo,https://www.studyco.com,,"1747327020, 1747327039, 1779209396, 1779100749, 1779173472, 1747327037, 1747380373, 1747327010, 8799675460",Skip to content Facebook-f Twitter Find Our Offices Why Choose StudyCo About StudyCo Resources Book Online Appointment Study Destination Student Services Migration  Visa Services Education Consultant Immigration Consultant Home
Saudi Arabia,StudyIn,https://www.studyin.com,info@univs.com,1780484544,Skip to content Institutes Programs Countries How It Works For Partners About Us Sign In Start Free PAGE NOT FOUND 404 The page you are looking for is not available.
Saudi Arabia,Studywise Abroad,https://www.studywiseabroad.com,international@studywiseabroad.com,"1710913555, 9176706679, 1710915900, 1710916212, 1710910089, 1710915983, 1710910118, 1710915857, 1710916080, 1710909995",44 7424 634892 internationalstudywiseabroad.com Home About Us Our Services Where To Study Contact Feedback Apply Now CRM Login We Will Open Find Universities that are right for you BOOK A
Serbia,Integral,https://www.integral.com,,"192 256 184, 260008077.1780, 9179010501, 128 544 138, 1026735368, 464 544 474, 576 480 540, 7496969728, 288 576 280, 384 448 391, 296 544 306","Skip to content Products Solutions About Get Demo Integral FX Modern trading workflow automation for institutional FX, CFD and precious metals. Liquidity Aggregation EMS Price Engine Distribution White Label Solutions"
Singapore,AECC Global,https://www.aeccglobal.com,name@example.com,"2247483648, +63282932250, +84969934533, +62 8787847476, 39917829398, 1098315935, +8801322867741, 1586149945, +66 0829536151, 18005724422, +97715970315, +234 912 4497923, 37139616674, +94706125475, +61370200720, 4406879254, 8777935231",Advice Events Find us AECC Office Locations Directory Find AECC offices across India in the following regions AECC Offices in Australia AECC Offices in Bangladesh AECC Offices in India AECC
Singapore,AHZ Associates,https://www.ahzassociates.com,info@ahzassociates.co.uk,"17640434496, 17528207595, 17640644449, 1268368563, 4109123758, 48842654126, 137-111 248, 17640463565, 17542252215, 97634359830, 17640630571, 17528198490, 17528169923, 2264125279, 448 288 448, 17640472641, 1310225428, +442073779630, 17528373010, 17528347012, 67935883549, 4406879254, 17640618541, 17640400631, 17599520470, 3020080000",Study in the UK Universities Courses Pathway Global Offices Apply Now Free Consultation Loading... Location University Courses Events Get Advice Please select location London Birmingham Manchester Glasgow Liverpool Leeds Bristol
Singapore,AUG Student Services,https://www.augstudentservices.com,,"641558 936.5443, 0731502245, 413845 796.4902, 712206 816.7122, 77769 926.7491, 192715 945.4660, 9136741558, 193591 812.8223, 747962 925.3470, 394635 941.6031, 205474 928.3108, 29279 937.7408, 877674 935.2465, 889813 945.7669, 297758 944.5367, 586144 816.1171, 445787 796.1616, 884526 813.5505, 228864 922.4737, 8860107525, 338349 926.6509, 901546 939.3476, 1605742501, 232554 946.2858, 454668 805.9751, 783264 796.1616, 527406 940.1078, 777786 942.0253, 1654000531, 664272 813.2219, 905345 926.5422, 864994 813.2219, 960567 942.9408, 947929 927.0191, 707431 933.2978, 091055 940.8724, 286122 941.3472, 371393 938.9009, 937215 937.7999, 415781 947.3501, 003519 796.4991, 194823 933.7915, 833973 935.4820, 69052 934.5599, 801177 937.3411, 625255 941.6329, 674923 806.3125, 897794 920.8560, 878792 935.8381, 682278 936.3214, 632369 940.3823, 882145 928.4678, 193591 796.1527, 533845 943.8422, 126062 793.5861, 426869 927.6106, 324464 939.8864, 753629 945.1267, 712206 794.3055, 045391 919.0934, 7065 945.1495, 863226 919.0210, 444207 939.2184, 222003 813.5505, 674923 796.8987, 899516 933.1651, 50449 925.9325, 288132 942.5323, 504215 934.3140, 653199 920.1196, 588533 927.2067, 9246537252, 085249 813.5505, 993697 947.4841, 302642 933.3818, 11020304243, 0124 806.3125, 213122 796.4902, 265859 933.8401, 422726 813.5505, 17546726266, 655391 796.1527, 427182 936.0456, 705385 933.6156, 085249 796.8898, 884572 944.4941, 969084 944.5062, 961 815.4067, 3005128376, 857173 924.4355, 0408471582, 783264 805.5754, 840026 919.7936, 208072 934.1303, 391422 937.3089, 1780484980, 790811 941.4399, 992868 812.8223, 298008 933.0827, 372917 919.2745, 494424 926.4637, 126062 816.7122, 9229695643, 199694 922.2745, 104195 933.9487, 856114 796.1527, 992868 796.1527, 478121 934.2868, 884526 796.8898, 52583 930.2485, 902777 933.4611, 404132 929.3008, 623946 930.0131, 937215 938.7416, 53815 939.2615, 164662 928.3169, 010104 938.9025, 199694 923.2162",Register Login Enquire Home Events Courses Institutions Careers Guide Study Student Services Scholarships About Us Contact 23 30th Anniversary - Event Highlights and Photo Stories 30th Anniversary Event Highlights and
Singapore,IDP UK aka IDP/ Hotcourses,https://www.idpuk.com,,"+1-303-893-0552, 1-303-893-0552","We value your privacy We use cookies to enhance your browsing experience, serve personalized ads or content, and analyze our traffic. By clicking Accept All, you consent to our use"
Singapore,StudyCo,https://www.studyco.com,,"1747327020, 1747327039, 1779209396, 1779100749, 1779173472, 1747327037, 1747380373, 1747327010, 8799675460",Skip to content Facebook-f Twitter Our Offices Why Choose StudyCo About StudyCo Resources Book Online Appointment Study Destination Migration  Visa Services Education Consultant Immigration Consultant TRUSTED EDUCATION  MIGRATION
Singapore,TheRightU,https://www.therightu.com,hello@therightu.com,"6596503225, 1780486930, 1352052654, 9216795841, +6563331300, 4406879254",Home Guide Universities Courses Fair Sep 26 Compare 0 Multi-Apply 0 About Us Privacy Policy Sign in GUIDE UNIVERSITIES COURSES COMPARE 0 MULTI-APPLY 0 FAIR SEP 26 ABOUT US Your
Slovenia,Integral,https://www.integral.com,,"192 256 184, 38554989081, 260008077.1780, 9179010501, 128 544 138, 1026735368, 464 544 474, 576 480 540, 7496969728, 288 576 280, 384 448 391, 296 544 306","Skip to content Products Solutions About Get Demo Integral FX Modern trading workflow automation for institutional FX, CFD and precious metals. Liquidity Aggregation EMS Price Engine Distribution White Label Solutions"
South Korea,IDP UK aka IDP/ Hotcourses,https://www.idpuk.com,,"+1-303-893-0552, 1-303-893-0552","We value your privacy We use cookies to enhance your browsing experience, serve personalized ads or content, and analyze our traffic. By clicking Accept All, you consent to our use"
South Korea,UKEN,https://www.uken.com,support@uken.com,,"GAMES COMPANY CAREERS NEWS Creators of Who Wants To Be A Millionaire, Jeopardy! World Tour, Avas Manor and more exciting mobile games. OUR COMPANY For over 15 years, Uken has"
Spain,Studies Planet,https://www.studiesplanet.com,uk@studiesplanet.com,"447377 7309, 1779169522, 7-3514740078, 451-200 200, 1999999999, 451 200-200, 1765541700, 666.6666666666, +447377730967, 033 248 248, 248 248-111, 1765541696, 451 200 200, 7377730967, 451-200-200",Emailukstudiesplanet.com - Contact447377730967 Home Courses Universities Events Rankings Scholarships Blog Contact Us Book A Free Consultation Start your journey here All Course Types Undergraduate UTP University Transfer Program Associate Degree
Sri Lanka,AECC Global,https://www.aeccglobal.com,name@example.com,"+63282932250, +84969934533, +62 8787847476, 39917829398, 1098315935, +8801322867741, 1586149945, +66 0829536151, 18005724422, +97715970315, +234 912 4497923, 37139616674, +94706125475, +61370200720, 4406879254, 8777935231",Advice Events Find us AECC Office Locations Directory Find AECC offices across India in the following regions AECC Offices in Australia AECC Offices in Bangladesh AECC Offices in India AECC
Sri Lanka,AHZ Associates,https://www.ahzassociates.com,info@ahzassociates.co.uk,"17640434496, 17528207595, 17640644449, 1268368563, 4109123758, 48842654126, 137-111 248, 17640463565, 17542252215, 97634359830, 17640630571, 17528169923, 17528198490, 2264125279, 448 288 448, 17640472641, 1310225428, +442073779630, 17528373010, 17528347012, 67935883549, 4406879254, 17640618541, 17640400631, 17599520470, 3020080000",Study in the UK Universities Courses Pathway Global Offices Apply Now Free Consultation Loading... Location University Courses Events Get Advice Please select location London Birmingham Manchester Glasgow Liverpool Leeds Bristol
Sri Lanka,ApplyBoard,https://www.applyboard.com,,"2147483647, 833 958 804, 1432718904, 1595992025, 1348078617, 1656994552, 829 829 842, 82.6666666667, 167 167 154, 2985984737, 2481764524, 2147483645, 2685733372, 2933276541, 333 958 304, 846 783 846, 833 171 804, 3128134379, 2147483646, 91.3333333333, 448 288 448, 30.6666666667, 771 138 800, 1780417547, 3670563033, 2512015367, 137 775 137, 3508454897, 3967842156, 1041095097, 3281949485, 783 846 800, 3921366393, 13.3333333333, 858 225 858, 817 846 804, 229 863 200, 2083580917, 167 829 196, 150 179 158, 1632949049, 65.3333333333, 583 958 554, 2699082514, 229 154 242, 0.0666666666, 150 212 150, 846 817 842, 767 842 750, 4261551600, 217 150 196, 2369186930, 3064412225, 842 767 846, 154 233 150, 179 150 196, 2417249464, 1222083472","Students Study Destinations Partners Register as a Student Log In Your Future Goes Beyond Borders Explore 1,500 global universities and colleges. Submit your best possible application with a 95 success"
Sri Lanka,Crizac,https://www.crizac.com,"info@crizac.com, compliance@crizac.com, info@ucol.co.uk","2231208816, 4215001867, 0392156863, 7530412057, 2796099819, 4287775999, 3665500218, 49324069496","About Us Investors Partner With Us Book An Appointment Contact Us LOGIN Your Gateway to Global Connection Solutions for Universities and Recruitment Partners With our experience, expertise and ability to"
Sri Lanka,IDP UK aka IDP/ Hotcourses,https://www.idpuk.com,,"+1-303-893-0552, 1-303-893-0552","We value your privacy We use cookies to enhance your browsing experience, serve personalized ads or content, and analyze our traffic. By clicking Accept All, you consent to our use"
Sri Lanka,StudyCo,https://www.studyco.com,,"1747327020, 1747327039, 1779209396, 1779100749, 1779173472, 1747327037, 1747380373, 1747327010, 8799675460",Skip to content Facebook-f Twitter Our Offices Why Choose StudyCo About StudyCo Resources Book Online Appointment Study Destination Migration  Visa Services Education Consultant Immigration Consultant TRUSTED EDUCATION  MIGRATION
Sri Lanka,StudyIn,https://www.studyin.com,info@univs.com,1780484544,Skip to content Institutes Programs Countries How It Works For Partners About Us Sign In Start Free PAGE NOT FOUND 404 The page you are looking for is not available.
Taiwan,IDP UK aka IDP/ Hotcourses,https://www.idpuk.com,,"+1-303-893-0552, 1-303-893-0552","We value your privacy We use cookies to enhance your browsing experience, serve personalized ads or content, and analyze our traffic. By clicking Accept All, you consent to our use"
Taiwan,Oxbridge Consulting,https://www.oxbridgeconsulting.com,,"+1-303-893-0552, 1-303-893-0552","We value your privacy We use cookies to enhance your browsing experience, serve personalized ads or content, and analyze our traffic. By clicking Accept All, you consent to our use"
Taiwan,StudyIn,https://www.studyin.com,info@univs.com,1780484544,Skip to content Institutes Programs Countries How It Works For Partners About Us Sign In Start Free PAGE NOT FOUND 404 The page you are looking for is not available.
Taiwan,Westminster International,https://www.westminsterinternational.com,,"+1-303-893-0552, 1-303-893-0552","We value your privacy We use cookies to enhance your browsing experience, serve personalized ads or content, and analyze our traffic. By clicking Accept All, you consent to our use"
Tanzania,Crizac,https://www.crizac.com,"info@crizac.com, compliance@crizac.com, info@ucol.co.uk","2231208816, 4215001867, 0392156863, 7530412057, 2796099819, 4287775999, 3665500218, 49324069496","About Us Investors Partner With Us Book An Appointment Contact Us LOGIN Your Gateway to Global Connection Solutions for Universities and Recruitment Partners With our experience, expertise and ability to"
Tanzania,StudyIn,https://www.studyin.com,info@univs.com,1780484544,Skip to content Institutes Programs Countries How It Works For Partners About Us Sign In Start Free PAGE NOT FOUND 404 The page you are looking for is not available.
Tanzania,UNISERV,https://www.uniserv.com,,"7231 936 1000, 1770291307, 1779446805","Unternehmen Karriere Support Newsletter Kontakt Lösungen Consulting Software Kunden Wissen Perfekte Kundendaten für Ihren Erfolg Customer Data Experts Erleben Sie, wie erstklassige Kundendaten Ihre Prozesse revolutionieren. Ob Datenqualität, Master Data"
Thailand,AECC Global,https://www.aeccglobal.com,name@example.com,"2247483648, +63282932250, +84969934533, +62 8787847476, 39917829398, 1098315935, +8801322867741, 1586149945, +66 0829536151, 18005724422, +97715970315, +234 912 4497923, 37139616674, +94706125475, +61370200720, 4406879254, 8777935231",Advice Events Find us AECC Office Locations Directory Find AECC offices across India in the following regions AECC Offices in Australia AECC Offices in Bangladesh AECC Offices in India AECC
Thailand,Crizac,https://www.crizac.com,"info@crizac.com, compliance@crizac.com, info@ucol.co.uk","2231208816, 4215001867, 0392156863, 7530412057, 2796099819, 4287775999, 3665500218, 49324069496","About Us Investors Partner With Us Book An Appointment Contact Us LOGIN Your Gateway to Global Connection Solutions for Universities and Recruitment Partners With our experience, expertise and ability to"
Thailand,Gouni,https://www.gouni.com,,,___ Inquire about this domain
Thailand,IDP UK aka IDP/ Hotcourses,https://www.idpuk.com,,"+1-303-893-0552, 1-303-893-0552","We value your privacy We use cookies to enhance your browsing experience, serve personalized ads or content, and analyze our traffic. By clicking Accept All, you consent to our use"
Thailand,One Education,https://www.oneeducation.com,service@atom.com,"56.3000000000, 16462274206, 48.4000000000, 29.0999999999, 1268368563, 4109123758, 78274772730, 13.9699999999, 2264125279, 57.4000000000, 9175568622, 1-877-355-3585, 1310225428, 11.2999999999, 5333333333, (877) 355-3585, 300923599.1780, 9.8999999999, 1215686275, +18773553585, 34.8000000000, 3020080000",OneEducation.com is for sale! Strong Buyer Interest Recently viewed or shortlisted by 4 buyers. Secure Transactions Atom holds your payment until the domain is in your account. Funds are released
Thailand,StudyIn,https://www.studyin.com,info@univs.com,1780484544,Skip to content Institutes Programs Countries How It Works For Partners About Us Sign In Start Free PAGE NOT FOUND 404 The page you are looking for is not available.
Thailand,The Mastery,https://www.themastery.com,information@interactive-consultancies.co.uk,,Home  Home Whats On Locations Organisation Leaders Ethics Webmaster Welcome to the website which connects you to the workshop The Mastery of Self Expression In the UK Created by
Thailand,Westminster International,https://www.westminsterinternational.com,,"+1-303-893-0552, 1-303-893-0552","We value your privacy We use cookies to enhance your browsing experience, serve personalized ads or content, and analyze our traffic. By clicking Accept All, you consent to our use"
The Bahamas,Beach Education LTD,https://www.beacheducation.com,"fiona@beacheducation.com, user@domain.com, hello@beacheducation.com","8.3333333333, 2714460467, 1.2761904761, 9592168125, 0.7433776217, 1.0299625468, 7715 286 144, 16406611251, 83.4981818181, 7036148989, 117.4329501915, 3301280612, 122.5142857142, 16.6666666666, 105.0000000000, 8436 125 106, 022 125 122, 0.5055350553, 748.9329685362, 14.1121128969, 0.6329004329, 41.6666666666, 120.4607789358, 2.7538726333","Select Accept all to agree to our use of cookies and similar technologies to enhance your browsing experience, security, analytics and customization. Select Manage cookies to make more choices or"
Trinidad and Tobago,Beach Education LTD,https://www.beacheducation.com,"fiona@beacheducation.com, user@domain.com, hello@beacheducation.com","8.3333333333, 2714460467, 1.2761904761, 9592168125, 0.7433776217, 1.0299625468, 7715 286 144, 16406611251, 83.4981818181, 7036148989, 117.4329501915, 3301280612, 122.5142857142, 16.6666666666, 105.0000000000, 8436 125 106, 022 125 122, 0.5055350553, 748.9329685362, 14.1121128969, 0.6329004329, 41.6666666666, 120.4607789358, 2.7538726333","Select Accept all to agree to our use of cookies and similar technologies to enhance your browsing experience, security, analytics and customization. Select Manage cookies to make more choices or"
Türkiye,ApplyBoard,https://www.applyboard.com,,"2147483647, 833 958 804, 1432718904, 1595992025, 1348078617, 1656994552, 1780484735, 829 829 842, 82.6666666667, 167 167 154, 2985984737, 2481764524, 2147483645, 2685733372, 2933276541, 333 958 304, 846 783 846, 833 171 804, 3128134379, 2147483646, 91.3333333333, 229 863 200, 448 288 448, 30.6666666667, 771 138 800, 1780417547, 3670563033, 2512015367, 137 775 137, 3508454897, 3967842156, 1041095097, 3281949485, 9172961160, 3921366393, 13.3333333333, 858 225 858, 783 846 800, 817 846 804, 2083580917, 167 829 196, 150 179 158, 4406879254, 1632949049, 65.3333333333, 583 958 554, 2699082514, 1949140306, 0.0666666666, 150 212 150, 229 154 242, 846 817 842, 767 842 750, 4261551600, 217 150 196, 2369186930, 3064412225, 842 767 846, 154 233 150, 179 150 196, 2417249464, 1222083472","Students Study Destinations Partners Register as a Student Log In Your Future Goes Beyond Borders Explore 1,500 global universities and colleges. Submit your best possible application with a 95 success"
Türkiye,ATEC,https://www.atec.com,,"281.276.2700, 281.240.2682",PRODUCTS AND SERVICES CAREERS CONTACT A NEW ERA IS HERE. DEFENSE  SPACE  TEST CELLS Solutions for Jet and Rocket Engine Propulsion LETS GO CONFIDENCE Atec has repeatedly earned
Türkiye,Atlas,https://www.atlas.com,,,ATLAS.COM The domain name ATLAS.COM is available for sale or other proposals. Contact through Grails for details A Strategic-Grade domain name delivers a level of value that other domain names
Türkiye,British Side,https://www.britishside.com,info@britishside.com,"+902123272701, 1335090448, 1780487176",Education in UK Online Placement Test e-Student Home Courses Exams CELTA  DELTA Corporate British Side Contact us English British Side is the smartest way to learn English! English Courses
Türkiye,Crizac,https://www.crizac.com,"info@crizac.com, compliance@crizac.com, info@ucol.co.uk","2231208816, 4215001867, 0392156863, 7530412057, 2796099819, 4287775999, 3665500218, 49324069496","About Us Investors Partner With Us Book An Appointment Contact Us LOGIN Your Gateway to Global Connection Solutions for Universities and Recruitment Partners With our experience, expertise and ability to"
Türkiye,Edcon,https://www.edcon.com,,,"Skip to content Airborne Data Acquisition Marine Data Acquisition Land Gravity Acquisition Data Services Data Coverage Maps Our Company EDCON-PRJ, Inc. The World Leader in Gravity and Magnetic Services Read"
Türkiye,First EDUMATE,https://www.firstedumate.com,"adana@firstedumate.com, info@firstedumate.com","+90 216 368 6368, 2147483647, 1777576176, 1777632880, 1368190588, 10805966979, 7496969728, 1780486787, 8855234924, 2147483645, 759 0420 925, +90 543 636 8176, 4406879254, +902163686368, +905436368176","Daha iyi bir deneyim için izninizi istiyoruz. En iyi deneyimleri sunmak için, cihaz bilgilerini saklamak veveya bunlara erişmek amacıyla çerezler gibi teknolojiler kullanıyoruz. Bu teknolojilere izin vermek, bu sitedeki tarama"
Türkiye,IDP UK aka IDP/ Hotcourses,https://www.idpuk.com,,"+1-303-893-0552, 1-303-893-0552","We value your privacy We use cookies to enhance your browsing experience, serve personalized ads or content, and analyze our traffic. By clicking Accept All, you consent to our use"
Türkiye,Myeducoach,https://www.myeducoach.com,info@myeducoach.com,"9950337763, 1754697600, 1753920000, 1743847132, 1422906735, 1743847148, 7496969728, 1754092800, 1754006400, 1750032000, 1768038255, 1768038218, 1779919825, 1780408474, 1754265600, 1743847160, 1779919824, 1743847169",Ana Sayfa Üniversiteler İngiltere Üniversiteleri Russell Group Üniversiteleri İngilterenin En İyi Üniversiteleri Hollanda Üniversiteleri Polonya Üniversiteleri Almanya Üniversiteleri Macaristan Üniversiteleri Çekya Üniversiteleri Amerika Üniversiteleri Kanada Üniversiteleri Yurtdışında Eğitim İngilterede Eğitim
Türkiye,StudyIn,https://www.studyin.com,info@univs.com,1780484544,Skip to content Institutes Programs Countries How It Works For Partners About Us Sign In Start Free PAGE NOT FOUND 404 The page you are looking for is not available.
Turks and Caicos Islands,Beach Education LTD,https://www.beacheducation.com,"fiona@beacheducation.com, user@domain.com, hello@beacheducation.com","8.3333333333, 2714460467, 1.2761904761, 9592168125, 0.7433776217, 1.0299625468, 7715 286 144, 16406611251, 83.4981818181, 7036148989, 117.4329501915, 3301280612, 122.5142857142, 16.6666666666, 105.0000000000, 8436 125 106, 022 125 122, 0.5055350553, 748.9329685362, 14.1121128969, 0.6329004329, 41.6666666666, 120.4607789358, 2.7538726333","Select Accept all to agree to our use of cookies and similar technologies to enhance your browsing experience, security, analytics and customization. Select Manage cookies to make more choices or"
Uganda,Crizac,https://www.crizac.com,"info@crizac.com, compliance@crizac.com, info@ucol.co.uk","2231208816, 4215001867, 0392156863, 7530412057, 2796099819, 4287775999, 3665500218, 49324069496","About Us Investors Partner With Us Book An Appointment Contact Us LOGIN Your Gateway to Global Connection Solutions for Universities and Recruitment Partners With our experience, expertise and ability to"
Uganda,StudyIn,https://www.studyin.com,info@univs.com,1780484544,Skip to content Institutes Programs Countries How It Works For Partners About Us Sign In Start Free PAGE NOT FOUND 404 The page you are looking for is not available.
Uganda,UNISERV,https://www.uniserv.com,info@uniserv.com,"1779446805, 1780474421, 7231 936 1000, +4972319361000, 1770291307, 1778581767","Unternehmen Karriere Support Newsletter Kontakt Lösungen Consulting Software Kunden Wissen Perfekte Kundendaten für Ihren Erfolg Customer Data Experts Erleben Sie, wie erstklassige Kundendaten Ihre Prozesse revolutionieren. Ob Datenqualität, Master Data"
UK,AHZ Associates,https://www.ahzassociates.com,info@ahzassociates.co.uk,"17640434496, 17528207595, 17640644449, 1268368563, 4109123758, 48842654126, 137-111 248, 17640463565, 17542252215, 97634359830, 17640630571, 17528169923, 17528198490, 2264125279, 448 288 448, 17640472641, 1310225428, +442073779630, 17528373010, 17528347012, 67935883549, 4406879254, 17640618541, 17640400631, 17599520470, 3020080000",Study in the UK Universities Courses Pathway Global Offices Apply Now Free Consultation Loading... Location University Courses Events Get Advice Please select location London Birmingham Manchester Glasgow Liverpool Leeds Bristol
UK,Amber Education,https://www.ambereducation.com,,"+1-303-893-0552, 1-303-893-0552","We value your privacy We use cookies to enhance your browsing experience, serve personalized ads or content, and analyze our traffic. By clicking Accept All, you consent to our use"
UK,British University Placements,https://www.britishuniversityplacements.com,info@britishuniversityplacements.com,"490213806-0000, 107050566-1650",HOME WHY STUDY IN THE UK? THE PROCESS FAQS APPLY SCROLL DOWN British University Placements provides a dedicated service to international students who wish to continue their education at UK
UK,Crizac,https://www.crizac.com,"info@crizac.com, compliance@crizac.com, info@ucol.co.uk","2231208816, 4215001867, 0392156863, 7530412057, 2796099819, 4287775999, 3665500218, 49324069496","About Us Investors Partner With Us Book An Appointment Contact Us LOGIN Your Gateway to Global Connection Solutions for Universities and Recruitment Partners With our experience, expertise and ability to"
UK,Edcon,https://www.edcon.com,,,"Skip to content Airborne Data Acquisition Marine Data Acquisition Land Gravity Acquisition Data Services Data Coverage Maps Our Company EDCON-PRJ, Inc. The World Leader in Gravity and Magnetic Services Read"
UK,Edlogica,https://www.edlogica.com,hello@edlogica.com,"7003019257, 3330742486, +234 916 638 1923, 50519040134, 1227945197, 95362891311, +97 158 961 4654, 8488467628, 4439977144, 2323434324, 20226882513, 7867836309, 49345266810, 66322768112, 1460400279, +234 916 638 1934, 3191013716, 1025241472, +44 203 930 9666","Deprecated Using expr variable variables in strings is deprecated, use expr instead in home3edlogic1public_htmlapplicationcoreMY_Lang.php on line 103 A PHP Error was encountered Severity Warning Message ini_set Session ini settings cannot"
UK,EIC,https://www.eic.com,"escrow@k-v.com, email@domain.com",555-000-0000,"EIC.com EIC.com is for sale! 1,000,000 USD Buy with Escrow.com Buy at GoDaddy.com Buy at Sedo.com  OR  Contact Owner Thank you for visiting our domain sales page. Why"
UK,First EDUMATE,https://www.firstedumate.com,"adana@firstedumate.com, info@firstedumate.com","+90 216 368 6368, 2147483647, 1777576176, 1777632880, 1368190588, 10805966979, 7496969728, 1780486787, 8855234924, 2147483645, 759 0420 925, +90 543 636 8176, 4406879254, +902163686368, +905436368176","Daha iyi bir deneyim için izninizi istiyoruz. En iyi deneyimleri sunmak için, cihaz bilgilerini saklamak veveya bunlara erişmek amacıyla çerezler gibi teknolojiler kullanıyoruz. Bu teknolojilere izin vermek, bu sitedeki tarama"
UK,Global Study UK,https://www.globalstudyuk.com,,"829 829 842, 1780398498, 167 167 154, 1780410189, 292 187 292, 846 713 829, 846 783 846, 833 171 804, 1780485395, 783 288 800, 308 863 321, 692 858 704, 1845079461, 217 708 204, 815 119 130, 7496969728, 1780326369, 1762870935, 354 125 338, 229 154 242, 125 613 133, 154 292 171, 846 817 842, 217 150 196, 313 142 300, 179 150 196, 708 187 708, 333 958 304, 204 296 221, 1017989647, 771 138 800, 1780413064, 871 338 875, 150 179 158, 867 629 875, 129 663 125, 354 875 371, 150 212 150, 1780412102, 796 708 779, 646 875 663, 504 296 521, 1780414183, 1762870932, 125 325 129, 875 679 871, 133 375 125, 229 863 200, 783 846 800, 858 225 858, 471 708 454, 713 487 713, 167 829 196, 865 139 109, 1780401603, 1780326370, 583 958 554, 713 812 713, 767 842 750, 592 139 110, 154 233 150, 875 388 867, 833 958 804, 692 142 675, 288 817 288, 1780405922, 40984397351, 521 713 504, 171 704 154, 1780398563, 137 775 137, 817 846 804, 1780405204, 292 487 292, 842 767 846, 047 119 129, 833 296 850, 454 292 471","About Us Universities Services Open Services Contact Us Register Now Begin Your Adventure and Study in the UK Discover world-class education, vibrant culture, and endless opportunities as you take the"
UK,Glory Education Services Ltd,https://www.gloryeducationservices.com,"dd0a55ccb8124b9c9d938e3acf41f8aa@sentry.wixpress.com, 18d2f96d279149989b95faf0a4b41882@sentry-next.wixpress.com, info@gloryeducationservices.com, 8c4075d5481d476e945486754f783364@sentry.io, 605a7baede844d278b89dc95ae0a9123@sentry-next.wixpress.com, 5d1795a2db124a268f1e1bd88f503500@sentry.wixpress.com, 98b21aa53d68482b8414e892d9af0e5f@sentry-next.wixpress.com, 78f7996315bc402f9dcb8a2f974b82d1@sentry.wixpress.com, c183baa23371454f99f417f6616b724d@sentry.wixpress.com, example@mysite.com","3310412303, 27.5778785488, 11.2343766164, 50.8552640502, 0.9977116704, 2878224654, 1238702267, 13165477-8205, 1.0028089887, 42.4286971245, 11.2273568453, 3391-9791905, 309-7865384, 2054135103, 99999999999, 24.8060901348, 6.1538461538, 009-2120061, 23.3954691747, 2.5491135944, 12.6182965299, 46.5149937132, 4.1810250643, 3332510527, 1.1018392486, 16.5504358158, 43.7066255683, 0.8121637426, 9099468983, 2490108247, 7.0175438596, 11.6959064327, 46.0567823343, 9999999999, 4.7298897704, 14.0423981069, 30.7692307692, 2339026183, 419.2000122070, 00023225876, 2795113657, 5.4416403785, 3712316483, 67.1924290220, 59.7318631241, 0.8771929824, 11.2238448169, 30.3930051489, 9220917692, 777-6559005, 85.9649122807, 78.4113790710, 45.6396225600, 35.9621451104, 0.8121594559, 87.6923076923, 11.2273654164, 0.0000999999, 82.9879712607, 1780486369, 1717079961, 37.1125739917, 4.7318611987","INQUIRE NOW Empowering Your Journey Since 2005, we have been dedicated to providing comprehensive support for students and parents worldwide aiming for academic excellence in Singapore. Apply Now Our Educational"
UK,IDP UK aka IDP/ Hotcourses,https://www.idpuk.com,,"+1-303-893-0552, 1-303-893-0552","We value your privacy We use cookies to enhance your browsing experience, serve personalized ads or content, and analyze our traffic. By clicking Accept All, you consent to our use"
UK,Index,https://index.com,,,"index.com is parked free, courtesy of GoDaddy.com. Get This Domain Related Searches index Copyright  1999-2026 GoDaddy, LLC. All rights reserved. Privacy Policy Disclaimer References to any specific company, product"
UK,Inova Education,https://www.inovaeducation.com,,"1776739780, 1776739779, 1717067731",Skip to main content ABOUT INOVA ABOUT INOVA HOW WE HELP MEET THE TEAM CAREERS AT INOVA CONTACT US STUDYING ABROAD STUDYING ABROAD STUDY IN THE UK STUDY IN HOLLAND
UK,INTO,https://www.into.co.uk,,,"Home About Portfolio Vacancies Contact Lighting Design Specialists With over 45 years of experience, Into Lighting is a leading multidisciplinary lighting design consultancy dedicated to transforming spaces through innovative lighting"
UK,NCUK,https://www.ncuk.com,,,Skip to content my.ncuk.net Login Home Services Web Hosting Co-location Dedicated VPS Servers IP Transit Datacentres Telehouse Telehouse West Telecity 6-7 Harbour Exchange Telecity Sovereign House Surrey About Us About
UK,Qobolak,https://www.qobolak.com,info@qobolak.com,"1780485382, 1773730655, 1778760211, 1039085063, 97477999046, 97430359999, 89234688517, 974 7799 9046, 1778760656, +97440060074, +92 340 1111820, 974 3035 9999, 1.0000000000, +923401111820, 966 9200035, 17711206905, 9234699589, 1780486762, 9200353589, 9234688517, +966920003502, 0.2000000000, 96596969561, 97440060074, +96596969561, +966540232921",Home About Us Services Graduates Know More! Partners Contact Us Apply Now Book IELTS Test العربية IELTS Official Test Center Book Now WHAT WE DO Message From Qabolak We provide
UK,Studies Planet,https://www.studiesplanet.com,uk@studiesplanet.com,"447377 7309, 1779169522, 451-200 200, 1999999999, 451 200-200, 1765541700, 666.6666666666, 7-2809026792, +447377730967, 033 248 248, 248 248-111, 1765541696, 451 200 200, 7377730967, 451-200-200",Emailukstudiesplanet.com - Contact447377730967 Home Courses Universities Events Rankings Scholarships Blog Contact Us Book A Free Consultation Start your journey here All Course Types Undergraduate UTP University Transfer Program Associate Degree
UK,StudyIn,https://www.studyin.com,info@univs.com,1780484544,Skip to content Institutes Programs Countries How It Works For Partners About Us Sign In Start Free PAGE NOT FOUND 404 The page you are looking for is not available.
UK,The Broad Club,https://www.thebroadclub.com,,"1780478445, 833 958 804, 1780478461, 892 621 938, 979 500 979, 829 829 842, 704-6992203, 196 192 279, 721 108 808, 167 167 154, 1780478451, 938 279 896, 1776762198, 846 783 846, 833 171 804, 448 288 448, 633 975 500, 1780478444, 771 138 800, 1691538916, 1780478465, 279 933 379, 379 108 279, 500 938 379, 137 775 137, 808 808 725, 229 863 200, 783 846 800, 254 929 367, 933 500 933, 817 846 804, 858 225 858, 975 367 929, 746 163 837, 7496969728, 1776762206, 167 829 196, 150 179 158, 929 746 975, 1492457005, 583 958 554, 633 979 746, 229 154 242, 150 212 150, 846 817 842, 767 842 750, 217 150 196, 842 767 846, 621 892 725, 196 808 113, 154 233 150, 179 150 196, 933 838 837, 333 958 304","Ir al contenido Inicio Que hacemos Destinos Preguntas frecuentes Blog Servicios Exclusivos Estrategia Académica Real. Oportunidades Globales. No somos una agencia. Somos tu referente estratégico en educación internacional Consultoría honesta,"
UK,TopCourses,https://www.topcourses.co.uk,,"1515579399, 1812271804, 020 7148 5985, 0121 450 9300, 0800 644 6569, 1780487425, 020 3286 9260, 02034882333, 3025194257, 020 7292 9140, 0845 890 1701, 020 7403 9000",Home Get a quote Contacts Training Company Classifieds Offers Blog Sign In Sign Up Add your Business Find a UK Training Company Find the best courses available in the UK.
UK,UNISERV,https://www.uniserv.com,info@uniserv.com,"1779446805, 1780474421, 7231 936 1000, +4972319361000, 1770291307, 1778581767","Unternehmen Karriere Support Newsletter Kontakt Lösungen Consulting Software Kunden Wissen Perfekte Kundendaten für Ihren Erfolg Customer Data Experts Erleben Sie, wie erstklassige Kundendaten Ihre Prozesse revolutionieren. Ob Datenqualität, Master Data"
UK,Uoffer Global,https://www.uofferglobal.com,,,"联系我们 总邮箱 contactusuofferglobal.com 客服投诉 customer.serviceuofferglobal.com 商务合作 partnershipuofferglobal.com 客户服务 关于我们 联系我们 常见问题 货币和语言 中国 人民币, 中文 课程分类 大学预科 本科 硕士预科 硕士 Copyright  2017 W L HILLSIDE INVESTMENT LIMITED All rights"
UK,Vantage Basketball,https://www.vantagebasketball.com,info@vantagebasketball.com,"448 288 448, 8872-9760762, 20151994676","Our Approach Case Studies Athlete Profiles Contact ANALYTICALLY ADVANCED PLAYER RECRUITMENT Vantage Basketball, a full-service NBA and FIBA licensed agency, utilizes a distinctive and innovative approach to athlete representation, ensuring"
UK,Westminster International,https://www.westminsterinternational.com,,"+1-303-893-0552, 1-303-893-0552","We value your privacy We use cookies to enhance your browsing experience, serve personalized ads or content, and analyze our traffic. By clicking Accept All, you consent to our use"
Ukraine,Business Link,https://www.businesslink.com,"support-us@businesslink.com, support-fr@businesslink.com, support-au@businesslink.com","00000017827, 00000017829, 00000017825, 00000017822, 0000001781, 5490132970, 00000017820, 122.2077286844, 00000017824, +1 425 602 4777, 00000017821, 47.6599495922, 2.0546985156, 00000017823, 0000001789, 2628.7471532, 0000001782, 2687.2597785, 48.7867172137, 00000017897",CONTACT TEAM TECHNOLOGY ABOUT BRANDS Introducing our brands Innovative cloud-based camp management  bookings software LEARN MORE Crowd-scheduling software for businesses that offer onsite measure  quotes to prospective clients
Ukraine,Eduinternational,https://www.eduinternational.com,,,The domain eduinternational.com is for sale! Click here to learn more. eduinternational.com Search for information Search  2026 eduinternational.com. All rights reserved.
Ukraine,StudyIn,https://www.studyin.com,info@univs.com,1780484544,Skip to content Institutes Programs Countries How It Works For Partners About Us Sign In Start Free PAGE NOT FOUND 404 The page you are looking for is not available.
United Arab Emirates,Edlogica,https://www.edlogica.com,hello@edlogica.com,"7003019257, 3330742486, +234 916 638 1923, 50519040134, 1227945197, 95362891311, +97 158 961 4654, 8488467628, 4439977144, 2323434324, 20226882513, 7867836309, 49345266810, 66322768112, 1460400279, +234 916 638 1934, 3191013716, 1025241472, +44 203 930 9666","Deprecated Using expr variable variables in strings is deprecated, use expr instead in home3edlogic1public_htmlapplicationcoreMY_Lang.php on line 103 A PHP Error was encountered Severity Warning Message ini_set Session ini settings cannot"
United Arab Emirates,Global Study UK,https://www.globalstudyuk.com,,"829 829 842, 1780398498, 167 167 154, 1780410189, 292 187 292, 846 713 829, 846 783 846, 833 171 804, 1780485395, 783 288 800, 308 863 321, 692 858 704, 1845079461, 217 708 204, 815 119 130, 7496969728, 1780326369, 1762870935, 354 125 338, 229 154 242, 125 613 133, 154 292 171, 846 817 842, 217 150 196, 313 142 300, 179 150 196, 708 187 708, 333 958 304, 204 296 221, 1017989647, 771 138 800, 1780413064, 871 338 875, 150 179 158, 867 629 875, 129 663 125, 354 875 371, 150 212 150, 1780412102, 796 708 779, 646 875 663, 504 296 521, 1780414183, 1762870932, 125 325 129, 875 679 871, 133 375 125, 229 863 200, 783 846 800, 858 225 858, 471 708 454, 713 487 713, 167 829 196, 865 139 109, 1780401603, 1780326370, 583 958 554, 713 812 713, 767 842 750, 592 139 110, 154 233 150, 875 388 867, 833 958 804, 692 142 675, 288 817 288, 1780405922, 521 713 504, 171 704 154, 1780398563, 137 775 137, 817 846 804, 1780405204, 292 487 292, 842 767 846, 047 119 129, 833 296 850, 454 292 471","About Us Universities Services Open Services Contact Us Register Now Begin Your Adventure and Study in the UK Discover world-class education, vibrant culture, and endless opportunities as you take the"
United Arab Emirates,IDP UK aka IDP/ Hotcourses,https://www.idpuk.com,,"+1-303-893-0552, 1-303-893-0552","We value your privacy We use cookies to enhance your browsing experience, serve personalized ads or content, and analyze our traffic. By clicking Accept All, you consent to our use"
United Arab Emirates,IGEC,https://www.igec.com,,,"The domain name IGEC.COM is for sale Price US115000 Get On The Web Limited some years ago registered for its websites, portals and projects a number of generic domain names"
United Arab Emirates,StudyCo,https://www.studyco.com,,"1747327020, 1747327039, 1779209396, 1779100749, 1779173472, 1747327037, 1747380373, 1747327010, 8799675460",Skip to content Facebook-f Twitter Our Offices Why Choose StudyCo About StudyCo Resources Book Online Appointment Study Destination Migration  Visa Services Education Consultant Immigration Consultant TRUSTED EDUCATION  MIGRATION
United Arab Emirates,StudyIn,https://www.studyin.com,info@univs.com,1780484544,Skip to content Institutes Programs Countries How It Works For Partners About Us Sign In Start Free PAGE NOT FOUND 404 The page you are looking for is not available.
United Arab Emirates,UniPartner,https://www.unipartner.com,"18d2f96d279149989b95faf0a4b41882@sentry-next.wixpress.com, 8eb368c655b84e029ed79ad7a5c1718e@sentry.wixpress.com, 605a7baede844d278b89dc95ae0a9123@sentry-next.wixpress.com, 5d1795a2db124a268f1e1bd88f503500@sentry.wixpress.com, 2062d0a4929b45348643784b5cb39c36@sentry.wixpress.com, contact@unipartner.com","3537389287, 0.0002342941, 319.9996748046, 99999999999, 0.8519856168, 2-7458366165, 100.2182717442, 1.1480143831, 2147483648, 86.3354364918, (485.0003007, 0.5681470137, 100.1535465727, 99.5000833753, 252.8498439668, 100.0986250774, (150.3967237, 93.9191149909, 54.9833374023, 96147079593, 72873065901, 107.8833312988, 20.1880000000, 2305195801, 24.0783292376, 49.0045487450, 99.9514116609, 37.5476074218, 100.0032103535, 20.0000305175, 27.7762346536, 1.2316666666, 13.8290600898, 2147483647, 67.0658710748, 100.0032088864, 25.8166503906, 0.6666666666, 6682217374, 937.3833007812, 96.8174038065, 2.7333068847, 72.2793773851, 0.8399903021, 1780408836, 79.7226020090, 6.0000061035, 49.9833374023, 60.1166687011, 137.0095214843, 2015960785, 15.9999694824, 59.0474336336, 3372578893, 1.1600096978, 71.8831368447, 1440.0833862, 0.4674025526, 66.2262047132, 110.9747123123, 573-8475973, 96.9825274798, 28.2680939965, 100.0000083566, 160.4952392578, 0.6687435098, 99.9901072208, 60.7333221435, 35.2333374023, 1.0799875313, 2128011436, 99.9930577329, 45348643784, 0.9200121768, 20.0000552127, 0.0024414062, (280.0003496, 100.0977731685, 2.7333679199, 99.9583510365, 99.9811776627, 90.0900818338, 12472627565, 50.8666381835, 171.2879737985, 99.988 100 2273, 82.1663877862, 78.1046559008, 351 210 171, 0.9199939299, 1028.0999755, 777-6559005, 250.2785373677, 81.5499725341, 1.0800060700, 137.0074055989, 76.1235164817, 99.9927582039, 71.5990142768, 199.9974496093, 100.0030296549, 16.0000152587, 0.9200124686, 99.9611211580, 100.0547015471, 48.9313110670, 16.0000305175, 3391-9791905, 5.0000000000, 100.4379390449, 137.0095389229, 72.2800391294, 84.7878750887, 91.7416083475, 13.8997395833, 121.0512903168, 16.6100033536, 52.0720103831, 99.8466963168, 85.2166748046, 96973170911, 58.4478412679, 2352141355, 2545352419, 32.1079120204, 389.5833129882, 68.0171676237, 1.0799878231, 99.9944995829, 26.7574614110, 99.9967804595, 89.9000091552, 40409312-1151, 02233374943, 46.1538461538, (179.9960789, 99.5641769162, 79.4061989931, 21.5818932688, 40171650445","Industries Services Technologies News  Insights Careers About us LEADING TOGETHER People, Sustainability and Digital Helping clients innovate, evolve continuously, and exceed their goals through their digital transformation journey AI"
United States of America,SML Sports,https://smlsports.com,,"011047.1777, 1.199891.1988, 146 784 154, 1.788727.1988, 596574.4777, 699936.4198, 93.740193.2110, 198857.2444, 1.011019.9059, (866) 351-9586, 777.353524.1555, 1.644295.6407, 744376.5413, 1.722066.1546, 011048.3555, 1.522084.4529, 086.144432.4860, 1.259432.2777, 1.237336.8332, 110476.8443, 311083.5744, 2.433112.4529, 1.524575.3888, 254096.6554, 32.729144.3888, 48.344413.1215, 611055.3424, 102.916954.4110, 533285.0441, 144432.1546, 488845.2872, 711047.8506, 243048.3555, 622166.3314, 97.344414.9059, 455514.7954, 8610226873, 861716.1333, 488845.5302, 1.455424.3535, 1.533285.1215, 1.292575.4444, 2.433294.2761, 7.132572.1999, 199982.7180, 599946.1325, 475049.1888, 972194.0999, 154667.5888, 388854.0110, 1.281527.2666, 1.193145.9888, 343.833258.9390, 5.211092.3756, 222203.6076, 1.458289.1222, 1.744286.4419, 911029.9832, 452953.2333, 1.270479.0999, 1.237336.7110, 111.011048.2222, 033143.5332, 499955.0110, 1.344323.3756, 961145.1555, 022095.7999, 541335.9776, 1.104764.2110, 39.455515.0994, 166652.4860, 44.530287.8665, 42.486096.0777, 1.657147.3888, 277753.0331, 781.488845.3424, 254095.9776, 905907.2555, 63.922139.6186, 1.414098.6332, 53.209905.8443, 255532.7291, 452954.1666, 1-866-284-4125, 2.344231.4750, 01.552383.3221, 533285.7291, 388854.1988, 1.455423.6076, 430858.8999, 02.033143.3444, 633276.0441, 28.666606.0994, 994288.1888, 2.322193.8506, 822148.0883, 767.596573.3444, 188872.9611, 1.513527.3333, 1.486096.0333, 729145.6332, 91.788817.6407, 311083.4640, 243048.6332, 1.610965.6186, 811038.0883, 71.132572.1999, 099429.4777, 93.905907.5888, 544395.3535, 555505.0552, 222203.3535, 232.366634.2982, 585525.3666, 277753.3314, 232.366633.2982, 1.535623.4888, 033143.5888, 2.444404.1436, 777.729144.3555, 211092.0773, 399964.5523, 1.701337.5777, 1.688736.1878, 541334.5666, 1.677625.1546, 05.466624.9832, 77.833258.4750, 1.222111.7401, 1.866497.5192, 101.377744.4087, 961145.1888, 0499261708, 48.666606.3093, 688826.1657, 1.889148.4888, 229.222202.7291, 82.444404.0883, 574478.0666, 2.833257.3424, 894859.2110, 81.899918.1878, 14.254095.6221, 1.889148.2555, 377744.1657, 811037.0441, 499955.7291, 662858.8443, 53.711047.2982, 1.310992.7180, 711046.2982, 87.166651.0662, 165714.6443, 122211.4860, 265143.0111, 977689.7401, 73.243048.8999, 1.233221.5192, 1.355432.3093, 562.599946.6849, 1.199891.2540, 220953.2888, 1.455423.3535, 1.005336.4666, 055238.2999, 1.366542.2872, 85.377743.0994, 266642.0331, 15.076408.1770, 784382.1444, +1 339-222-5134, 353525.4110, 1.237336.4888, 1.281527.1222, 265144.3777, 05.552382.7665, 309335.1111, 916954.2666, 1.855387.3645, 1.344323.4971, 1.475049.3221, 56.629716.9999, 353525.3999, 41.486096.0777, 244422.0331, 806478.5888, 430858.9999, 1.177671.3203, 5675.9011030, 466624.0883, 47.611056.0220, 309334.2222, 209905.2666, 267.288863.4419, 3.684954.0222, 53.353525.6110, 1.828574.3888, 2.386291.2555, 266642.3756, 618668.1555, 475049.1555, 287239.4666, 452953.9110, 497144.0666","Skip to main content Excellent 4.6 out of 5 smlsports.com This domain is registered, but may still be available. Get this domain Powered By Do not share my personal information"
United States of America,StudyCo,https://www.studyco.com,,"1747327020, 1747327039, 1779209396, 1779100749, 1779173472, 1747327037, 1747380373, 1747327010, 8799675460",Skip to content Facebook-f Twitter Our Offices Why Choose StudyCo About StudyCo Resources Book Online Appointment Study Destination Migration  Visa Services Education Consultant Immigration Consultant TRUSTED EDUCATION  MIGRATION
United States of America,Team Gleas,https://www.teamgleas.com,user@domain.com,"0.3006993006, 75 126.5400000, 1.9249999999, 4.8240000000, 0.3412325789, 7.9920000000, 0.5144000537, 66.6569146601, 4.0200000000, 30.0699300699, 5.9499999999, 7036148989, 2.1000000000, 1.9949999999, 7.1054273576, 3.8190000000, 51.4400053701, 48.6004077501, 38.3829215101, 6.3269999999, 6.6600000000, 0.4538479423, 34.1232578946, 0.1400000000, 66.6510648256, 7.6999999999, 0.4860040775, 69278875944, 45.3847942338, 0.7000000000, 0.3838292151, 1.4210854715",We have disabled analytics tracking. We only collect information that you provide when submitting our Get Started form. Privacy is cool. Decline Accept Skip to Content Get Started Blog Our
United States of America,US Sports Scholarships Ltd,https://www.ussportsscholarships.com,admin@ussportsscholarships.com,"1779971533, 4406879254",Skip to content ATHLETES AREA COACHES AREA facebook twitter youtube instagram tumblr linkedin Search for HOME ABOUT US SPORTS RESOURCES EVENTS TOURS APPLY SHOP CONTACT WELCOME TO U.S SPORTS SCHOLARSHIPS
Uruguay,Inova Education,https://www.inovaeducation.com,,"1776739780, 1776739779, 1717067731",Cookies and third-party services This website uses cookies so that we can provide you with the best user experience possible. Cookie information is stored in your browser and performs functions
Uzbekistan,StudyIn,https://www.studyin.com,info@univs.com,1780484544,Skip to content Institutes Programs Countries How It Works For Partners About Us Sign In Start Free PAGE NOT FOUND 404 The page you are looking for is not available.
Uzbekistan,UCAN Consulting,https://www.ucanconsulting.com,ken@ucaninvestments.com,"1219512.1951, 144.8405455194, 357.0853225336, 234.0133453372, 454.3983536372, 506.0637060826, 614-680-3865, 814.6064475785, 210.9142388502, 156.3953254429, 27.4945087634, 430.9822860425, 2.1316282072, 45.3892242784, 910.6666666666, 6278712197, 256410.2564102, 50.6430384452, 632.0104202494, 106.0824968959, 28.1006397450, 423.0628594093, 33.9858992541, 510.0627089068, 552.2213157090, 94.3909218869, 312.8660069454, 480.4350571534, 362.5349857110, 61.6682702368, 160.2150969609, 57.3190243902, 446.9931170911, 574.0156380302, 231.9937299776, 826.8968995219, 525.8556380302, 241.4661016949, 197.1923298513, 361.2853825652, 203.0477075457, 1072.0776657, 39.7351822467, 318.4645874125, 0.2499966666, 383.2138614885, 1773878932, 465116.2790697, 2.8421709430, 470.2670959131, 76.8000000000, 358.6869876051, 41.3150931104, 646.7364539941, 48.1916114836, 474.5935524214, 91.4430384452, 1293.4807579, 952.5396549342, 588.5571405238, 46625343735, 363.2853825652, 426.8772654046, 364.6765931484, 35.1980230520, 558.3359375, 1147.1400983, 110.4161328008, 102.6428594761, 213.0837303756, 188.8296458191, 457.3101889740, 460.7142857142, 157.7438865600, 564.6707080755, 305.1441153929, 257.3353792355, 227.1854252909, 193.9060833816, 771.3504562166, 314.2969957019, 36.2596210340, 146.7032237892, 401.1062003019, 606.2295622365, 14.6979372039, 175.7937183273, 733.2491313735, 217.4227134265, 1485.3067372, 416.8587383118, 19.5763439540, 1357.3067372, 58.8666666666, 35.8666599999, 161.2214339363, 444444.4444444, 35.3908927708, 487804.8780487, 177.4042735711, 588.1801385957, 1427.9877129, 62.1925220926, 636.8623195592, 406.1733478361, 641025.6410256, 67.0091082223, 186.1141641336, 197.2522940833, 186.3448722242, 198.6809756097, 327.2849936515, 347.2852224243, 78.9656678513, 1796.9822860, 69.3260872923, 576.7743490593, 1366.0000000, 486.9180757657, 564.2756380302, 638.8697718835, 296.6577131785, 1.9999999999, 76.7999999999, 1162790.6976, 260.9140821421, 738.5708588089, 40.4361384838, 168.4605966764, 517.3891631953, 273.8294930875, 1111111.1111, 41.6198629239, 212.7329040868, 379.8650736372, 81.8153368381, 536.6428571428, 469.7789302684, 64.0398899599, 1197.9881906, 158.0040282741, 27.5398510507, 627.1601100400, 70.1916114836, 18.5097647423, 29.3624143072, 293.9223342134, 7311380350, 41.9265589599, 845.0315113110, 532.2825233762, 27.2594567036, 53.8702873261, 500.8393579384, 93.7322094683, 206.4643379689, 5.6843418860, 390.2857142857, 105.4750564826, 2.2737367544, 128.3027221926, 1517767670, 536.6617340189, 163.4880945899","Home WorksheetsServices Schedule now You Can Consulting Be future-proof and future-ready. Budget, Credit, Leverage As a Financial Coach and Business Consultant, I help individuals, families, and small business owners gain"
Vietnam,AECC Global,https://www.aeccglobal.com,name@example.com,"+63282932250, +84969934533, +62 8787847476, 39917829398, 1098315935, +8801322867741, 1586149945, +66 0829536151, 18005724422, +97715970315, +234 912 4497923, 37139616674, +94706125475, +61370200720, 4406879254, 8777935231",Advice Events Find us AECC Office Locations Directory Find AECC offices across India in the following regions AECC Offices in Australia AECC Offices in Bangladesh AECC Offices in India AECC
Vietnam,Crizac,https://www.crizac.com,"info@crizac.com, compliance@crizac.com, info@ucol.co.uk","2231208816, 4215001867, 0392156863, 7530412057, 2796099819, 4287775999, 3665500218, 49324069496","About Us Investors Partner With Us Book An Appointment Contact Us LOGIN Your Gateway to Global Connection Solutions for Universities and Recruitment Partners With our experience, expertise and ability to"
Vietnam,IDP UK aka IDP/ Hotcourses,https://www.idpuk.com,,"+1-303-893-0552, 1-303-893-0552","We value your privacy We use cookies to enhance your browsing experience, serve personalized ads or content, and analyze our traffic. By clicking Accept All, you consent to our use"
Vietnam,INDEC,https://indec.com,,,The domain indec.com is for sale! Click here to learn more. INDEC.COM SELECT AN OPTION Job Search  Find Employment  Post A Job  2025 Copyright. All Rights Reserved
Vietnam,ISC Education,https://www.isceducation.com,,"+1-303-893-0552, 0675118206, 1-303-893-0552","We value your privacy We use cookies to enhance your browsing experience, serve personalized ads or content, and analyze our traffic. By clicking Accept All, you consent to our use"
Vietnam,StudyIn,https://www.studyin.com,info@univs.com,1780484544,Skip to content Institutes Programs Countries How It Works For Partners About Us Sign In Start Free PAGE NOT FOUND 404 The page you are looking for is not available.
Vietnam,Vietint,https://www.vietint.com,,"+1-303-893-0552, 1-303-893-0552","We value your privacy We use cookies to enhance your browsing experience, serve personalized ads or content, and analyze our traffic. By clicking Accept All, you consent to our use"
