country,agency_name,website,email,phone,address
Afghanistan,British Council Office,https://www.britishcouncil.org,,,
Afghanistan,International Sporting Solutions Ltd,https://www.internationalsportingsolutions.com,,,United Kingdom
Afghanistan,StudyIn,https://www.studyin-uk.com,,,
Afghanistan,Acceptix,https://www.acceptix.com,,,
Afghanistan,AHZ Associates,https://www.ahzassociates.com,info@ahzassociates.co.uk,,"London, United Kingdom"
Afghanistan,Crizac Ltd (Gateway Abroad),https://www.crizac.co.uk,,,United Kingdom
Afghanistan,Edvoy Educational Services Ltd.,https://www.edvoy.com,,,United Kingdom
Afghanistan,Global Study UK,https://www.globalstudyuk.com,,,
Afghanistan,AUG Study Services,https://www.aug.edu,,,
Afghanistan,LCI Group (Liu Cheng International Group Ltd),https://www.lcieducation.com,,,
Afghanistan,IDP Education (UK) Limited,https://www.idp.com,ukclientpartnerships@idp.com,+61-3-9612-4400,"69-79 Fulham High Street, London SW6 3JW, UK"
Afghanistan,AECC Global,https://www.aeccglobal.com,clientrelations@aeccglobal.com,+61-481739343,"20 Queen Street, Melbourne, Victoria 3000, Australia"
Afghanistan,IECC trading as Campora,https://www.campora.co.uk,,,
Afghanistan,KC Overseas Education Pvt. Ltd.,https://www.kcoverseas.com,,,
Afghanistan,Leap GeeBee Edtech Pvt. Ltd,https://www.geebee.com,,,
Afghanistan,QS StudentApply,https://www.qs.com,,,
Afghanistan,Amber Education Services Ltd,https://www.ambereducation.co.uk,,,
Afghanistan,Education International Cooperation (EIC) Group Limited,https://www.eic.org.cn,,,China
Afghanistan,InterGreat Education Group Ltd,https://www.intergreateducation.com,,,
Afghanistan,OxBridge Holdings Inc.,https://www.oxbridge.cn,,,China
Afghanistan,UKEC,https://www.ukec.com,,,
Afghanistan,Savvides Institute,https://www.savvides.com.cy,,,Cyprus
Afghanistan,British Canadian International Education (BCIE),https://www.bcieglobal.com,,,
Afghanistan,Aston Education,https://www.astonhongkong.com,info@aston.edu.hk,+852 2866 9933,"5th Floor, Office Plus @ Wanchai, 303 Hennessy Road, Wan Chai, Hong Kong"
Afghanistan,Edwise International LLP,https://www.edwiseinternational.com,,,
Afghanistan,IPC - International Placewell Consultants Pvt Ltd,https://www.ipcglobal.co.in,,,
Afghanistan,GoStudy International,https://www.gostudy.co.id,,,Indonesia
Afghanistan,ICAN Education,https://www.icaneducation.co.id,,,
Afghanistan,Uniserv Education,https://www.uniserv.co.ke,,,Kenya
Afghanistan,INTI Universal Holdings Sdn Bhd,https://www.inti.edu.my,,,"Nilai, Negeri Sembilan, Malaysia"
Afghanistan,MABECS,https://www.mabecs.com,,,
Afghanistan,Taylor's Malaysia Sdn Bhd,https://www.taylors.edu.my,,,"1 Jalan Taylor's, 47500 Subang Jaya, Selangor, Malaysia"
Afghanistan,Global Study Partners Pty Ltd trading as upGrad GSP,https://www.upgradgsp.com,,,Australia
Albania,British Council Office,https://www.britishcouncil.org,,,
Albania,International Sporting Solutions Ltd,https://www.internationalsportingsolutions.com,,,United Kingdom
Albania,StudyIn,https://www.studyin-uk.com,,,
Albania,Acceptix,https://www.acceptix.com,,,
Albania,AHZ Associates,https://www.ahzassociates.com,info@ahzassociates.co.uk,,"London, United Kingdom"
Albania,Crizac Ltd (Gateway Abroad),https://www.crizac.co.uk,,,United Kingdom
Albania,Edvoy Educational Services Ltd.,https://www.edvoy.com,,,United Kingdom
Albania,Global Study UK,https://www.globalstudyuk.com,,,
Albania,AUG Study Services,https://www.aug.edu,,,
Albania,LCI Group (Liu Cheng International Group Ltd),https://www.lcieducation.com,,,
Albania,IDP Education (UK) Limited,https://www.idp.com,ukclientpartnerships@idp.com,+61-3-9612-4400,"69-79 Fulham High Street, London SW6 3JW, UK"
Albania,AECC Global,https://www.aeccglobal.com,clientrelations@aeccglobal.com,+61-481739343,"20 Queen Street, Melbourne, Victoria 3000, Australia"
Albania,IECC trading as Campora,https://www.campora.co.uk,,,
Albania,KC Overseas Education Pvt. Ltd.,https://www.kcoverseas.com,,,
Albania,Leap GeeBee Edtech Pvt. Ltd,https://www.geebee.com,,,
Albania,QS StudentApply,https://www.qs.com,,,
Albania,Amber Education Services Ltd,https://www.ambereducation.co.uk,,,
Albania,Education International Cooperation (EIC) Group Limited,https://www.eic.org.cn,,,China
Albania,InterGreat Education Group Ltd,https://www.intergreateducation.com,,,
Albania,OxBridge Holdings Inc.,https://www.oxbridge.cn,,,China
Albania,UKEC,https://www.ukec.com,,,
Albania,Savvides Institute,https://www.savvides.com.cy,,,Cyprus
Albania,British Canadian International Education (BCIE),https://www.bcieglobal.com,,,
Albania,Aston Education,https://www.astonhongkong.com,info@aston.edu.hk,+852 2866 9933,"5th Floor, Office Plus @ Wanchai, 303 Hennessy Road, Wan Chai, Hong Kong"
Albania,Edwise International LLP,https://www.edwiseinternational.com,,,
Albania,IPC - International Placewell Consultants Pvt Ltd,https://www.ipcglobal.co.in,,,
Albania,GoStudy International,https://www.gostudy.co.id,,,Indonesia
Albania,ICAN Education,https://www.icaneducation.co.id,,,
Albania,Uniserv Education,https://www.uniserv.co.ke,,,Kenya
Albania,INTI Universal Holdings Sdn Bhd,https://www.inti.edu.my,,,"Nilai, Negeri Sembilan, Malaysia"
Albania,MABECS,https://www.mabecs.com,,,
Albania,Taylor's Malaysia Sdn Bhd,https://www.taylors.edu.my,,,"1 Jalan Taylor's, 47500 Subang Jaya, Selangor, Malaysia"
Albania,Global Study Partners Pty Ltd trading as upGrad GSP,https://www.upgradgsp.com,,,Australia
Algeria,British Council Office,https://www.britishcouncil.org,,,
Algeria,International Sporting Solutions Ltd,https://www.internationalsportingsolutions.com,,,United Kingdom
Algeria,StudyIn,https://www.studyin-uk.com,,,
Algeria,Acceptix,https://www.acceptix.com,,,
Algeria,AHZ Associates,https://www.ahzassociates.com,info@ahzassociates.co.uk,,"London, United Kingdom"
Algeria,Crizac Ltd (Gateway Abroad),https://www.crizac.co.uk,,,United Kingdom
Algeria,Edvoy Educational Services Ltd.,https://www.edvoy.com,,,United Kingdom
Algeria,Global Study UK,https://www.globalstudyuk.com,,,
Algeria,AUG Study Services,https://www.aug.edu,,,
Algeria,LCI Group (Liu Cheng International Group Ltd),https://www.lcieducation.com,,,
Algeria,IDP Education (UK) Limited,https://www.idp.com,ukclientpartnerships@idp.com,+61-3-9612-4400,"69-79 Fulham High Street, London SW6 3JW, UK"
Algeria,AECC Global,https://www.aeccglobal.com,clientrelations@aeccglobal.com,+61-481739343,"20 Queen Street, Melbourne, Victoria 3000, Australia"
Algeria,IECC trading as Campora,https://www.campora.co.uk,,,
Algeria,KC Overseas Education Pvt. Ltd.,https://www.kcoverseas.com,,,
Algeria,Leap GeeBee Edtech Pvt. Ltd,https://www.geebee.com,,,
Algeria,QS StudentApply,https://www.qs.com,,,
Algeria,Amber Education Services Ltd,https://www.ambereducation.co.uk,,,
Algeria,Education International Cooperation (EIC) Group Limited,https://www.eic.org.cn,,,China
Algeria,InterGreat Education Group Ltd,https://www.intergreateducation.com,,,
Algeria,OxBridge Holdings Inc.,https://www.oxbridge.cn,,,China
Algeria,UKEC,https://www.ukec.com,,,
Algeria,Savvides Institute,https://www.savvides.com.cy,,,Cyprus
Algeria,British Canadian International Education (BCIE),https://www.bcieglobal.com,,,
Algeria,Aston Education,https://www.astonhongkong.com,info@aston.edu.hk,+852 2866 9933,"5th Floor, Office Plus @ Wanchai, 303 Hennessy Road, Wan Chai, Hong Kong"
Algeria,Edwise International LLP,https://www.edwiseinternational.com,,,
Algeria,IPC - International Placewell Consultants Pvt Ltd,https://www.ipcglobal.co.in,,,
Algeria,GoStudy International,https://www.gostudy.co.id,,,Indonesia
Algeria,ICAN Education,https://www.icaneducation.co.id,,,
Algeria,Uniserv Education,https://www.uniserv.co.ke,,,Kenya
Algeria,INTI Universal Holdings Sdn Bhd,https://www.inti.edu.my,,,"Nilai, Negeri Sembilan, Malaysia"
Algeria,MABECS,https://www.mabecs.com,,,
Algeria,Taylor's Malaysia Sdn Bhd,https://www.taylors.edu.my,,,"1 Jalan Taylor's, 47500 Subang Jaya, Selangor, Malaysia"
Algeria,Global Study Partners Pty Ltd trading as upGrad GSP,https://www.upgradgsp.com,,,Australia
Andorra,British Council Office,https://www.britishcouncil.org,,,
Andorra,International Sporting Solutions Ltd,https://www.internationalsportingsolutions.com,,,United Kingdom
Andorra,StudyIn,https://www.studyin-uk.com,,,
Andorra,Acceptix,https://www.acceptix.com,,,
Andorra,AHZ Associates,https://www.ahzassociates.com,info@ahzassociates.co.uk,,"London, United Kingdom"
Andorra,Crizac Ltd (Gateway Abroad),https://www.crizac.co.uk,,,United Kingdom
Andorra,Edvoy Educational Services Ltd.,https://www.edvoy.com,,,United Kingdom
Andorra,Global Study UK,https://www.globalstudyuk.com,,,
Andorra,AUG Study Services,https://www.aug.edu,,,
Andorra,LCI Group (Liu Cheng International Group Ltd),https://www.lcieducation.com,,,
Andorra,IDP Education (UK) Limited,https://www.idp.com,ukclientpartnerships@idp.com,+61-3-9612-4400,"69-79 Fulham High Street, London SW6 3JW, UK"
Andorra,AECC Global,https://www.aeccglobal.com,clientrelations@aeccglobal.com,+61-481739343,"20 Queen Street, Melbourne, Victoria 3000, Australia"
Andorra,IECC trading as Campora,https://www.campora.co.uk,,,
Andorra,KC Overseas Education Pvt. Ltd.,https://www.kcoverseas.com,,,
Andorra,Leap GeeBee Edtech Pvt. Ltd,https://www.geebee.com,,,
Andorra,QS StudentApply,https://www.qs.com,,,
Andorra,Amber Education Services Ltd,https://www.ambereducation.co.uk,,,
Andorra,Education International Cooperation (EIC) Group Limited,https://www.eic.org.cn,,,China
Andorra,InterGreat Education Group Ltd,https://www.intergreateducation.com,,,
Andorra,OxBridge Holdings Inc.,https://www.oxbridge.cn,,,China
Andorra,UKEC,https://www.ukec.com,,,
Andorra,Savvides Institute,https://www.savvides.com.cy,,,Cyprus
Andorra,British Canadian International Education (BCIE),https://www.bcieglobal.com,,,
Andorra,Aston Education,https://www.astonhongkong.com,info@aston.edu.hk,+852 2866 9933,"5th Floor, Office Plus @ Wanchai, 303 Hennessy Road, Wan Chai, Hong Kong"
Andorra,Edwise International LLP,https://www.edwiseinternational.com,,,
Andorra,IPC - International Placewell Consultants Pvt Ltd,https://www.ipcglobal.co.in,,,
Andorra,GoStudy International,https://www.gostudy.co.id,,,Indonesia
Andorra,ICAN Education,https://www.icaneducation.co.id,,,
Andorra,Uniserv Education,https://www.uniserv.co.ke,,,Kenya
Andorra,INTI Universal Holdings Sdn Bhd,https://www.inti.edu.my,,,"Nilai, Negeri Sembilan, Malaysia"
Andorra,MABECS,https://www.mabecs.com,,,
Andorra,Taylor's Malaysia Sdn Bhd,https://www.taylors.edu.my,,,"1 Jalan Taylor's, 47500 Subang Jaya, Selangor, Malaysia"
Andorra,Global Study Partners Pty Ltd trading as upGrad GSP,https://www.upgradgsp.com,,,Australia
Argentina,British Council Office,https://www.britishcouncil.org,,,
Argentina,International Sporting Solutions Ltd,https://www.internationalsportingsolutions.com,,,United Kingdom
Argentina,StudyIn,https://www.studyin-uk.com,,,
Argentina,Acceptix,https://www.acceptix.com,,,
Argentina,AHZ Associates,https://www.ahzassociates.com,info@ahzassociates.co.uk,,"London, United Kingdom"
Argentina,Crizac Ltd (Gateway Abroad),https://www.crizac.co.uk,,,United Kingdom
Argentina,Edvoy Educational Services Ltd.,https://www.edvoy.com,,,United Kingdom
Argentina,Global Study UK,https://www.globalstudyuk.com,,,
Argentina,AUG Study Services,https://www.aug.edu,,,
Argentina,LCI Group (Liu Cheng International Group Ltd),https://www.lcieducation.com,,,
Argentina,IDP Education (UK) Limited,https://www.idp.com,ukclientpartnerships@idp.com,+61-3-9612-4400,"69-79 Fulham High Street, London SW6 3JW, UK"
Argentina,AECC Global,https://www.aeccglobal.com,clientrelations@aeccglobal.com,+61-481739343,"20 Queen Street, Melbourne, Victoria 3000, Australia"
Argentina,IECC trading as Campora,https://www.campora.co.uk,,,
Argentina,KC Overseas Education Pvt. Ltd.,https://www.kcoverseas.com,,,
Argentina,Leap GeeBee Edtech Pvt. Ltd,https://www.geebee.com,,,
Argentina,QS StudentApply,https://www.qs.com,,,
Argentina,Amber Education Services Ltd,https://www.ambereducation.co.uk,,,
Argentina,Education International Cooperation (EIC) Group Limited,https://www.eic.org.cn,,,China
Argentina,InterGreat Education Group Ltd,https://www.intergreateducation.com,,,
Argentina,OxBridge Holdings Inc.,https://www.oxbridge.cn,,,China
Argentina,UKEC,https://www.ukec.com,,,
Argentina,Savvides Institute,https://www.savvides.com.cy,,,Cyprus
Argentina,British Canadian International Education (BCIE),https://www.bcieglobal.com,,,
Argentina,Aston Education,https://www.astonhongkong.com,info@aston.edu.hk,+852 2866 9933,"5th Floor, Office Plus @ Wanchai, 303 Hennessy Road, Wan Chai, Hong Kong"
Argentina,Edwise International LLP,https://www.edwiseinternational.com,,,
Argentina,IPC - International Placewell Consultants Pvt Ltd,https://www.ipcglobal.co.in,,,
Argentina,GoStudy International,https://www.gostudy.co.id,,,Indonesia
Argentina,ICAN Education,https://www.icaneducation.co.id,,,
Argentina,Uniserv Education,https://www.uniserv.co.ke,,,Kenya
Argentina,INTI Universal Holdings Sdn Bhd,https://www.inti.edu.my,,,"Nilai, Negeri Sembilan, Malaysia"
Argentina,MABECS,https://www.mabecs.com,,,
Argentina,Taylor's Malaysia Sdn Bhd,https://www.taylors.edu.my,,,"1 Jalan Taylor's, 47500 Subang Jaya, Selangor, Malaysia"
Argentina,Global Study Partners Pty Ltd trading as upGrad GSP,https://www.upgradgsp.com,,,Australia
Armenia,British Council Office,https://www.britishcouncil.org,,,
Armenia,International Sporting Solutions Ltd,https://www.internationalsportingsolutions.com,,,United Kingdom
Armenia,StudyIn,https://www.studyin-uk.com,,,
Armenia,Acceptix,https://www.acceptix.com,,,
Armenia,AHZ Associates,https://www.ahzassociates.com,info@ahzassociates.co.uk,,"London, United Kingdom"
Armenia,Crizac Ltd (Gateway Abroad),https://www.crizac.co.uk,,,United Kingdom
Armenia,Edvoy Educational Services Ltd.,https://www.edvoy.com,,,United Kingdom
Armenia,Global Study UK,https://www.globalstudyuk.com,,,
Armenia,AUG Study Services,https://www.aug.edu,,,
Armenia,LCI Group (Liu Cheng International Group Ltd),https://www.lcieducation.com,,,
Armenia,IDP Education (UK) Limited,https://www.idp.com,ukclientpartnerships@idp.com,+61-3-9612-4400,"69-79 Fulham High Street, London SW6 3JW, UK"
Armenia,AECC Global,https://www.aeccglobal.com,clientrelations@aeccglobal.com,+61-481739343,"20 Queen Street, Melbourne, Victoria 3000, Australia"
Armenia,IECC trading as Campora,https://www.campora.co.uk,,,
Armenia,KC Overseas Education Pvt. Ltd.,https://www.kcoverseas.com,,,
Armenia,Leap GeeBee Edtech Pvt. Ltd,https://www.geebee.com,,,
Armenia,QS StudentApply,https://www.qs.com,,,
Armenia,Amber Education Services Ltd,https://www.ambereducation.co.uk,,,
Armenia,Education International Cooperation (EIC) Group Limited,https://www.eic.org.cn,,,China
Armenia,InterGreat Education Group Ltd,https://www.intergreateducation.com,,,
Armenia,OxBridge Holdings Inc.,https://www.oxbridge.cn,,,China
Armenia,UKEC,https://www.ukec.com,,,
Armenia,Savvides Institute,https://www.savvides.com.cy,,,Cyprus
Armenia,British Canadian International Education (BCIE),https://www.bcieglobal.com,,,
Armenia,Aston Education,https://www.astonhongkong.com,info@aston.edu.hk,+852 2866 9933,"5th Floor, Office Plus @ Wanchai, 303 Hennessy Road, Wan Chai, Hong Kong"
Armenia,Edwise International LLP,https://www.edwiseinternational.com,,,
Armenia,IPC - International Placewell Consultants Pvt Ltd,https://www.ipcglobal.co.in,,,
Armenia,GoStudy International,https://www.gostudy.co.id,,,Indonesia
Armenia,ICAN Education,https://www.icaneducation.co.id,,,
Armenia,Uniserv Education,https://www.uniserv.co.ke,,,Kenya
Armenia,INTI Universal Holdings Sdn Bhd,https://www.inti.edu.my,,,"Nilai, Negeri Sembilan, Malaysia"
Armenia,MABECS,https://www.mabecs.com,,,
Armenia,Taylor's Malaysia Sdn Bhd,https://www.taylors.edu.my,,,"1 Jalan Taylor's, 47500 Subang Jaya, Selangor, Malaysia"
Armenia,Global Study Partners Pty Ltd trading as upGrad GSP,https://www.upgradgsp.com,,,Australia
Australia,British Council Office,https://www.britishcouncil.org,,,
Australia,International Sporting Solutions Ltd,https://www.internationalsportingsolutions.com,,,United Kingdom
Australia,StudyIn,https://www.studyin-uk.com,,,
Australia,Acceptix,https://www.acceptix.com,,,
Australia,AHZ Associates,https://www.ahzassociates.com,info@ahzassociates.co.uk,,"London, United Kingdom"
Australia,Crizac Ltd (Gateway Abroad),https://www.crizac.co.uk,,,United Kingdom
Australia,Edvoy Educational Services Ltd.,https://www.edvoy.com,,,United Kingdom
Australia,Global Study UK,https://www.globalstudyuk.com,,,
Australia,AUG Study Services,https://www.aug.edu,,,
Australia,LCI Group (Liu Cheng International Group Ltd),https://www.lcieducation.com,,,
Australia,IDP Education (UK) Limited,https://www.idp.com,ukclientpartnerships@idp.com,+61-3-9612-4400,"69-79 Fulham High Street, London SW6 3JW, UK"
Australia,AECC Global,https://www.aeccglobal.com,clientrelations@aeccglobal.com,+61-481739343,"20 Queen Street, Melbourne, Victoria 3000, Australia"
Australia,IECC trading as Campora,https://www.campora.co.uk,,,
Australia,KC Overseas Education Pvt. Ltd.,https://www.kcoverseas.com,,,
Australia,Leap GeeBee Edtech Pvt. Ltd,https://www.geebee.com,,,
Australia,QS StudentApply,https://www.qs.com,,,
Australia,Amber Education Services Ltd,https://www.ambereducation.co.uk,,,
Australia,Education International Cooperation (EIC) Group Limited,https://www.eic.org.cn,,,China
Australia,InterGreat Education Group Ltd,https://www.intergreateducation.com,,,
Australia,OxBridge Holdings Inc.,https://www.oxbridge.cn,,,China
Australia,UKEC,https://www.ukec.com,,,
Australia,Savvides Institute,https://www.savvides.com.cy,,,Cyprus
Australia,British Canadian International Education (BCIE),https://www.bcieglobal.com,,,
Australia,Aston Education,https://www.astonhongkong.com,info@aston.edu.hk,+852 2866 9933,"5th Floor, Office Plus @ Wanchai, 303 Hennessy Road, Wan Chai, Hong Kong"
Australia,Edwise International LLP,https://www.edwiseinternational.com,,,
Australia,IPC - International Placewell Consultants Pvt Ltd,https://www.ipcglobal.co.in,,,
Australia,GoStudy International,https://www.gostudy.co.id,,,Indonesia
Australia,ICAN Education,https://www.icaneducation.co.id,,,
Australia,Uniserv Education,https://www.uniserv.co.ke,,,Kenya
Australia,INTI Universal Holdings Sdn Bhd,https://www.inti.edu.my,,,"Nilai, Negeri Sembilan, Malaysia"
Australia,MABECS,https://www.mabecs.com,,,
Australia,Taylor's Malaysia Sdn Bhd,https://www.taylors.edu.my,,,"1 Jalan Taylor's, 47500 Subang Jaya, Selangor, Malaysia"
Australia,Global Study Partners Pty Ltd trading as upGrad GSP,https://www.upgradgsp.com,,,Australia
Austria,British Council Office,https://www.britishcouncil.org,,,
Austria,International Sporting Solutions Ltd,https://www.internationalsportingsolutions.com,,,United Kingdom
Austria,StudyIn,https://www.studyin-uk.com,,,
Austria,Acceptix,https://www.acceptix.com,,,
Austria,AHZ Associates,https://www.ahzassociates.com,info@ahzassociates.co.uk,,"London, United Kingdom"
Austria,Crizac Ltd (Gateway Abroad),https://www.crizac.co.uk,,,United Kingdom
Austria,Edvoy Educational Services Ltd.,https://www.edvoy.com,,,United Kingdom
Austria,Global Study UK,https://www.globalstudyuk.com,,,
Austria,AUG Study Services,https://www.aug.edu,,,
Austria,LCI Group (Liu Cheng International Group Ltd),https://www.lcieducation.com,,,
Austria,IDP Education (UK) Limited,https://www.idp.com,ukclientpartnerships@idp.com,+61-3-9612-4400,"69-79 Fulham High Street, London SW6 3JW, UK"
Austria,AECC Global,https://www.aeccglobal.com,clientrelations@aeccglobal.com,+61-481739343,"20 Queen Street, Melbourne, Victoria 3000, Australia"
Austria,IECC trading as Campora,https://www.campora.co.uk,,,
Austria,KC Overseas Education Pvt. Ltd.,https://www.kcoverseas.com,,,
Austria,Leap GeeBee Edtech Pvt. Ltd,https://www.geebee.com,,,
Austria,QS StudentApply,https://www.qs.com,,,
Austria,Amber Education Services Ltd,https://www.ambereducation.co.uk,,,
Austria,Education International Cooperation (EIC) Group Limited,https://www.eic.org.cn,,,China
Austria,InterGreat Education Group Ltd,https://www.intergreateducation.com,,,
Austria,OxBridge Holdings Inc.,https://www.oxbridge.cn,,,China
Austria,UKEC,https://www.ukec.com,,,
Austria,Savvides Institute,https://www.savvides.com.cy,,,Cyprus
Austria,British Canadian International Education (BCIE),https://www.bcieglobal.com,,,
Austria,Aston Education,https://www.astonhongkong.com,info@aston.edu.hk,+852 2866 9933,"5th Floor, Office Plus @ Wanchai, 303 Hennessy Road, Wan Chai, Hong Kong"
Austria,Edwise International LLP,https://www.edwiseinternational.com,,,
Austria,IPC - International Placewell Consultants Pvt Ltd,https://www.ipcglobal.co.in,,,
Austria,GoStudy International,https://www.gostudy.co.id,,,Indonesia
Austria,ICAN Education,https://www.icaneducation.co.id,,,
Austria,Uniserv Education,https://www.uniserv.co.ke,,,Kenya
Austria,INTI Universal Holdings Sdn Bhd,https://www.inti.edu.my,,,"Nilai, Negeri Sembilan, Malaysia"
Austria,MABECS,https://www.mabecs.com,,,
Austria,Taylor's Malaysia Sdn Bhd,https://www.taylors.edu.my,,,"1 Jalan Taylor's, 47500 Subang Jaya, Selangor, Malaysia"
Austria,Global Study Partners Pty Ltd trading as upGrad GSP,https://www.upgradgsp.com,,,Australia
Azerbaijan,British Council Office,https://www.britishcouncil.org,,,
Azerbaijan,International Sporting Solutions Ltd,https://www.internationalsportingsolutions.com,,,United Kingdom
Azerbaijan,StudyIn,https://www.studyin-uk.com,,,
Azerbaijan,Acceptix,https://www.acceptix.com,,,
Azerbaijan,AHZ Associates,https://www.ahzassociates.com,info@ahzassociates.co.uk,,"London, United Kingdom"
Azerbaijan,Crizac Ltd (Gateway Abroad),https://www.crizac.co.uk,,,United Kingdom
Azerbaijan,Edvoy Educational Services Ltd.,https://www.edvoy.com,,,United Kingdom
Azerbaijan,Global Study UK,https://www.globalstudyuk.com,,,
Azerbaijan,AUG Study Services,https://www.aug.edu,,,
Azerbaijan,LCI Group (Liu Cheng International Group Ltd),https://www.lcieducation.com,,,
Azerbaijan,IDP Education (UK) Limited,https://www.idp.com,ukclientpartnerships@idp.com,+61-3-9612-4400,"69-79 Fulham High Street, London SW6 3JW, UK"
Azerbaijan,AECC Global,https://www.aeccglobal.com,clientrelations@aeccglobal.com,+61-481739343,"20 Queen Street, Melbourne, Victoria 3000, Australia"
Azerbaijan,IECC trading as Campora,https://www.campora.co.uk,,,
Azerbaijan,KC Overseas Education Pvt. Ltd.,https://www.kcoverseas.com,,,
Azerbaijan,Leap GeeBee Edtech Pvt. Ltd,https://www.geebee.com,,,
Azerbaijan,QS StudentApply,https://www.qs.com,,,
Azerbaijan,Amber Education Services Ltd,https://www.ambereducation.co.uk,,,
Azerbaijan,Education International Cooperation (EIC) Group Limited,https://www.eic.org.cn,,,China
Azerbaijan,InterGreat Education Group Ltd,https://www.intergreateducation.com,,,
Azerbaijan,OxBridge Holdings Inc.,https://www.oxbridge.cn,,,China
Azerbaijan,UKEC,https://www.ukec.com,,,
Azerbaijan,Savvides Institute,https://www.savvides.com.cy,,,Cyprus
Azerbaijan,British Canadian International Education (BCIE),https://www.bcieglobal.com,,,
Azerbaijan,Aston Education,https://www.astonhongkong.com,info@aston.edu.hk,+852 2866 9933,"5th Floor, Office Plus @ Wanchai, 303 Hennessy Road, Wan Chai, Hong Kong"
Azerbaijan,Edwise International LLP,https://www.edwiseinternational.com,,,
Azerbaijan,IPC - International Placewell Consultants Pvt Ltd,https://www.ipcglobal.co.in,,,
Azerbaijan,GoStudy International,https://www.gostudy.co.id,,,Indonesia
Azerbaijan,ICAN Education,https://www.icaneducation.co.id,,,
Azerbaijan,Uniserv Education,https://www.uniserv.co.ke,,,Kenya
Azerbaijan,INTI Universal Holdings Sdn Bhd,https://www.inti.edu.my,,,"Nilai, Negeri Sembilan, Malaysia"
Azerbaijan,MABECS,https://www.mabecs.com,,,
Azerbaijan,Taylor's Malaysia Sdn Bhd,https://www.taylors.edu.my,,,"1 Jalan Taylor's, 47500 Subang Jaya, Selangor, Malaysia"
Azerbaijan,Global Study Partners Pty Ltd trading as upGrad GSP,https://www.upgradgsp.com,,,Australia
Bahamas,British Council Office,https://www.britishcouncil.org,,,
Bahamas,International Sporting Solutions Ltd,https://www.internationalsportingsolutions.com,,,United Kingdom
Bahamas,StudyIn,https://www.studyin-uk.com,,,
Bahamas,Acceptix,https://www.acceptix.com,,,
Bahamas,AHZ Associates,https://www.ahzassociates.com,info@ahzassociates.co.uk,,"London, United Kingdom"
Bahamas,Crizac Ltd (Gateway Abroad),https://www.crizac.co.uk,,,United Kingdom
Bahamas,Edvoy Educational Services Ltd.,https://www.edvoy.com,,,United Kingdom
Bahamas,Global Study UK,https://www.globalstudyuk.com,,,
Bahamas,AUG Study Services,https://www.aug.edu,,,
Bahamas,LCI Group (Liu Cheng International Group Ltd),https://www.lcieducation.com,,,
Bahamas,IDP Education (UK) Limited,https://www.idp.com,ukclientpartnerships@idp.com,+61-3-9612-4400,"69-79 Fulham High Street, London SW6 3JW, UK"
Bahamas,AECC Global,https://www.aeccglobal.com,clientrelations@aeccglobal.com,+61-481739343,"20 Queen Street, Melbourne, Victoria 3000, Australia"
Bahamas,IECC trading as Campora,https://www.campora.co.uk,,,
Bahamas,KC Overseas Education Pvt. Ltd.,https://www.kcoverseas.com,,,
Bahamas,Leap GeeBee Edtech Pvt. Ltd,https://www.geebee.com,,,
Bahamas,QS StudentApply,https://www.qs.com,,,
Bahamas,Amber Education Services Ltd,https://www.ambereducation.co.uk,,,
Bahamas,Education International Cooperation (EIC) Group Limited,https://www.eic.org.cn,,,China
Bahamas,InterGreat Education Group Ltd,https://www.intergreateducation.com,,,
Bahamas,OxBridge Holdings Inc.,https://www.oxbridge.cn,,,China
Bahamas,UKEC,https://www.ukec.com,,,
Bahamas,Savvides Institute,https://www.savvides.com.cy,,,Cyprus
Bahamas,British Canadian International Education (BCIE),https://www.bcieglobal.com,,,
Bahamas,Aston Education,https://www.astonhongkong.com,info@aston.edu.hk,+852 2866 9933,"5th Floor, Office Plus @ Wanchai, 303 Hennessy Road, Wan Chai, Hong Kong"
Bahamas,Edwise International LLP,https://www.edwiseinternational.com,,,
Bahamas,IPC - International Placewell Consultants Pvt Ltd,https://www.ipcglobal.co.in,,,
Bahamas,GoStudy International,https://www.gostudy.co.id,,,Indonesia
Bahamas,ICAN Education,https://www.icaneducation.co.id,,,
Bahamas,Uniserv Education,https://www.uniserv.co.ke,,,Kenya
Bahamas,INTI Universal Holdings Sdn Bhd,https://www.inti.edu.my,,,"Nilai, Negeri Sembilan, Malaysia"
Bahamas,MABECS,https://www.mabecs.com,,,
Bahamas,Taylor's Malaysia Sdn Bhd,https://www.taylors.edu.my,,,"1 Jalan Taylor's, 47500 Subang Jaya, Selangor, Malaysia"
Bahamas,Global Study Partners Pty Ltd trading as upGrad GSP,https://www.upgradgsp.com,,,Australia
Bahrain,British Council Office,https://www.britishcouncil.org,,,
Bahrain,International Sporting Solutions Ltd,https://www.internationalsportingsolutions.com,,,United Kingdom
Bahrain,StudyIn,https://www.studyin-uk.com,,,
Bahrain,Acceptix,https://www.acceptix.com,,,
Bahrain,AHZ Associates,https://www.ahzassociates.com,info@ahzassociates.co.uk,,"London, United Kingdom"
Bahrain,Crizac Ltd (Gateway Abroad),https://www.crizac.co.uk,,,United Kingdom
Bahrain,Edvoy Educational Services Ltd.,https://www.edvoy.com,,,United Kingdom
Bahrain,Global Study UK,https://www.globalstudyuk.com,,,
Bahrain,AUG Study Services,https://www.aug.edu,,,
Bahrain,LCI Group (Liu Cheng International Group Ltd),https://www.lcieducation.com,,,
Bahrain,IDP Education (UK) Limited,https://www.idp.com,ukclientpartnerships@idp.com,+61-3-9612-4400,"69-79 Fulham High Street, London SW6 3JW, UK"
Bahrain,AECC Global,https://www.aeccglobal.com,clientrelations@aeccglobal.com,+61-481739343,"20 Queen Street, Melbourne, Victoria 3000, Australia"
Bahrain,IECC trading as Campora,https://www.campora.co.uk,,,
Bahrain,KC Overseas Education Pvt. Ltd.,https://www.kcoverseas.com,,,
Bahrain,Leap GeeBee Edtech Pvt. Ltd,https://www.geebee.com,,,
Bahrain,QS StudentApply,https://www.qs.com,,,
Bahrain,Amber Education Services Ltd,https://www.ambereducation.co.uk,,,
Bahrain,Education International Cooperation (EIC) Group Limited,https://www.eic.org.cn,,,China
Bahrain,InterGreat Education Group Ltd,https://www.intergreateducation.com,,,
Bahrain,OxBridge Holdings Inc.,https://www.oxbridge.cn,,,China
Bahrain,UKEC,https://www.ukec.com,,,
Bahrain,Savvides Institute,https://www.savvides.com.cy,,,Cyprus
Bahrain,British Canadian International Education (BCIE),https://www.bcieglobal.com,,,
Bahrain,Aston Education,https://www.astonhongkong.com,info@aston.edu.hk,+852 2866 9933,"5th Floor, Office Plus @ Wanchai, 303 Hennessy Road, Wan Chai, Hong Kong"
Bahrain,Edwise International LLP,https://www.edwiseinternational.com,,,
Bahrain,IPC - International Placewell Consultants Pvt Ltd,https://www.ipcglobal.co.in,,,
Bahrain,GoStudy International,https://www.gostudy.co.id,,,Indonesia
Bahrain,ICAN Education,https://www.icaneducation.co.id,,,
Bahrain,Uniserv Education,https://www.uniserv.co.ke,,,Kenya
Bahrain,INTI Universal Holdings Sdn Bhd,https://www.inti.edu.my,,,"Nilai, Negeri Sembilan, Malaysia"
Bahrain,MABECS,https://www.mabecs.com,,,
Bahrain,Taylor's Malaysia Sdn Bhd,https://www.taylors.edu.my,,,"1 Jalan Taylor's, 47500 Subang Jaya, Selangor, Malaysia"
Bahrain,Global Study Partners Pty Ltd trading as upGrad GSP,https://www.upgradgsp.com,,,Australia
Bangladesh,British Council Office,https://www.britishcouncil.org,,,
Bangladesh,International Sporting Solutions Ltd,https://www.internationalsportingsolutions.com,,,United Kingdom
Bangladesh,StudyIn,https://www.studyin-uk.com,,,
Bangladesh,Acceptix,https://www.acceptix.com,,,
Bangladesh,AHZ Associates,https://www.ahzassociates.com,info@ahzassociates.co.uk,,"London, United Kingdom"
Bangladesh,Crizac Ltd (Gateway Abroad),https://www.crizac.co.uk,,,United Kingdom
Bangladesh,Edvoy Educational Services Ltd.,https://www.edvoy.com,,,United Kingdom
Bangladesh,Global Study UK,https://www.globalstudyuk.com,,,
Bangladesh,AUG Study Services,https://www.aug.edu,,,
Bangladesh,LCI Group (Liu Cheng International Group Ltd),https://www.lcieducation.com,,,
Bangladesh,IDP Education (UK) Limited,https://www.idp.com,ukclientpartnerships@idp.com,+61-3-9612-4400,"69-79 Fulham High Street, London SW6 3JW, UK"
Bangladesh,AECC Global,https://www.aeccglobal.com,clientrelations@aeccglobal.com,+61-481739343,"20 Queen Street, Melbourne, Victoria 3000, Australia"
Bangladesh,IECC trading as Campora,https://www.campora.co.uk,,,
Bangladesh,KC Overseas Education Pvt. Ltd.,https://www.kcoverseas.com,,,
Bangladesh,Leap GeeBee Edtech Pvt. Ltd,https://www.geebee.com,,,
Bangladesh,QS StudentApply,https://www.qs.com,,,
Bangladesh,Amber Education Services Ltd,https://www.ambereducation.co.uk,,,
Bangladesh,Education International Cooperation (EIC) Group Limited,https://www.eic.org.cn,,,China
Bangladesh,InterGreat Education Group Ltd,https://www.intergreateducation.com,,,
Bangladesh,OxBridge Holdings Inc.,https://www.oxbridge.cn,,,China
Bangladesh,UKEC,https://www.ukec.com,,,
Bangladesh,Savvides Institute,https://www.savvides.com.cy,,,Cyprus
Bangladesh,British Canadian International Education (BCIE),https://www.bcieglobal.com,,,
Bangladesh,Aston Education,https://www.astonhongkong.com,info@aston.edu.hk,+852 2866 9933,"5th Floor, Office Plus @ Wanchai, 303 Hennessy Road, Wan Chai, Hong Kong"
Bangladesh,Edwise International LLP,https://www.edwiseinternational.com,,,
Bangladesh,IPC - International Placewell Consultants Pvt Ltd,https://www.ipcglobal.co.in,,,
Bangladesh,GoStudy International,https://www.gostudy.co.id,,,Indonesia
Bangladesh,ICAN Education,https://www.icaneducation.co.id,,,
Bangladesh,Uniserv Education,https://www.uniserv.co.ke,,,Kenya
Bangladesh,INTI Universal Holdings Sdn Bhd,https://www.inti.edu.my,,,"Nilai, Negeri Sembilan, Malaysia"
Bangladesh,MABECS,https://www.mabecs.com,,,
Bangladesh,Taylor's Malaysia Sdn Bhd,https://www.taylors.edu.my,,,"1 Jalan Taylor's, 47500 Subang Jaya, Selangor, Malaysia"
Bangladesh,Global Study Partners Pty Ltd trading as upGrad GSP,https://www.upgradgsp.com,,,Australia
Belarus,British Council Office,https://www.britishcouncil.org,,,
Belarus,International Sporting Solutions Ltd,https://www.internationalsportingsolutions.com,,,United Kingdom
Belarus,StudyIn,https://www.studyin-uk.com,,,
Belarus,Acceptix,https://www.acceptix.com,,,
Belarus,AHZ Associates,https://www.ahzassociates.com,info@ahzassociates.co.uk,,"London, United Kingdom"
Belarus,Crizac Ltd (Gateway Abroad),https://www.crizac.co.uk,,,United Kingdom
Belarus,Edvoy Educational Services Ltd.,https://www.edvoy.com,,,United Kingdom
Belarus,Global Study UK,https://www.globalstudyuk.com,,,
Belarus,AUG Study Services,https://www.aug.edu,,,
Belarus,LCI Group (Liu Cheng International Group Ltd),https://www.lcieducation.com,,,
Belarus,IDP Education (UK) Limited,https://www.idp.com,ukclientpartnerships@idp.com,+61-3-9612-4400,"69-79 Fulham High Street, London SW6 3JW, UK"
Belarus,AECC Global,https://www.aeccglobal.com,clientrelations@aeccglobal.com,+61-481739343,"20 Queen Street, Melbourne, Victoria 3000, Australia"
Belarus,IECC trading as Campora,https://www.campora.co.uk,,,
Belarus,KC Overseas Education Pvt. Ltd.,https://www.kcoverseas.com,,,
Belarus,Leap GeeBee Edtech Pvt. Ltd,https://www.geebee.com,,,
Belarus,QS StudentApply,https://www.qs.com,,,
Belarus,Amber Education Services Ltd,https://www.ambereducation.co.uk,,,
Belarus,Education International Cooperation (EIC) Group Limited,https://www.eic.org.cn,,,China
Belarus,InterGreat Education Group Ltd,https://www.intergreateducation.com,,,
Belarus,OxBridge Holdings Inc.,https://www.oxbridge.cn,,,China
Belarus,UKEC,https://www.ukec.com,,,
Belarus,Savvides Institute,https://www.savvides.com.cy,,,Cyprus
Belarus,British Canadian International Education (BCIE),https://www.bcieglobal.com,,,
Belarus,Aston Education,https://www.astonhongkong.com,info@aston.edu.hk,+852 2866 9933,"5th Floor, Office Plus @ Wanchai, 303 Hennessy Road, Wan Chai, Hong Kong"
Belarus,Edwise International LLP,https://www.edwiseinternational.com,,,
Belarus,IPC - International Placewell Consultants Pvt Ltd,https://www.ipcglobal.co.in,,,
Belarus,GoStudy International,https://www.gostudy.co.id,,,Indonesia
Belarus,ICAN Education,https://www.icaneducation.co.id,,,
Belarus,Uniserv Education,https://www.uniserv.co.ke,,,Kenya
Belarus,INTI Universal Holdings Sdn Bhd,https://www.inti.edu.my,,,"Nilai, Negeri Sembilan, Malaysia"
Belarus,MABECS,https://www.mabecs.com,,,
Belarus,Taylor's Malaysia Sdn Bhd,https://www.taylors.edu.my,,,"1 Jalan Taylor's, 47500 Subang Jaya, Selangor, Malaysia"
Belarus,Global Study Partners Pty Ltd trading as upGrad GSP,https://www.upgradgsp.com,,,Australia
Belgium,British Council Office,https://www.britishcouncil.org,,,
Belgium,International Sporting Solutions Ltd,https://www.internationalsportingsolutions.com,,,United Kingdom
Belgium,StudyIn,https://www.studyin-uk.com,,,
Belgium,Acceptix,https://www.acceptix.com,,,
Belgium,AHZ Associates,https://www.ahzassociates.com,info@ahzassociates.co.uk,,"London, United Kingdom"
Belgium,Crizac Ltd (Gateway Abroad),https://www.crizac.co.uk,,,United Kingdom
Belgium,Edvoy Educational Services Ltd.,https://www.edvoy.com,,,United Kingdom
Belgium,Global Study UK,https://www.globalstudyuk.com,,,
Belgium,AUG Study Services,https://www.aug.edu,,,
Belgium,LCI Group (Liu Cheng International Group Ltd),https://www.lcieducation.com,,,
Belgium,IDP Education (UK) Limited,https://www.idp.com,ukclientpartnerships@idp.com,+61-3-9612-4400,"69-79 Fulham High Street, London SW6 3JW, UK"
Belgium,AECC Global,https://www.aeccglobal.com,clientrelations@aeccglobal.com,+61-481739343,"20 Queen Street, Melbourne, Victoria 3000, Australia"
Belgium,IECC trading as Campora,https://www.campora.co.uk,,,
Belgium,KC Overseas Education Pvt. Ltd.,https://www.kcoverseas.com,,,
Belgium,Leap GeeBee Edtech Pvt. Ltd,https://www.geebee.com,,,
Belgium,QS StudentApply,https://www.qs.com,,,
Belgium,Amber Education Services Ltd,https://www.ambereducation.co.uk,,,
Belgium,Education International Cooperation (EIC) Group Limited,https://www.eic.org.cn,,,China
Belgium,InterGreat Education Group Ltd,https://www.intergreateducation.com,,,
Belgium,OxBridge Holdings Inc.,https://www.oxbridge.cn,,,China
Belgium,UKEC,https://www.ukec.com,,,
Belgium,Savvides Institute,https://www.savvides.com.cy,,,Cyprus
Belgium,British Canadian International Education (BCIE),https://www.bcieglobal.com,,,
Belgium,Aston Education,https://www.astonhongkong.com,info@aston.edu.hk,+852 2866 9933,"5th Floor, Office Plus @ Wanchai, 303 Hennessy Road, Wan Chai, Hong Kong"
Belgium,Edwise International LLP,https://www.edwiseinternational.com,,,
Belgium,IPC - International Placewell Consultants Pvt Ltd,https://www.ipcglobal.co.in,,,
Belgium,GoStudy International,https://www.gostudy.co.id,,,Indonesia
Belgium,ICAN Education,https://www.icaneducation.co.id,,,
Belgium,Uniserv Education,https://www.uniserv.co.ke,,,Kenya
Belgium,INTI Universal Holdings Sdn Bhd,https://www.inti.edu.my,,,"Nilai, Negeri Sembilan, Malaysia"
Belgium,MABECS,https://www.mabecs.com,,,
Belgium,Taylor's Malaysia Sdn Bhd,https://www.taylors.edu.my,,,"1 Jalan Taylor's, 47500 Subang Jaya, Selangor, Malaysia"
Belgium,Global Study Partners Pty Ltd trading as upGrad GSP,https://www.upgradgsp.com,,,Australia
Bosnia and Herzegowina,British Council Office,https://www.britishcouncil.org,,,
Bosnia and Herzegowina,International Sporting Solutions Ltd,https://www.internationalsportingsolutions.com,,,United Kingdom
Bosnia and Herzegowina,StudyIn,https://www.studyin-uk.com,,,
Bosnia and Herzegowina,Acceptix,https://www.acceptix.com,,,
Bosnia and Herzegowina,AHZ Associates,https://www.ahzassociates.com,info@ahzassociates.co.uk,,"London, United Kingdom"
Bosnia and Herzegowina,Crizac Ltd (Gateway Abroad),https://www.crizac.co.uk,,,United Kingdom
Bosnia and Herzegowina,Edvoy Educational Services Ltd.,https://www.edvoy.com,,,United Kingdom
Bosnia and Herzegowina,Global Study UK,https://www.globalstudyuk.com,,,
Bosnia and Herzegowina,AUG Study Services,https://www.aug.edu,,,
Bosnia and Herzegowina,LCI Group (Liu Cheng International Group Ltd),https://www.lcieducation.com,,,
Bosnia and Herzegowina,IDP Education (UK) Limited,https://www.idp.com,ukclientpartnerships@idp.com,+61-3-9612-4400,"69-79 Fulham High Street, London SW6 3JW, UK"
Bosnia and Herzegowina,AECC Global,https://www.aeccglobal.com,clientrelations@aeccglobal.com,+61-481739343,"20 Queen Street, Melbourne, Victoria 3000, Australia"
Bosnia and Herzegowina,IECC trading as Campora,https://www.campora.co.uk,,,
Bosnia and Herzegowina,KC Overseas Education Pvt. Ltd.,https://www.kcoverseas.com,,,
Bosnia and Herzegowina,Leap GeeBee Edtech Pvt. Ltd,https://www.geebee.com,,,
Bosnia and Herzegowina,QS StudentApply,https://www.qs.com,,,
Bosnia and Herzegowina,Amber Education Services Ltd,https://www.ambereducation.co.uk,,,
Bosnia and Herzegowina,Education International Cooperation (EIC) Group Limited,https://www.eic.org.cn,,,China
Bosnia and Herzegowina,InterGreat Education Group Ltd,https://www.intergreateducation.com,,,
Bosnia and Herzegowina,OxBridge Holdings Inc.,https://www.oxbridge.cn,,,China
Bosnia and Herzegowina,UKEC,https://www.ukec.com,,,
Bosnia and Herzegowina,Savvides Institute,https://www.savvides.com.cy,,,Cyprus
Bosnia and Herzegowina,British Canadian International Education (BCIE),https://www.bcieglobal.com,,,
Bosnia and Herzegowina,Aston Education,https://www.astonhongkong.com,info@aston.edu.hk,+852 2866 9933,"5th Floor, Office Plus @ Wanchai, 303 Hennessy Road, Wan Chai, Hong Kong"
Bosnia and Herzegowina,Edwise International LLP,https://www.edwiseinternational.com,,,
Bosnia and Herzegowina,IPC - International Placewell Consultants Pvt Ltd,https://www.ipcglobal.co.in,,,
Bosnia and Herzegowina,GoStudy International,https://www.gostudy.co.id,,,Indonesia
Bosnia and Herzegowina,ICAN Education,https://www.icaneducation.co.id,,,
Bosnia and Herzegowina,Uniserv Education,https://www.uniserv.co.ke,,,Kenya
Bosnia and Herzegowina,INTI Universal Holdings Sdn Bhd,https://www.inti.edu.my,,,"Nilai, Negeri Sembilan, Malaysia"
Bosnia and Herzegowina,MABECS,https://www.mabecs.com,,,
Bosnia and Herzegowina,Taylor's Malaysia Sdn Bhd,https://www.taylors.edu.my,,,"1 Jalan Taylor's, 47500 Subang Jaya, Selangor, Malaysia"
Bosnia and Herzegowina,Global Study Partners Pty Ltd trading as upGrad GSP,https://www.upgradgsp.com,,,Australia
Brazil,British Council Office,https://www.britishcouncil.org,,,
Brazil,International Sporting Solutions Ltd,https://www.internationalsportingsolutions.com,,,United Kingdom
Brazil,StudyIn,https://www.studyin-uk.com,,,
Brazil,Acceptix,https://www.acceptix.com,,,
Brazil,AHZ Associates,https://www.ahzassociates.com,info@ahzassociates.co.uk,,"London, United Kingdom"
Brazil,Crizac Ltd (Gateway Abroad),https://www.crizac.co.uk,,,United Kingdom
Brazil,Edvoy Educational Services Ltd.,https://www.edvoy.com,,,United Kingdom
Brazil,Global Study UK,https://www.globalstudyuk.com,,,
Brazil,AUG Study Services,https://www.aug.edu,,,
Brazil,LCI Group (Liu Cheng International Group Ltd),https://www.lcieducation.com,,,
Brazil,IDP Education (UK) Limited,https://www.idp.com,ukclientpartnerships@idp.com,+61-3-9612-4400,"69-79 Fulham High Street, London SW6 3JW, UK"
Brazil,AECC Global,https://www.aeccglobal.com,clientrelations@aeccglobal.com,+61-481739343,"20 Queen Street, Melbourne, Victoria 3000, Australia"
Brazil,IECC trading as Campora,https://www.campora.co.uk,,,
Brazil,KC Overseas Education Pvt. Ltd.,https://www.kcoverseas.com,,,
Brazil,Leap GeeBee Edtech Pvt. Ltd,https://www.geebee.com,,,
Brazil,QS StudentApply,https://www.qs.com,,,
Brazil,Amber Education Services Ltd,https://www.ambereducation.co.uk,,,
Brazil,Education International Cooperation (EIC) Group Limited,https://www.eic.org.cn,,,China
Brazil,InterGreat Education Group Ltd,https://www.intergreateducation.com,,,
Brazil,OxBridge Holdings Inc.,https://www.oxbridge.cn,,,China
Brazil,UKEC,https://www.ukec.com,,,
Brazil,Savvides Institute,https://www.savvides.com.cy,,,Cyprus
Brazil,British Canadian International Education (BCIE),https://www.bcieglobal.com,,,
Brazil,Aston Education,https://www.astonhongkong.com,info@aston.edu.hk,+852 2866 9933,"5th Floor, Office Plus @ Wanchai, 303 Hennessy Road, Wan Chai, Hong Kong"
Brazil,Edwise International LLP,https://www.edwiseinternational.com,,,
Brazil,IPC - International Placewell Consultants Pvt Ltd,https://www.ipcglobal.co.in,,,
Brazil,GoStudy International,https://www.gostudy.co.id,,,Indonesia
Brazil,ICAN Education,https://www.icaneducation.co.id,,,
Brazil,Uniserv Education,https://www.uniserv.co.ke,,,Kenya
Brazil,INTI Universal Holdings Sdn Bhd,https://www.inti.edu.my,,,"Nilai, Negeri Sembilan, Malaysia"
Brazil,MABECS,https://www.mabecs.com,,,
Brazil,Taylor's Malaysia Sdn Bhd,https://www.taylors.edu.my,,,"1 Jalan Taylor's, 47500 Subang Jaya, Selangor, Malaysia"
Brazil,Global Study Partners Pty Ltd trading as upGrad GSP,https://www.upgradgsp.com,,,Australia
Brunei Darussalam,British Council Office,https://www.britishcouncil.org,,,
Brunei Darussalam,International Sporting Solutions Ltd,https://www.internationalsportingsolutions.com,,,United Kingdom
Brunei Darussalam,StudyIn,https://www.studyin-uk.com,,,
Brunei Darussalam,Acceptix,https://www.acceptix.com,,,
Brunei Darussalam,AHZ Associates,https://www.ahzassociates.com,info@ahzassociates.co.uk,,"London, United Kingdom"
Brunei Darussalam,Crizac Ltd (Gateway Abroad),https://www.crizac.co.uk,,,United Kingdom
Brunei Darussalam,Edvoy Educational Services Ltd.,https://www.edvoy.com,,,United Kingdom
Brunei Darussalam,Global Study UK,https://www.globalstudyuk.com,,,
Brunei Darussalam,AUG Study Services,https://www.aug.edu,,,
Brunei Darussalam,LCI Group (Liu Cheng International Group Ltd),https://www.lcieducation.com,,,
Brunei Darussalam,IDP Education (UK) Limited,https://www.idp.com,ukclientpartnerships@idp.com,+61-3-9612-4400,"69-79 Fulham High Street, London SW6 3JW, UK"
Brunei Darussalam,AECC Global,https://www.aeccglobal.com,clientrelations@aeccglobal.com,+61-481739343,"20 Queen Street, Melbourne, Victoria 3000, Australia"
Brunei Darussalam,IECC trading as Campora,https://www.campora.co.uk,,,
Brunei Darussalam,KC Overseas Education Pvt. Ltd.,https://www.kcoverseas.com,,,
Brunei Darussalam,Leap GeeBee Edtech Pvt. Ltd,https://www.geebee.com,,,
Brunei Darussalam,QS StudentApply,https://www.qs.com,,,
Brunei Darussalam,Amber Education Services Ltd,https://www.ambereducation.co.uk,,,
Brunei Darussalam,Education International Cooperation (EIC) Group Limited,https://www.eic.org.cn,,,China
Brunei Darussalam,InterGreat Education Group Ltd,https://www.intergreateducation.com,,,
Brunei Darussalam,OxBridge Holdings Inc.,https://www.oxbridge.cn,,,China
Brunei Darussalam,UKEC,https://www.ukec.com,,,
Brunei Darussalam,Savvides Institute,https://www.savvides.com.cy,,,Cyprus
Brunei Darussalam,British Canadian International Education (BCIE),https://www.bcieglobal.com,,,
Brunei Darussalam,Aston Education,https://www.astonhongkong.com,info@aston.edu.hk,+852 2866 9933,"5th Floor, Office Plus @ Wanchai, 303 Hennessy Road, Wan Chai, Hong Kong"
Brunei Darussalam,Edwise International LLP,https://www.edwiseinternational.com,,,
Brunei Darussalam,IPC - International Placewell Consultants Pvt Ltd,https://www.ipcglobal.co.in,,,
Brunei Darussalam,GoStudy International,https://www.gostudy.co.id,,,Indonesia
Brunei Darussalam,ICAN Education,https://www.icaneducation.co.id,,,
Brunei Darussalam,Uniserv Education,https://www.uniserv.co.ke,,,Kenya
Brunei Darussalam,INTI Universal Holdings Sdn Bhd,https://www.inti.edu.my,,,"Nilai, Negeri Sembilan, Malaysia"
Brunei Darussalam,MABECS,https://www.mabecs.com,,,
Brunei Darussalam,Taylor's Malaysia Sdn Bhd,https://www.taylors.edu.my,,,"1 Jalan Taylor's, 47500 Subang Jaya, Selangor, Malaysia"
Brunei Darussalam,Global Study Partners Pty Ltd trading as upGrad GSP,https://www.upgradgsp.com,,,Australia
Bulgaria,British Council Office,https://www.britishcouncil.org,,,
Bulgaria,International Sporting Solutions Ltd,https://www.internationalsportingsolutions.com,,,United Kingdom
Bulgaria,StudyIn,https://www.studyin-uk.com,,,
Bulgaria,Acceptix,https://www.acceptix.com,,,
Bulgaria,AHZ Associates,https://www.ahzassociates.com,info@ahzassociates.co.uk,,"London, United Kingdom"
Bulgaria,Crizac Ltd (Gateway Abroad),https://www.crizac.co.uk,,,United Kingdom
Bulgaria,Edvoy Educational Services Ltd.,https://www.edvoy.com,,,United Kingdom
Bulgaria,Global Study UK,https://www.globalstudyuk.com,,,
Bulgaria,AUG Study Services,https://www.aug.edu,,,
Bulgaria,LCI Group (Liu Cheng International Group Ltd),https://www.lcieducation.com,,,
Bulgaria,IDP Education (UK) Limited,https://www.idp.com,ukclientpartnerships@idp.com,+61-3-9612-4400,"69-79 Fulham High Street, London SW6 3JW, UK"
Bulgaria,AECC Global,https://www.aeccglobal.com,clientrelations@aeccglobal.com,+61-481739343,"20 Queen Street, Melbourne, Victoria 3000, Australia"
Bulgaria,IECC trading as Campora,https://www.campora.co.uk,,,
Bulgaria,KC Overseas Education Pvt. Ltd.,https://www.kcoverseas.com,,,
Bulgaria,Leap GeeBee Edtech Pvt. Ltd,https://www.geebee.com,,,
Bulgaria,QS StudentApply,https://www.qs.com,,,
Bulgaria,Amber Education Services Ltd,https://www.ambereducation.co.uk,,,
Bulgaria,Education International Cooperation (EIC) Group Limited,https://www.eic.org.cn,,,China
Bulgaria,InterGreat Education Group Ltd,https://www.intergreateducation.com,,,
Bulgaria,OxBridge Holdings Inc.,https://www.oxbridge.cn,,,China
Bulgaria,UKEC,https://www.ukec.com,,,
Bulgaria,Savvides Institute,https://www.savvides.com.cy,,,Cyprus
Bulgaria,British Canadian International Education (BCIE),https://www.bcieglobal.com,,,
Bulgaria,Aston Education,https://www.astonhongkong.com,info@aston.edu.hk,+852 2866 9933,"5th Floor, Office Plus @ Wanchai, 303 Hennessy Road, Wan Chai, Hong Kong"
Bulgaria,Edwise International LLP,https://www.edwiseinternational.com,,,
Bulgaria,IPC - International Placewell Consultants Pvt Ltd,https://www.ipcglobal.co.in,,,
Bulgaria,GoStudy International,https://www.gostudy.co.id,,,Indonesia
Bulgaria,ICAN Education,https://www.icaneducation.co.id,,,
Bulgaria,Uniserv Education,https://www.uniserv.co.ke,,,Kenya
Bulgaria,INTI Universal Holdings Sdn Bhd,https://www.inti.edu.my,,,"Nilai, Negeri Sembilan, Malaysia"
Bulgaria,MABECS,https://www.mabecs.com,,,
Bulgaria,Taylor's Malaysia Sdn Bhd,https://www.taylors.edu.my,,,"1 Jalan Taylor's, 47500 Subang Jaya, Selangor, Malaysia"
Bulgaria,Global Study Partners Pty Ltd trading as upGrad GSP,https://www.upgradgsp.com,,,Australia
Cambodia,British Council Office,https://www.britishcouncil.org,,,
Cambodia,International Sporting Solutions Ltd,https://www.internationalsportingsolutions.com,,,United Kingdom
Cambodia,StudyIn,https://www.studyin-uk.com,,,
Cambodia,Acceptix,https://www.acceptix.com,,,
Cambodia,AHZ Associates,https://www.ahzassociates.com,info@ahzassociates.co.uk,,"London, United Kingdom"
Cambodia,Crizac Ltd (Gateway Abroad),https://www.crizac.co.uk,,,United Kingdom
Cambodia,Edvoy Educational Services Ltd.,https://www.edvoy.com,,,United Kingdom
Cambodia,Global Study UK,https://www.globalstudyuk.com,,,
Cambodia,AUG Study Services,https://www.aug.edu,,,
Cambodia,LCI Group (Liu Cheng International Group Ltd),https://www.lcieducation.com,,,
Cambodia,IDP Education (UK) Limited,https://www.idp.com,ukclientpartnerships@idp.com,+61-3-9612-4400,"69-79 Fulham High Street, London SW6 3JW, UK"
Cambodia,AECC Global,https://www.aeccglobal.com,clientrelations@aeccglobal.com,+61-481739343,"20 Queen Street, Melbourne, Victoria 3000, Australia"
Cambodia,IECC trading as Campora,https://www.campora.co.uk,,,
Cambodia,KC Overseas Education Pvt. Ltd.,https://www.kcoverseas.com,,,
Cambodia,Leap GeeBee Edtech Pvt. Ltd,https://www.geebee.com,,,
Cambodia,QS StudentApply,https://www.qs.com,,,
Cambodia,Amber Education Services Ltd,https://www.ambereducation.co.uk,,,
Cambodia,Education International Cooperation (EIC) Group Limited,https://www.eic.org.cn,,,China
Cambodia,InterGreat Education Group Ltd,https://www.intergreateducation.com,,,
Cambodia,OxBridge Holdings Inc.,https://www.oxbridge.cn,,,China
Cambodia,UKEC,https://www.ukec.com,,,
Cambodia,Savvides Institute,https://www.savvides.com.cy,,,Cyprus
Cambodia,British Canadian International Education (BCIE),https://www.bcieglobal.com,,,
Cambodia,Aston Education,https://www.astonhongkong.com,info@aston.edu.hk,+852 2866 9933,"5th Floor, Office Plus @ Wanchai, 303 Hennessy Road, Wan Chai, Hong Kong"
Cambodia,Edwise International LLP,https://www.edwiseinternational.com,,,
Cambodia,IPC - International Placewell Consultants Pvt Ltd,https://www.ipcglobal.co.in,,,
Cambodia,GoStudy International,https://www.gostudy.co.id,,,Indonesia
Cambodia,ICAN Education,https://www.icaneducation.co.id,,,
Cambodia,Uniserv Education,https://www.uniserv.co.ke,,,Kenya
Cambodia,INTI Universal Holdings Sdn Bhd,https://www.inti.edu.my,,,"Nilai, Negeri Sembilan, Malaysia"
Cambodia,MABECS,https://www.mabecs.com,,,
Cambodia,Taylor's Malaysia Sdn Bhd,https://www.taylors.edu.my,,,"1 Jalan Taylor's, 47500 Subang Jaya, Selangor, Malaysia"
Cambodia,Global Study Partners Pty Ltd trading as upGrad GSP,https://www.upgradgsp.com,,,Australia
Cameroon,British Council Office,https://www.britishcouncil.org,,,
Cameroon,International Sporting Solutions Ltd,https://www.internationalsportingsolutions.com,,,United Kingdom
Cameroon,StudyIn,https://www.studyin-uk.com,,,
Cameroon,Acceptix,https://www.acceptix.com,,,
Cameroon,AHZ Associates,https://www.ahzassociates.com,info@ahzassociates.co.uk,,"London, United Kingdom"
Cameroon,Crizac Ltd (Gateway Abroad),https://www.crizac.co.uk,,,United Kingdom
Cameroon,Edvoy Educational Services Ltd.,https://www.edvoy.com,,,United Kingdom
Cameroon,Global Study UK,https://www.globalstudyuk.com,,,
Cameroon,AUG Study Services,https://www.aug.edu,,,
Cameroon,LCI Group (Liu Cheng International Group Ltd),https://www.lcieducation.com,,,
Cameroon,IDP Education (UK) Limited,https://www.idp.com,ukclientpartnerships@idp.com,+61-3-9612-4400,"69-79 Fulham High Street, London SW6 3JW, UK"
Cameroon,AECC Global,https://www.aeccglobal.com,clientrelations@aeccglobal.com,+61-481739343,"20 Queen Street, Melbourne, Victoria 3000, Australia"
Cameroon,IECC trading as Campora,https://www.campora.co.uk,,,
Cameroon,KC Overseas Education Pvt. Ltd.,https://www.kcoverseas.com,,,
Cameroon,Leap GeeBee Edtech Pvt. Ltd,https://www.geebee.com,,,
Cameroon,QS StudentApply,https://www.qs.com,,,
Cameroon,Amber Education Services Ltd,https://www.ambereducation.co.uk,,,
Cameroon,Education International Cooperation (EIC) Group Limited,https://www.eic.org.cn,,,China
Cameroon,InterGreat Education Group Ltd,https://www.intergreateducation.com,,,
Cameroon,OxBridge Holdings Inc.,https://www.oxbridge.cn,,,China
Cameroon,UKEC,https://www.ukec.com,,,
Cameroon,Savvides Institute,https://www.savvides.com.cy,,,Cyprus
Cameroon,British Canadian International Education (BCIE),https://www.bcieglobal.com,,,
Cameroon,Aston Education,https://www.astonhongkong.com,info@aston.edu.hk,+852 2866 9933,"5th Floor, Office Plus @ Wanchai, 303 Hennessy Road, Wan Chai, Hong Kong"
Cameroon,Edwise International LLP,https://www.edwiseinternational.com,,,
Cameroon,IPC - International Placewell Consultants Pvt Ltd,https://www.ipcglobal.co.in,,,
Cameroon,GoStudy International,https://www.gostudy.co.id,,,Indonesia
Cameroon,ICAN Education,https://www.icaneducation.co.id,,,
Cameroon,Uniserv Education,https://www.uniserv.co.ke,,,Kenya
Cameroon,INTI Universal Holdings Sdn Bhd,https://www.inti.edu.my,,,"Nilai, Negeri Sembilan, Malaysia"
Cameroon,MABECS,https://www.mabecs.com,,,
Cameroon,Taylor's Malaysia Sdn Bhd,https://www.taylors.edu.my,,,"1 Jalan Taylor's, 47500 Subang Jaya, Selangor, Malaysia"
Cameroon,Global Study Partners Pty Ltd trading as upGrad GSP,https://www.upgradgsp.com,,,Australia
Canada,British Council Office,https://www.britishcouncil.org,,,
Canada,International Sporting Solutions Ltd,https://www.internationalsportingsolutions.com,,,United Kingdom
Canada,StudyIn,https://www.studyin-uk.com,,,
Canada,Acceptix,https://www.acceptix.com,,,
Canada,AHZ Associates,https://www.ahzassociates.com,info@ahzassociates.co.uk,,"London, United Kingdom"
Canada,Crizac Ltd (Gateway Abroad),https://www.crizac.co.uk,,,United Kingdom
Canada,Edvoy Educational Services Ltd.,https://www.edvoy.com,,,United Kingdom
Canada,Global Study UK,https://www.globalstudyuk.com,,,
Canada,AUG Study Services,https://www.aug.edu,,,
Canada,LCI Group (Liu Cheng International Group Ltd),https://www.lcieducation.com,,,
Canada,IDP Education (UK) Limited,https://www.idp.com,ukclientpartnerships@idp.com,+61-3-9612-4400,"69-79 Fulham High Street, London SW6 3JW, UK"
Canada,AECC Global,https://www.aeccglobal.com,clientrelations@aeccglobal.com,+61-481739343,"20 Queen Street, Melbourne, Victoria 3000, Australia"
Canada,IECC trading as Campora,https://www.campora.co.uk,,,
Canada,KC Overseas Education Pvt. Ltd.,https://www.kcoverseas.com,,,
Canada,Leap GeeBee Edtech Pvt. Ltd,https://www.geebee.com,,,
Canada,QS StudentApply,https://www.qs.com,,,
Canada,Amber Education Services Ltd,https://www.ambereducation.co.uk,,,
Canada,Education International Cooperation (EIC) Group Limited,https://www.eic.org.cn,,,China
Canada,InterGreat Education Group Ltd,https://www.intergreateducation.com,,,
Canada,OxBridge Holdings Inc.,https://www.oxbridge.cn,,,China
Canada,UKEC,https://www.ukec.com,,,
Canada,Savvides Institute,https://www.savvides.com.cy,,,Cyprus
Canada,British Canadian International Education (BCIE),https://www.bcieglobal.com,,,
Canada,Aston Education,https://www.astonhongkong.com,info@aston.edu.hk,+852 2866 9933,"5th Floor, Office Plus @ Wanchai, 303 Hennessy Road, Wan Chai, Hong Kong"
Canada,Edwise International LLP,https://www.edwiseinternational.com,,,
Canada,IPC - International Placewell Consultants Pvt Ltd,https://www.ipcglobal.co.in,,,
Canada,GoStudy International,https://www.gostudy.co.id,,,Indonesia
Canada,ICAN Education,https://www.icaneducation.co.id,,,
Canada,Uniserv Education,https://www.uniserv.co.ke,,,Kenya
Canada,INTI Universal Holdings Sdn Bhd,https://www.inti.edu.my,,,"Nilai, Negeri Sembilan, Malaysia"
Canada,MABECS,https://www.mabecs.com,,,
Canada,Taylor's Malaysia Sdn Bhd,https://www.taylors.edu.my,,,"1 Jalan Taylor's, 47500 Subang Jaya, Selangor, Malaysia"
Canada,Global Study Partners Pty Ltd trading as upGrad GSP,https://www.upgradgsp.com,,,Australia
Chile,British Council Office,https://www.britishcouncil.org,,,
Chile,International Sporting Solutions Ltd,https://www.internationalsportingsolutions.com,,,United Kingdom
Chile,StudyIn,https://www.studyin-uk.com,,,
Chile,Acceptix,https://www.acceptix.com,,,
Chile,AHZ Associates,https://www.ahzassociates.com,info@ahzassociates.co.uk,,"London, United Kingdom"
Chile,Crizac Ltd (Gateway Abroad),https://www.crizac.co.uk,,,United Kingdom
Chile,Edvoy Educational Services Ltd.,https://www.edvoy.com,,,United Kingdom
Chile,Global Study UK,https://www.globalstudyuk.com,,,
Chile,AUG Study Services,https://www.aug.edu,,,
Chile,LCI Group (Liu Cheng International Group Ltd),https://www.lcieducation.com,,,
Chile,IDP Education (UK) Limited,https://www.idp.com,ukclientpartnerships@idp.com,+61-3-9612-4400,"69-79 Fulham High Street, London SW6 3JW, UK"
Chile,AECC Global,https://www.aeccglobal.com,clientrelations@aeccglobal.com,+61-481739343,"20 Queen Street, Melbourne, Victoria 3000, Australia"
Chile,IECC trading as Campora,https://www.campora.co.uk,,,
Chile,KC Overseas Education Pvt. Ltd.,https://www.kcoverseas.com,,,
Chile,Leap GeeBee Edtech Pvt. Ltd,https://www.geebee.com,,,
Chile,QS StudentApply,https://www.qs.com,,,
Chile,Amber Education Services Ltd,https://www.ambereducation.co.uk,,,
Chile,Education International Cooperation (EIC) Group Limited,https://www.eic.org.cn,,,China
Chile,InterGreat Education Group Ltd,https://www.intergreateducation.com,,,
Chile,OxBridge Holdings Inc.,https://www.oxbridge.cn,,,China
Chile,UKEC,https://www.ukec.com,,,
Chile,Savvides Institute,https://www.savvides.com.cy,,,Cyprus
Chile,British Canadian International Education (BCIE),https://www.bcieglobal.com,,,
Chile,Aston Education,https://www.astonhongkong.com,info@aston.edu.hk,+852 2866 9933,"5th Floor, Office Plus @ Wanchai, 303 Hennessy Road, Wan Chai, Hong Kong"
Chile,Edwise International LLP,https://www.edwiseinternational.com,,,
Chile,IPC - International Placewell Consultants Pvt Ltd,https://www.ipcglobal.co.in,,,
Chile,GoStudy International,https://www.gostudy.co.id,,,Indonesia
Chile,ICAN Education,https://www.icaneducation.co.id,,,
Chile,Uniserv Education,https://www.uniserv.co.ke,,,Kenya
Chile,INTI Universal Holdings Sdn Bhd,https://www.inti.edu.my,,,"Nilai, Negeri Sembilan, Malaysia"
Chile,MABECS,https://www.mabecs.com,,,
Chile,Taylor's Malaysia Sdn Bhd,https://www.taylors.edu.my,,,"1 Jalan Taylor's, 47500 Subang Jaya, Selangor, Malaysia"
Chile,Global Study Partners Pty Ltd trading as upGrad GSP,https://www.upgradgsp.com,,,Australia
China,British Council Office,https://www.britishcouncil.org,,,
China,International Sporting Solutions Ltd,https://www.internationalsportingsolutions.com,,,United Kingdom
China,StudyIn,https://www.studyin-uk.com,,,
China,Acceptix,https://www.acceptix.com,,,
China,AHZ Associates,https://www.ahzassociates.com,info@ahzassociates.co.uk,,"London, United Kingdom"
China,Crizac Ltd (Gateway Abroad),https://www.crizac.co.uk,,,United Kingdom
China,Edvoy Educational Services Ltd.,https://www.edvoy.com,,,United Kingdom
China,Global Study UK,https://www.globalstudyuk.com,,,
China,AUG Study Services,https://www.aug.edu,,,
China,LCI Group (Liu Cheng International Group Ltd),https://www.lcieducation.com,,,
China,IDP Education (UK) Limited,https://www.idp.com,ukclientpartnerships@idp.com,+61-3-9612-4400,"69-79 Fulham High Street, London SW6 3JW, UK"
China,AECC Global,https://www.aeccglobal.com,clientrelations@aeccglobal.com,+61-481739343,"20 Queen Street, Melbourne, Victoria 3000, Australia"
China,IECC trading as Campora,https://www.campora.co.uk,,,
China,KC Overseas Education Pvt. Ltd.,https://www.kcoverseas.com,,,
China,Leap GeeBee Edtech Pvt. Ltd,https://www.geebee.com,,,
China,QS StudentApply,https://www.qs.com,,,
China,Amber Education Services Ltd,https://www.ambereducation.co.uk,,,
China,Education International Cooperation (EIC) Group Limited,https://www.eic.org.cn,,,China
China,InterGreat Education Group Ltd,https://www.intergreateducation.com,,,
China,OxBridge Holdings Inc.,https://www.oxbridge.cn,,,China
China,UKEC,https://www.ukec.com,,,
China,Savvides Institute,https://www.savvides.com.cy,,,Cyprus
China,British Canadian International Education (BCIE),https://www.bcieglobal.com,,,
China,Aston Education,https://www.astonhongkong.com,info@aston.edu.hk,+852 2866 9933,"5th Floor, Office Plus @ Wanchai, 303 Hennessy Road, Wan Chai, Hong Kong"
China,Edwise International LLP,https://www.edwiseinternational.com,,,
China,IPC - International Placewell Consultants Pvt Ltd,https://www.ipcglobal.co.in,,,
China,GoStudy International,https://www.gostudy.co.id,,,Indonesia
China,ICAN Education,https://www.icaneducation.co.id,,,
China,Uniserv Education,https://www.uniserv.co.ke,,,Kenya
China,INTI Universal Holdings Sdn Bhd,https://www.inti.edu.my,,,"Nilai, Negeri Sembilan, Malaysia"
China,MABECS,https://www.mabecs.com,,,
China,Taylor's Malaysia Sdn Bhd,https://www.taylors.edu.my,,,"1 Jalan Taylor's, 47500 Subang Jaya, Selangor, Malaysia"
China,Global Study Partners Pty Ltd trading as upGrad GSP,https://www.upgradgsp.com,,,Australia
Colombia,British Council Office,https://www.britishcouncil.org,,,
Colombia,International Sporting Solutions Ltd,https://www.internationalsportingsolutions.com,,,United Kingdom
Colombia,StudyIn,https://www.studyin-uk.com,,,
Colombia,Acceptix,https://www.acceptix.com,,,
Colombia,AHZ Associates,https://www.ahzassociates.com,info@ahzassociates.co.uk,,"London, United Kingdom"
Colombia,Crizac Ltd (Gateway Abroad),https://www.crizac.co.uk,,,United Kingdom
Colombia,Edvoy Educational Services Ltd.,https://www.edvoy.com,,,United Kingdom
Colombia,Global Study UK,https://www.globalstudyuk.com,,,
Colombia,AUG Study Services,https://www.aug.edu,,,
Colombia,LCI Group (Liu Cheng International Group Ltd),https://www.lcieducation.com,,,
Colombia,IDP Education (UK) Limited,https://www.idp.com,ukclientpartnerships@idp.com,+61-3-9612-4400,"69-79 Fulham High Street, London SW6 3JW, UK"
Colombia,AECC Global,https://www.aeccglobal.com,clientrelations@aeccglobal.com,+61-481739343,"20 Queen Street, Melbourne, Victoria 3000, Australia"
Colombia,IECC trading as Campora,https://www.campora.co.uk,,,
Colombia,KC Overseas Education Pvt. Ltd.,https://www.kcoverseas.com,,,
Colombia,Leap GeeBee Edtech Pvt. Ltd,https://www.geebee.com,,,
Colombia,QS StudentApply,https://www.qs.com,,,
Colombia,Amber Education Services Ltd,https://www.ambereducation.co.uk,,,
Colombia,Education International Cooperation (EIC) Group Limited,https://www.eic.org.cn,,,China
Colombia,InterGreat Education Group Ltd,https://www.intergreateducation.com,,,
Colombia,OxBridge Holdings Inc.,https://www.oxbridge.cn,,,China
Colombia,UKEC,https://www.ukec.com,,,
Colombia,Savvides Institute,https://www.savvides.com.cy,,,Cyprus
Colombia,British Canadian International Education (BCIE),https://www.bcieglobal.com,,,
Colombia,Aston Education,https://www.astonhongkong.com,info@aston.edu.hk,+852 2866 9933,"5th Floor, Office Plus @ Wanchai, 303 Hennessy Road, Wan Chai, Hong Kong"
Colombia,Edwise International LLP,https://www.edwiseinternational.com,,,
Colombia,IPC - International Placewell Consultants Pvt Ltd,https://www.ipcglobal.co.in,,,
Colombia,GoStudy International,https://www.gostudy.co.id,,,Indonesia
Colombia,ICAN Education,https://www.icaneducation.co.id,,,
Colombia,Uniserv Education,https://www.uniserv.co.ke,,,Kenya
Colombia,INTI Universal Holdings Sdn Bhd,https://www.inti.edu.my,,,"Nilai, Negeri Sembilan, Malaysia"
Colombia,MABECS,https://www.mabecs.com,,,
Colombia,Taylor's Malaysia Sdn Bhd,https://www.taylors.edu.my,,,"1 Jalan Taylor's, 47500 Subang Jaya, Selangor, Malaysia"
Colombia,Global Study Partners Pty Ltd trading as upGrad GSP,https://www.upgradgsp.com,,,Australia
Costa Rica,British Council Office,https://www.britishcouncil.org,,,
Costa Rica,International Sporting Solutions Ltd,https://www.internationalsportingsolutions.com,,,United Kingdom
Costa Rica,StudyIn,https://www.studyin-uk.com,,,
Costa Rica,Acceptix,https://www.acceptix.com,,,
Costa Rica,AHZ Associates,https://www.ahzassociates.com,info@ahzassociates.co.uk,,"London, United Kingdom"
Costa Rica,Crizac Ltd (Gateway Abroad),https://www.crizac.co.uk,,,United Kingdom
Costa Rica,Edvoy Educational Services Ltd.,https://www.edvoy.com,,,United Kingdom
Costa Rica,Global Study UK,https://www.globalstudyuk.com,,,
Costa Rica,AUG Study Services,https://www.aug.edu,,,
Costa Rica,LCI Group (Liu Cheng International Group Ltd),https://www.lcieducation.com,,,
Costa Rica,IDP Education (UK) Limited,https://www.idp.com,ukclientpartnerships@idp.com,+61-3-9612-4400,"69-79 Fulham High Street, London SW6 3JW, UK"
Costa Rica,AECC Global,https://www.aeccglobal.com,clientrelations@aeccglobal.com,+61-481739343,"20 Queen Street, Melbourne, Victoria 3000, Australia"
Costa Rica,IECC trading as Campora,https://www.campora.co.uk,,,
Costa Rica,KC Overseas Education Pvt. Ltd.,https://www.kcoverseas.com,,,
Costa Rica,Leap GeeBee Edtech Pvt. Ltd,https://www.geebee.com,,,
Costa Rica,QS StudentApply,https://www.qs.com,,,
Costa Rica,Amber Education Services Ltd,https://www.ambereducation.co.uk,,,
Costa Rica,Education International Cooperation (EIC) Group Limited,https://www.eic.org.cn,,,China
Costa Rica,InterGreat Education Group Ltd,https://www.intergreateducation.com,,,
Costa Rica,OxBridge Holdings Inc.,https://www.oxbridge.cn,,,China
Costa Rica,UKEC,https://www.ukec.com,,,
Costa Rica,Savvides Institute,https://www.savvides.com.cy,,,Cyprus
Costa Rica,British Canadian International Education (BCIE),https://www.bcieglobal.com,,,
Costa Rica,Aston Education,https://www.astonhongkong.com,info@aston.edu.hk,+852 2866 9933,"5th Floor, Office Plus @ Wanchai, 303 Hennessy Road, Wan Chai, Hong Kong"
Costa Rica,Edwise International LLP,https://www.edwiseinternational.com,,,
Costa Rica,IPC - International Placewell Consultants Pvt Ltd,https://www.ipcglobal.co.in,,,
Costa Rica,GoStudy International,https://www.gostudy.co.id,,,Indonesia
Costa Rica,ICAN Education,https://www.icaneducation.co.id,,,
Costa Rica,Uniserv Education,https://www.uniserv.co.ke,,,Kenya
Costa Rica,INTI Universal Holdings Sdn Bhd,https://www.inti.edu.my,,,"Nilai, Negeri Sembilan, Malaysia"
Costa Rica,MABECS,https://www.mabecs.com,,,
Costa Rica,Taylor's Malaysia Sdn Bhd,https://www.taylors.edu.my,,,"1 Jalan Taylor's, 47500 Subang Jaya, Selangor, Malaysia"
Costa Rica,Global Study Partners Pty Ltd trading as upGrad GSP,https://www.upgradgsp.com,,,Australia
Croatia,British Council Office,https://www.britishcouncil.org,,,
Croatia,International Sporting Solutions Ltd,https://www.internationalsportingsolutions.com,,,United Kingdom
Croatia,StudyIn,https://www.studyin-uk.com,,,
Croatia,Acceptix,https://www.acceptix.com,,,
Croatia,AHZ Associates,https://www.ahzassociates.com,info@ahzassociates.co.uk,,"London, United Kingdom"
Croatia,Crizac Ltd (Gateway Abroad),https://www.crizac.co.uk,,,United Kingdom
Croatia,Edvoy Educational Services Ltd.,https://www.edvoy.com,,,United Kingdom
Croatia,Global Study UK,https://www.globalstudyuk.com,,,
Croatia,AUG Study Services,https://www.aug.edu,,,
Croatia,LCI Group (Liu Cheng International Group Ltd),https://www.lcieducation.com,,,
Croatia,IDP Education (UK) Limited,https://www.idp.com,ukclientpartnerships@idp.com,+61-3-9612-4400,"69-79 Fulham High Street, London SW6 3JW, UK"
Croatia,AECC Global,https://www.aeccglobal.com,clientrelations@aeccglobal.com,+61-481739343,"20 Queen Street, Melbourne, Victoria 3000, Australia"
Croatia,IECC trading as Campora,https://www.campora.co.uk,,,
Croatia,KC Overseas Education Pvt. Ltd.,https://www.kcoverseas.com,,,
Croatia,Leap GeeBee Edtech Pvt. Ltd,https://www.geebee.com,,,
Croatia,QS StudentApply,https://www.qs.com,,,
Croatia,Amber Education Services Ltd,https://www.ambereducation.co.uk,,,
Croatia,Education International Cooperation (EIC) Group Limited,https://www.eic.org.cn,,,China
Croatia,InterGreat Education Group Ltd,https://www.intergreateducation.com,,,
Croatia,OxBridge Holdings Inc.,https://www.oxbridge.cn,,,China
Croatia,UKEC,https://www.ukec.com,,,
Croatia,Savvides Institute,https://www.savvides.com.cy,,,Cyprus
Croatia,British Canadian International Education (BCIE),https://www.bcieglobal.com,,,
Croatia,Aston Education,https://www.astonhongkong.com,info@aston.edu.hk,+852 2866 9933,"5th Floor, Office Plus @ Wanchai, 303 Hennessy Road, Wan Chai, Hong Kong"
Croatia,Edwise International LLP,https://www.edwiseinternational.com,,,
Croatia,IPC - International Placewell Consultants Pvt Ltd,https://www.ipcglobal.co.in,,,
Croatia,GoStudy International,https://www.gostudy.co.id,,,Indonesia
Croatia,ICAN Education,https://www.icaneducation.co.id,,,
Croatia,Uniserv Education,https://www.uniserv.co.ke,,,Kenya
Croatia,INTI Universal Holdings Sdn Bhd,https://www.inti.edu.my,,,"Nilai, Negeri Sembilan, Malaysia"
Croatia,MABECS,https://www.mabecs.com,,,
Croatia,Taylor's Malaysia Sdn Bhd,https://www.taylors.edu.my,,,"1 Jalan Taylor's, 47500 Subang Jaya, Selangor, Malaysia"
Croatia,Global Study Partners Pty Ltd trading as upGrad GSP,https://www.upgradgsp.com,,,Australia
Cyprus,British Council Office,https://www.britishcouncil.org,,,
Cyprus,International Sporting Solutions Ltd,https://www.internationalsportingsolutions.com,,,United Kingdom
Cyprus,StudyIn,https://www.studyin-uk.com,,,
Cyprus,Acceptix,https://www.acceptix.com,,,
Cyprus,AHZ Associates,https://www.ahzassociates.com,info@ahzassociates.co.uk,,"London, United Kingdom"
Cyprus,Crizac Ltd (Gateway Abroad),https://www.crizac.co.uk,,,United Kingdom
Cyprus,Edvoy Educational Services Ltd.,https://www.edvoy.com,,,United Kingdom
Cyprus,Global Study UK,https://www.globalstudyuk.com,,,
Cyprus,AUG Study Services,https://www.aug.edu,,,
Cyprus,LCI Group (Liu Cheng International Group Ltd),https://www.lcieducation.com,,,
Cyprus,IDP Education (UK) Limited,https://www.idp.com,ukclientpartnerships@idp.com,+61-3-9612-4400,"69-79 Fulham High Street, London SW6 3JW, UK"
Cyprus,AECC Global,https://www.aeccglobal.com,clientrelations@aeccglobal.com,+61-481739343,"20 Queen Street, Melbourne, Victoria 3000, Australia"
Cyprus,IECC trading as Campora,https://www.campora.co.uk,,,
Cyprus,KC Overseas Education Pvt. Ltd.,https://www.kcoverseas.com,,,
Cyprus,Leap GeeBee Edtech Pvt. Ltd,https://www.geebee.com,,,
Cyprus,QS StudentApply,https://www.qs.com,,,
Cyprus,Amber Education Services Ltd,https://www.ambereducation.co.uk,,,
Cyprus,Education International Cooperation (EIC) Group Limited,https://www.eic.org.cn,,,China
Cyprus,InterGreat Education Group Ltd,https://www.intergreateducation.com,,,
Cyprus,OxBridge Holdings Inc.,https://www.oxbridge.cn,,,China
Cyprus,UKEC,https://www.ukec.com,,,
Cyprus,Savvides Institute,https://www.savvides.com.cy,,,Cyprus
Cyprus,British Canadian International Education (BCIE),https://www.bcieglobal.com,,,
Cyprus,Aston Education,https://www.astonhongkong.com,info@aston.edu.hk,+852 2866 9933,"5th Floor, Office Plus @ Wanchai, 303 Hennessy Road, Wan Chai, Hong Kong"
Cyprus,Edwise International LLP,https://www.edwiseinternational.com,,,
Cyprus,IPC - International Placewell Consultants Pvt Ltd,https://www.ipcglobal.co.in,,,
Cyprus,GoStudy International,https://www.gostudy.co.id,,,Indonesia
Cyprus,ICAN Education,https://www.icaneducation.co.id,,,
Cyprus,Uniserv Education,https://www.uniserv.co.ke,,,Kenya
Cyprus,INTI Universal Holdings Sdn Bhd,https://www.inti.edu.my,,,"Nilai, Negeri Sembilan, Malaysia"
Cyprus,MABECS,https://www.mabecs.com,,,
Cyprus,Taylor's Malaysia Sdn Bhd,https://www.taylors.edu.my,,,"1 Jalan Taylor's, 47500 Subang Jaya, Selangor, Malaysia"
Cyprus,Global Study Partners Pty Ltd trading as upGrad GSP,https://www.upgradgsp.com,,,Australia
Czech Republic,British Council Office,https://www.britishcouncil.org,,,
Czech Republic,International Sporting Solutions Ltd,https://www.internationalsportingsolutions.com,,,United Kingdom
Czech Republic,StudyIn,https://www.studyin-uk.com,,,
Czech Republic,Acceptix,https://www.acceptix.com,,,
Czech Republic,AHZ Associates,https://www.ahzassociates.com,info@ahzassociates.co.uk,,"London, United Kingdom"
Czech Republic,Crizac Ltd (Gateway Abroad),https://www.crizac.co.uk,,,United Kingdom
Czech Republic,Edvoy Educational Services Ltd.,https://www.edvoy.com,,,United Kingdom
Czech Republic,Global Study UK,https://www.globalstudyuk.com,,,
Czech Republic,AUG Study Services,https://www.aug.edu,,,
Czech Republic,LCI Group (Liu Cheng International Group Ltd),https://www.lcieducation.com,,,
Czech Republic,IDP Education (UK) Limited,https://www.idp.com,ukclientpartnerships@idp.com,+61-3-9612-4400,"69-79 Fulham High Street, London SW6 3JW, UK"
Czech Republic,AECC Global,https://www.aeccglobal.com,clientrelations@aeccglobal.com,+61-481739343,"20 Queen Street, Melbourne, Victoria 3000, Australia"
Czech Republic,IECC trading as Campora,https://www.campora.co.uk,,,
Czech Republic,KC Overseas Education Pvt. Ltd.,https://www.kcoverseas.com,,,
Czech Republic,Leap GeeBee Edtech Pvt. Ltd,https://www.geebee.com,,,
Czech Republic,QS StudentApply,https://www.qs.com,,,
Czech Republic,Amber Education Services Ltd,https://www.ambereducation.co.uk,,,
Czech Republic,Education International Cooperation (EIC) Group Limited,https://www.eic.org.cn,,,China
Czech Republic,InterGreat Education Group Ltd,https://www.intergreateducation.com,,,
Czech Republic,OxBridge Holdings Inc.,https://www.oxbridge.cn,,,China
Czech Republic,UKEC,https://www.ukec.com,,,
Czech Republic,Savvides Institute,https://www.savvides.com.cy,,,Cyprus
Czech Republic,British Canadian International Education (BCIE),https://www.bcieglobal.com,,,
Czech Republic,Aston Education,https://www.astonhongkong.com,info@aston.edu.hk,+852 2866 9933,"5th Floor, Office Plus @ Wanchai, 303 Hennessy Road, Wan Chai, Hong Kong"
Czech Republic,Edwise International LLP,https://www.edwiseinternational.com,,,
Czech Republic,IPC - International Placewell Consultants Pvt Ltd,https://www.ipcglobal.co.in,,,
Czech Republic,GoStudy International,https://www.gostudy.co.id,,,Indonesia
Czech Republic,ICAN Education,https://www.icaneducation.co.id,,,
Czech Republic,Uniserv Education,https://www.uniserv.co.ke,,,Kenya
Czech Republic,INTI Universal Holdings Sdn Bhd,https://www.inti.edu.my,,,"Nilai, Negeri Sembilan, Malaysia"
Czech Republic,MABECS,https://www.mabecs.com,,,
Czech Republic,Taylor's Malaysia Sdn Bhd,https://www.taylors.edu.my,,,"1 Jalan Taylor's, 47500 Subang Jaya, Selangor, Malaysia"
Czech Republic,Global Study Partners Pty Ltd trading as upGrad GSP,https://www.upgradgsp.com,,,Australia
Denmark,British Council Office,https://www.britishcouncil.org,,,
Denmark,International Sporting Solutions Ltd,https://www.internationalsportingsolutions.com,,,United Kingdom
Denmark,StudyIn,https://www.studyin-uk.com,,,
Denmark,Acceptix,https://www.acceptix.com,,,
Denmark,AHZ Associates,https://www.ahzassociates.com,info@ahzassociates.co.uk,,"London, United Kingdom"
Denmark,Crizac Ltd (Gateway Abroad),https://www.crizac.co.uk,,,United Kingdom
Denmark,Edvoy Educational Services Ltd.,https://www.edvoy.com,,,United Kingdom
Denmark,Global Study UK,https://www.globalstudyuk.com,,,
Denmark,AUG Study Services,https://www.aug.edu,,,
Denmark,LCI Group (Liu Cheng International Group Ltd),https://www.lcieducation.com,,,
Denmark,IDP Education (UK) Limited,https://www.idp.com,ukclientpartnerships@idp.com,+61-3-9612-4400,"69-79 Fulham High Street, London SW6 3JW, UK"
Denmark,AECC Global,https://www.aeccglobal.com,clientrelations@aeccglobal.com,+61-481739343,"20 Queen Street, Melbourne, Victoria 3000, Australia"
Denmark,IECC trading as Campora,https://www.campora.co.uk,,,
Denmark,KC Overseas Education Pvt. Ltd.,https://www.kcoverseas.com,,,
Denmark,Leap GeeBee Edtech Pvt. Ltd,https://www.geebee.com,,,
Denmark,QS StudentApply,https://www.qs.com,,,
Denmark,Amber Education Services Ltd,https://www.ambereducation.co.uk,,,
Denmark,Education International Cooperation (EIC) Group Limited,https://www.eic.org.cn,,,China
Denmark,InterGreat Education Group Ltd,https://www.intergreateducation.com,,,
Denmark,OxBridge Holdings Inc.,https://www.oxbridge.cn,,,China
Denmark,UKEC,https://www.ukec.com,,,
Denmark,Savvides Institute,https://www.savvides.com.cy,,,Cyprus
Denmark,British Canadian International Education (BCIE),https://www.bcieglobal.com,,,
Denmark,Aston Education,https://www.astonhongkong.com,info@aston.edu.hk,+852 2866 9933,"5th Floor, Office Plus @ Wanchai, 303 Hennessy Road, Wan Chai, Hong Kong"
Denmark,Edwise International LLP,https://www.edwiseinternational.com,,,
Denmark,IPC - International Placewell Consultants Pvt Ltd,https://www.ipcglobal.co.in,,,
Denmark,GoStudy International,https://www.gostudy.co.id,,,Indonesia
Denmark,ICAN Education,https://www.icaneducation.co.id,,,
Denmark,Uniserv Education,https://www.uniserv.co.ke,,,Kenya
Denmark,INTI Universal Holdings Sdn Bhd,https://www.inti.edu.my,,,"Nilai, Negeri Sembilan, Malaysia"
Denmark,MABECS,https://www.mabecs.com,,,
Denmark,Taylor's Malaysia Sdn Bhd,https://www.taylors.edu.my,,,"1 Jalan Taylor's, 47500 Subang Jaya, Selangor, Malaysia"
Denmark,Global Study Partners Pty Ltd trading as upGrad GSP,https://www.upgradgsp.com,,,Australia
Egypt,British Council Office,https://www.britishcouncil.org,,,
Egypt,International Sporting Solutions Ltd,https://www.internationalsportingsolutions.com,,,United Kingdom
Egypt,StudyIn,https://www.studyin-uk.com,,,
Egypt,Acceptix,https://www.acceptix.com,,,
Egypt,AHZ Associates,https://www.ahzassociates.com,info@ahzassociates.co.uk,,"London, United Kingdom"
Egypt,Crizac Ltd (Gateway Abroad),https://www.crizac.co.uk,,,United Kingdom
Egypt,Edvoy Educational Services Ltd.,https://www.edvoy.com,,,United Kingdom
Egypt,Global Study UK,https://www.globalstudyuk.com,,,
Egypt,AUG Study Services,https://www.aug.edu,,,
Egypt,LCI Group (Liu Cheng International Group Ltd),https://www.lcieducation.com,,,
Egypt,IDP Education (UK) Limited,https://www.idp.com,ukclientpartnerships@idp.com,+61-3-9612-4400,"69-79 Fulham High Street, London SW6 3JW, UK"
Egypt,AECC Global,https://www.aeccglobal.com,clientrelations@aeccglobal.com,+61-481739343,"20 Queen Street, Melbourne, Victoria 3000, Australia"
Egypt,IECC trading as Campora,https://www.campora.co.uk,,,
Egypt,KC Overseas Education Pvt. Ltd.,https://www.kcoverseas.com,,,
Egypt,Leap GeeBee Edtech Pvt. Ltd,https://www.geebee.com,,,
Egypt,QS StudentApply,https://www.qs.com,,,
Egypt,Amber Education Services Ltd,https://www.ambereducation.co.uk,,,
Egypt,Education International Cooperation (EIC) Group Limited,https://www.eic.org.cn,,,China
Egypt,InterGreat Education Group Ltd,https://www.intergreateducation.com,,,
Egypt,OxBridge Holdings Inc.,https://www.oxbridge.cn,,,China
Egypt,UKEC,https://www.ukec.com,,,
Egypt,Savvides Institute,https://www.savvides.com.cy,,,Cyprus
Egypt,British Canadian International Education (BCIE),https://www.bcieglobal.com,,,
Egypt,Aston Education,https://www.astonhongkong.com,info@aston.edu.hk,+852 2866 9933,"5th Floor, Office Plus @ Wanchai, 303 Hennessy Road, Wan Chai, Hong Kong"
Egypt,Edwise International LLP,https://www.edwiseinternational.com,,,
Egypt,IPC - International Placewell Consultants Pvt Ltd,https://www.ipcglobal.co.in,,,
Egypt,GoStudy International,https://www.gostudy.co.id,,,Indonesia
Egypt,ICAN Education,https://www.icaneducation.co.id,,,
Egypt,Uniserv Education,https://www.uniserv.co.ke,,,Kenya
Egypt,INTI Universal Holdings Sdn Bhd,https://www.inti.edu.my,,,"Nilai, Negeri Sembilan, Malaysia"
Egypt,MABECS,https://www.mabecs.com,,,
Egypt,Taylor's Malaysia Sdn Bhd,https://www.taylors.edu.my,,,"1 Jalan Taylor's, 47500 Subang Jaya, Selangor, Malaysia"
Egypt,Global Study Partners Pty Ltd trading as upGrad GSP,https://www.upgradgsp.com,,,Australia
Estonia,British Council Office,https://www.britishcouncil.org,,,
Estonia,International Sporting Solutions Ltd,https://www.internationalsportingsolutions.com,,,United Kingdom
Estonia,StudyIn,https://www.studyin-uk.com,,,
Estonia,Acceptix,https://www.acceptix.com,,,
Estonia,AHZ Associates,https://www.ahzassociates.com,info@ahzassociates.co.uk,,"London, United Kingdom"
Estonia,Crizac Ltd (Gateway Abroad),https://www.crizac.co.uk,,,United Kingdom
Estonia,Edvoy Educational Services Ltd.,https://www.edvoy.com,,,United Kingdom
Estonia,Global Study UK,https://www.globalstudyuk.com,,,
Estonia,AUG Study Services,https://www.aug.edu,,,
Estonia,LCI Group (Liu Cheng International Group Ltd),https://www.lcieducation.com,,,
Estonia,IDP Education (UK) Limited,https://www.idp.com,ukclientpartnerships@idp.com,+61-3-9612-4400,"69-79 Fulham High Street, London SW6 3JW, UK"
Estonia,AECC Global,https://www.aeccglobal.com,clientrelations@aeccglobal.com,+61-481739343,"20 Queen Street, Melbourne, Victoria 3000, Australia"
Estonia,IECC trading as Campora,https://www.campora.co.uk,,,
Estonia,KC Overseas Education Pvt. Ltd.,https://www.kcoverseas.com,,,
Estonia,Leap GeeBee Edtech Pvt. Ltd,https://www.geebee.com,,,
Estonia,QS StudentApply,https://www.qs.com,,,
Estonia,Amber Education Services Ltd,https://www.ambereducation.co.uk,,,
Estonia,Education International Cooperation (EIC) Group Limited,https://www.eic.org.cn,,,China
Estonia,InterGreat Education Group Ltd,https://www.intergreateducation.com,,,
Estonia,OxBridge Holdings Inc.,https://www.oxbridge.cn,,,China
Estonia,UKEC,https://www.ukec.com,,,
Estonia,Savvides Institute,https://www.savvides.com.cy,,,Cyprus
Estonia,British Canadian International Education (BCIE),https://www.bcieglobal.com,,,
Estonia,Aston Education,https://www.astonhongkong.com,info@aston.edu.hk,+852 2866 9933,"5th Floor, Office Plus @ Wanchai, 303 Hennessy Road, Wan Chai, Hong Kong"
Estonia,Edwise International LLP,https://www.edwiseinternational.com,,,
Estonia,IPC - International Placewell Consultants Pvt Ltd,https://www.ipcglobal.co.in,,,
Estonia,GoStudy International,https://www.gostudy.co.id,,,Indonesia
Estonia,ICAN Education,https://www.icaneducation.co.id,,,
Estonia,Uniserv Education,https://www.uniserv.co.ke,,,Kenya
Estonia,INTI Universal Holdings Sdn Bhd,https://www.inti.edu.my,,,"Nilai, Negeri Sembilan, Malaysia"
Estonia,MABECS,https://www.mabecs.com,,,
Estonia,Taylor's Malaysia Sdn Bhd,https://www.taylors.edu.my,,,"1 Jalan Taylor's, 47500 Subang Jaya, Selangor, Malaysia"
Estonia,Global Study Partners Pty Ltd trading as upGrad GSP,https://www.upgradgsp.com,,,Australia
Finland,British Council Office,https://www.britishcouncil.org,,,
Finland,International Sporting Solutions Ltd,https://www.internationalsportingsolutions.com,,,United Kingdom
Finland,StudyIn,https://www.studyin-uk.com,,,
Finland,Acceptix,https://www.acceptix.com,,,
Finland,AHZ Associates,https://www.ahzassociates.com,info@ahzassociates.co.uk,,"London, United Kingdom"
Finland,Crizac Ltd (Gateway Abroad),https://www.crizac.co.uk,,,United Kingdom
Finland,Edvoy Educational Services Ltd.,https://www.edvoy.com,,,United Kingdom
Finland,Global Study UK,https://www.globalstudyuk.com,,,
Finland,AUG Study Services,https://www.aug.edu,,,
Finland,LCI Group (Liu Cheng International Group Ltd),https://www.lcieducation.com,,,
Finland,IDP Education (UK) Limited,https://www.idp.com,ukclientpartnerships@idp.com,+61-3-9612-4400,"69-79 Fulham High Street, London SW6 3JW, UK"
Finland,AECC Global,https://www.aeccglobal.com,clientrelations@aeccglobal.com,+61-481739343,"20 Queen Street, Melbourne, Victoria 3000, Australia"
Finland,IECC trading as Campora,https://www.campora.co.uk,,,
Finland,KC Overseas Education Pvt. Ltd.,https://www.kcoverseas.com,,,
Finland,Leap GeeBee Edtech Pvt. Ltd,https://www.geebee.com,,,
Finland,QS StudentApply,https://www.qs.com,,,
Finland,Amber Education Services Ltd,https://www.ambereducation.co.uk,,,
Finland,Education International Cooperation (EIC) Group Limited,https://www.eic.org.cn,,,China
Finland,InterGreat Education Group Ltd,https://www.intergreateducation.com,,,
Finland,OxBridge Holdings Inc.,https://www.oxbridge.cn,,,China
Finland,UKEC,https://www.ukec.com,,,
Finland,Savvides Institute,https://www.savvides.com.cy,,,Cyprus
Finland,British Canadian International Education (BCIE),https://www.bcieglobal.com,,,
Finland,Aston Education,https://www.astonhongkong.com,info@aston.edu.hk,+852 2866 9933,"5th Floor, Office Plus @ Wanchai, 303 Hennessy Road, Wan Chai, Hong Kong"
Finland,Edwise International LLP,https://www.edwiseinternational.com,,,
Finland,IPC - International Placewell Consultants Pvt Ltd,https://www.ipcglobal.co.in,,,
Finland,GoStudy International,https://www.gostudy.co.id,,,Indonesia
Finland,ICAN Education,https://www.icaneducation.co.id,,,
Finland,Uniserv Education,https://www.uniserv.co.ke,,,Kenya
Finland,INTI Universal Holdings Sdn Bhd,https://www.inti.edu.my,,,"Nilai, Negeri Sembilan, Malaysia"
Finland,MABECS,https://www.mabecs.com,,,
Finland,Taylor's Malaysia Sdn Bhd,https://www.taylors.edu.my,,,"1 Jalan Taylor's, 47500 Subang Jaya, Selangor, Malaysia"
Finland,Global Study Partners Pty Ltd trading as upGrad GSP,https://www.upgradgsp.com,,,Australia
France,British Council Office,https://www.britishcouncil.org,,,
France,International Sporting Solutions Ltd,https://www.internationalsportingsolutions.com,,,United Kingdom
France,StudyIn,https://www.studyin-uk.com,,,
France,Acceptix,https://www.acceptix.com,,,
France,AHZ Associates,https://www.ahzassociates.com,info@ahzassociates.co.uk,,"London, United Kingdom"
France,Crizac Ltd (Gateway Abroad),https://www.crizac.co.uk,,,United Kingdom
France,Edvoy Educational Services Ltd.,https://www.edvoy.com,,,United Kingdom
France,Global Study UK,https://www.globalstudyuk.com,,,
France,AUG Study Services,https://www.aug.edu,,,
France,LCI Group (Liu Cheng International Group Ltd),https://www.lcieducation.com,,,
France,IDP Education (UK) Limited,https://www.idp.com,ukclientpartnerships@idp.com,+61-3-9612-4400,"69-79 Fulham High Street, London SW6 3JW, UK"
France,AECC Global,https://www.aeccglobal.com,clientrelations@aeccglobal.com,+61-481739343,"20 Queen Street, Melbourne, Victoria 3000, Australia"
France,IECC trading as Campora,https://www.campora.co.uk,,,
France,KC Overseas Education Pvt. Ltd.,https://www.kcoverseas.com,,,
France,Leap GeeBee Edtech Pvt. Ltd,https://www.geebee.com,,,
France,QS StudentApply,https://www.qs.com,,,
France,Amber Education Services Ltd,https://www.ambereducation.co.uk,,,
France,Education International Cooperation (EIC) Group Limited,https://www.eic.org.cn,,,China
France,InterGreat Education Group Ltd,https://www.intergreateducation.com,,,
France,OxBridge Holdings Inc.,https://www.oxbridge.cn,,,China
France,UKEC,https://www.ukec.com,,,
France,Savvides Institute,https://www.savvides.com.cy,,,Cyprus
France,British Canadian International Education (BCIE),https://www.bcieglobal.com,,,
France,Aston Education,https://www.astonhongkong.com,info@aston.edu.hk,+852 2866 9933,"5th Floor, Office Plus @ Wanchai, 303 Hennessy Road, Wan Chai, Hong Kong"
France,Edwise International LLP,https://www.edwiseinternational.com,,,
France,IPC - International Placewell Consultants Pvt Ltd,https://www.ipcglobal.co.in,,,
France,GoStudy International,https://www.gostudy.co.id,,,Indonesia
France,ICAN Education,https://www.icaneducation.co.id,,,
France,Uniserv Education,https://www.uniserv.co.ke,,,Kenya
France,INTI Universal Holdings Sdn Bhd,https://www.inti.edu.my,,,"Nilai, Negeri Sembilan, Malaysia"
France,MABECS,https://www.mabecs.com,,,
France,Taylor's Malaysia Sdn Bhd,https://www.taylors.edu.my,,,"1 Jalan Taylor's, 47500 Subang Jaya, Selangor, Malaysia"
France,Global Study Partners Pty Ltd trading as upGrad GSP,https://www.upgradgsp.com,,,Australia
Ghana,British Council Office,https://www.britishcouncil.org,,,
Ghana,International Sporting Solutions Ltd,https://www.internationalsportingsolutions.com,,,United Kingdom
Ghana,StudyIn,https://www.studyin-uk.com,,,
Ghana,Acceptix,https://www.acceptix.com,,,
Ghana,AHZ Associates,https://www.ahzassociates.com,info@ahzassociates.co.uk,,"London, United Kingdom"
Ghana,Crizac Ltd (Gateway Abroad),https://www.crizac.co.uk,,,United Kingdom
Ghana,Edvoy Educational Services Ltd.,https://www.edvoy.com,,,United Kingdom
Ghana,Global Study UK,https://www.globalstudyuk.com,,,
Ghana,AUG Study Services,https://www.aug.edu,,,
Ghana,LCI Group (Liu Cheng International Group Ltd),https://www.lcieducation.com,,,
Ghana,IDP Education (UK) Limited,https://www.idp.com,ukclientpartnerships@idp.com,+61-3-9612-4400,"69-79 Fulham High Street, London SW6 3JW, UK"
Ghana,AECC Global,https://www.aeccglobal.com,clientrelations@aeccglobal.com,+61-481739343,"20 Queen Street, Melbourne, Victoria 3000, Australia"
Ghana,IECC trading as Campora,https://www.campora.co.uk,,,
Ghana,KC Overseas Education Pvt. Ltd.,https://www.kcoverseas.com,,,
Ghana,Leap GeeBee Edtech Pvt. Ltd,https://www.geebee.com,,,
Ghana,QS StudentApply,https://www.qs.com,,,
Ghana,Amber Education Services Ltd,https://www.ambereducation.co.uk,,,
Ghana,Education International Cooperation (EIC) Group Limited,https://www.eic.org.cn,,,China
Ghana,InterGreat Education Group Ltd,https://www.intergreateducation.com,,,
Ghana,OxBridge Holdings Inc.,https://www.oxbridge.cn,,,China
Ghana,UKEC,https://www.ukec.com,,,
Ghana,Savvides Institute,https://www.savvides.com.cy,,,Cyprus
Ghana,British Canadian International Education (BCIE),https://www.bcieglobal.com,,,
Ghana,Aston Education,https://www.astonhongkong.com,info@aston.edu.hk,+852 2866 9933,"5th Floor, Office Plus @ Wanchai, 303 Hennessy Road, Wan Chai, Hong Kong"
Ghana,Edwise International LLP,https://www.edwiseinternational.com,,,
Ghana,IPC - International Placewell Consultants Pvt Ltd,https://www.ipcglobal.co.in,,,
Ghana,GoStudy International,https://www.gostudy.co.id,,,Indonesia
Ghana,ICAN Education,https://www.icaneducation.co.id,,,
Ghana,Uniserv Education,https://www.uniserv.co.ke,,,Kenya
Ghana,INTI Universal Holdings Sdn Bhd,https://www.inti.edu.my,,,"Nilai, Negeri Sembilan, Malaysia"
Ghana,MABECS,https://www.mabecs.com,,,
Ghana,Taylor's Malaysia Sdn Bhd,https://www.taylors.edu.my,,,"1 Jalan Taylor's, 47500 Subang Jaya, Selangor, Malaysia"
Ghana,Global Study Partners Pty Ltd trading as upGrad GSP,https://www.upgradgsp.com,,,Australia
Guatemala,British Council Office,https://www.britishcouncil.org,,,
Guatemala,International Sporting Solutions Ltd,https://www.internationalsportingsolutions.com,,,United Kingdom
Guatemala,StudyIn,https://www.studyin-uk.com,,,
Guatemala,Acceptix,https://www.acceptix.com,,,
Guatemala,AHZ Associates,https://www.ahzassociates.com,info@ahzassociates.co.uk,,"London, United Kingdom"
Guatemala,Crizac Ltd (Gateway Abroad),https://www.crizac.co.uk,,,United Kingdom
Guatemala,Edvoy Educational Services Ltd.,https://www.edvoy.com,,,United Kingdom
Guatemala,Global Study UK,https://www.globalstudyuk.com,,,
Guatemala,AUG Study Services,https://www.aug.edu,,,
Guatemala,LCI Group (Liu Cheng International Group Ltd),https://www.lcieducation.com,,,
Guatemala,IDP Education (UK) Limited,https://www.idp.com,ukclientpartnerships@idp.com,+61-3-9612-4400,"69-79 Fulham High Street, London SW6 3JW, UK"
Guatemala,AECC Global,https://www.aeccglobal.com,clientrelations@aeccglobal.com,+61-481739343,"20 Queen Street, Melbourne, Victoria 3000, Australia"
Guatemala,IECC trading as Campora,https://www.campora.co.uk,,,
Guatemala,KC Overseas Education Pvt. Ltd.,https://www.kcoverseas.com,,,
Guatemala,Leap GeeBee Edtech Pvt. Ltd,https://www.geebee.com,,,
Guatemala,QS StudentApply,https://www.qs.com,,,
Guatemala,Amber Education Services Ltd,https://www.ambereducation.co.uk,,,
Guatemala,Education International Cooperation (EIC) Group Limited,https://www.eic.org.cn,,,China
Guatemala,InterGreat Education Group Ltd,https://www.intergreateducation.com,,,
Guatemala,OxBridge Holdings Inc.,https://www.oxbridge.cn,,,China
Guatemala,UKEC,https://www.ukec.com,,,
Guatemala,Savvides Institute,https://www.savvides.com.cy,,,Cyprus
Guatemala,British Canadian International Education (BCIE),https://www.bcieglobal.com,,,
Guatemala,Aston Education,https://www.astonhongkong.com,info@aston.edu.hk,+852 2866 9933,"5th Floor, Office Plus @ Wanchai, 303 Hennessy Road, Wan Chai, Hong Kong"
Guatemala,Edwise International LLP,https://www.edwiseinternational.com,,,
Guatemala,IPC - International Placewell Consultants Pvt Ltd,https://www.ipcglobal.co.in,,,
Guatemala,GoStudy International,https://www.gostudy.co.id,,,Indonesia
Guatemala,ICAN Education,https://www.icaneducation.co.id,,,
Guatemala,Uniserv Education,https://www.uniserv.co.ke,,,Kenya
Guatemala,INTI Universal Holdings Sdn Bhd,https://www.inti.edu.my,,,"Nilai, Negeri Sembilan, Malaysia"
Guatemala,MABECS,https://www.mabecs.com,,,
Guatemala,Taylor's Malaysia Sdn Bhd,https://www.taylors.edu.my,,,"1 Jalan Taylor's, 47500 Subang Jaya, Selangor, Malaysia"
Guatemala,Global Study Partners Pty Ltd trading as upGrad GSP,https://www.upgradgsp.com,,,Australia
Hong Kong,British Council Office,https://www.britishcouncil.org,,,
Hong Kong,International Sporting Solutions Ltd,https://www.internationalsportingsolutions.com,,,United Kingdom
Hong Kong,StudyIn,https://www.studyin-uk.com,,,
Hong Kong,Acceptix,https://www.acceptix.com,,,
Hong Kong,AHZ Associates,https://www.ahzassociates.com,info@ahzassociates.co.uk,,"London, United Kingdom"
Hong Kong,Crizac Ltd (Gateway Abroad),https://www.crizac.co.uk,,,United Kingdom
Hong Kong,Edvoy Educational Services Ltd.,https://www.edvoy.com,,,United Kingdom
Hong Kong,Global Study UK,https://www.globalstudyuk.com,,,
Hong Kong,AUG Study Services,https://www.aug.edu,,,
Hong Kong,LCI Group (Liu Cheng International Group Ltd),https://www.lcieducation.com,,,
Hong Kong,IDP Education (UK) Limited,https://www.idp.com,ukclientpartnerships@idp.com,+61-3-9612-4400,"69-79 Fulham High Street, London SW6 3JW, UK"
Hong Kong,AECC Global,https://www.aeccglobal.com,clientrelations@aeccglobal.com,+61-481739343,"20 Queen Street, Melbourne, Victoria 3000, Australia"
Hong Kong,IECC trading as Campora,https://www.campora.co.uk,,,
Hong Kong,KC Overseas Education Pvt. Ltd.,https://www.kcoverseas.com,,,
Hong Kong,Leap GeeBee Edtech Pvt. Ltd,https://www.geebee.com,,,
Hong Kong,QS StudentApply,https://www.qs.com,,,
Hong Kong,Amber Education Services Ltd,https://www.ambereducation.co.uk,,,
Hong Kong,Education International Cooperation (EIC) Group Limited,https://www.eic.org.cn,,,China
Hong Kong,InterGreat Education Group Ltd,https://www.intergreateducation.com,,,
Hong Kong,OxBridge Holdings Inc.,https://www.oxbridge.cn,,,China
Hong Kong,UKEC,https://www.ukec.com,,,
Hong Kong,Savvides Institute,https://www.savvides.com.cy,,,Cyprus
Hong Kong,British Canadian International Education (BCIE),https://www.bcieglobal.com,,,
Hong Kong,Aston Education,https://www.astonhongkong.com,info@aston.edu.hk,+852 2866 9933,"5th Floor, Office Plus @ Wanchai, 303 Hennessy Road, Wan Chai, Hong Kong"
Hong Kong,Edwise International LLP,https://www.edwiseinternational.com,,,
Hong Kong,IPC - International Placewell Consultants Pvt Ltd,https://www.ipcglobal.co.in,,,
Hong Kong,GoStudy International,https://www.gostudy.co.id,,,Indonesia
Hong Kong,ICAN Education,https://www.icaneducation.co.id,,,
Hong Kong,Uniserv Education,https://www.uniserv.co.ke,,,Kenya
Hong Kong,INTI Universal Holdings Sdn Bhd,https://www.inti.edu.my,,,"Nilai, Negeri Sembilan, Malaysia"
Hong Kong,MABECS,https://www.mabecs.com,,,
Hong Kong,Taylor's Malaysia Sdn Bhd,https://www.taylors.edu.my,,,"1 Jalan Taylor's, 47500 Subang Jaya, Selangor, Malaysia"
Hong Kong,Global Study Partners Pty Ltd trading as upGrad GSP,https://www.upgradgsp.com,,,Australia
India,British Council Office,https://www.britishcouncil.org,,,
India,International Sporting Solutions Ltd,https://www.internationalsportingsolutions.com,,,United Kingdom
India,StudyIn,https://www.studyin-uk.com,,,
India,Acceptix,https://www.acceptix.com,,,
India,AHZ Associates,https://www.ahzassociates.com,info@ahzassociates.co.uk,,"London, United Kingdom"
India,Crizac Ltd (Gateway Abroad),https://www.crizac.co.uk,,,United Kingdom
India,Edvoy Educational Services Ltd.,https://www.edvoy.com,,,United Kingdom
India,Global Study UK,https://www.globalstudyuk.com,,,
India,AUG Study Services,https://www.aug.edu,,,
India,LCI Group (Liu Cheng International Group Ltd),https://www.lcieducation.com,,,
India,IDP Education (UK) Limited,https://www.idp.com,ukclientpartnerships@idp.com,+61-3-9612-4400,"69-79 Fulham High Street, London SW6 3JW, UK"
India,AECC Global,https://www.aeccglobal.com,clientrelations@aeccglobal.com,+61-481739343,"20 Queen Street, Melbourne, Victoria 3000, Australia"
India,IECC trading as Campora,https://www.campora.co.uk,,,
India,KC Overseas Education Pvt. Ltd.,https://www.kcoverseas.com,,,
India,Leap GeeBee Edtech Pvt. Ltd,https://www.geebee.com,,,
India,QS StudentApply,https://www.qs.com,,,
India,Amber Education Services Ltd,https://www.ambereducation.co.uk,,,
India,Education International Cooperation (EIC) Group Limited,https://www.eic.org.cn,,,China
India,InterGreat Education Group Ltd,https://www.intergreateducation.com,,,
India,OxBridge Holdings Inc.,https://www.oxbridge.cn,,,China
India,UKEC,https://www.ukec.com,,,
India,Savvides Institute,https://www.savvides.com.cy,,,Cyprus
India,British Canadian International Education (BCIE),https://www.bcieglobal.com,,,
India,Aston Education,https://www.astonhongkong.com,info@aston.edu.hk,+852 2866 9933,"5th Floor, Office Plus @ Wanchai, 303 Hennessy Road, Wan Chai, Hong Kong"
India,Edwise International LLP,https://www.edwiseinternational.com,,,
India,IPC - International Placewell Consultants Pvt Ltd,https://www.ipcglobal.co.in,,,
India,GoStudy International,https://www.gostudy.co.id,,,Indonesia
India,ICAN Education,https://www.icaneducation.co.id,,,
India,Uniserv Education,https://www.uniserv.co.ke,,,Kenya
India,INTI Universal Holdings Sdn Bhd,https://www.inti.edu.my,,,"Nilai, Negeri Sembilan, Malaysia"
India,MABECS,https://www.mabecs.com,,,
India,Taylor's Malaysia Sdn Bhd,https://www.taylors.edu.my,,,"1 Jalan Taylor's, 47500 Subang Jaya, Selangor, Malaysia"
India,Global Study Partners Pty Ltd trading as upGrad GSP,https://www.upgradgsp.com,,,Australia
Indonesia,British Council Office,https://www.britishcouncil.org,,,
Indonesia,International Sporting Solutions Ltd,https://www.internationalsportingsolutions.com,,,United Kingdom
Indonesia,StudyIn,https://www.studyin-uk.com,,,
Indonesia,Acceptix,https://www.acceptix.com,,,
Indonesia,AHZ Associates,https://www.ahzassociates.com,info@ahzassociates.co.uk,,"London, United Kingdom"
Indonesia,Crizac Ltd (Gateway Abroad),https://www.crizac.co.uk,,,United Kingdom
Indonesia,Edvoy Educational Services Ltd.,https://www.edvoy.com,,,United Kingdom
Indonesia,Global Study UK,https://www.globalstudyuk.com,,,
Indonesia,AUG Study Services,https://www.aug.edu,,,
Indonesia,LCI Group (Liu Cheng International Group Ltd),https://www.lcieducation.com,,,
Indonesia,IDP Education (UK) Limited,https://www.idp.com,ukclientpartnerships@idp.com,+61-3-9612-4400,"69-79 Fulham High Street, London SW6 3JW, UK"
Indonesia,AECC Global,https://www.aeccglobal.com,clientrelations@aeccglobal.com,+61-481739343,"20 Queen Street, Melbourne, Victoria 3000, Australia"
Indonesia,IECC trading as Campora,https://www.campora.co.uk,,,
Indonesia,KC Overseas Education Pvt. Ltd.,https://www.kcoverseas.com,,,
Indonesia,Leap GeeBee Edtech Pvt. Ltd,https://www.geebee.com,,,
Indonesia,QS StudentApply,https://www.qs.com,,,
Indonesia,Amber Education Services Ltd,https://www.ambereducation.co.uk,,,
Indonesia,Education International Cooperation (EIC) Group Limited,https://www.eic.org.cn,,,China
Indonesia,InterGreat Education Group Ltd,https://www.intergreateducation.com,,,
Indonesia,OxBridge Holdings Inc.,https://www.oxbridge.cn,,,China
Indonesia,UKEC,https://www.ukec.com,,,
Indonesia,Savvides Institute,https://www.savvides.com.cy,,,Cyprus
Indonesia,British Canadian International Education (BCIE),https://www.bcieglobal.com,,,
Indonesia,Aston Education,https://www.astonhongkong.com,info@aston.edu.hk,+852 2866 9933,"5th Floor, Office Plus @ Wanchai, 303 Hennessy Road, Wan Chai, Hong Kong"
Indonesia,Edwise International LLP,https://www.edwiseinternational.com,,,
Indonesia,IPC - International Placewell Consultants Pvt Ltd,https://www.ipcglobal.co.in,,,
Indonesia,GoStudy International,https://www.gostudy.co.id,,,Indonesia
Indonesia,ICAN Education,https://www.icaneducation.co.id,,,
Indonesia,Uniserv Education,https://www.uniserv.co.ke,,,Kenya
Indonesia,INTI Universal Holdings Sdn Bhd,https://www.inti.edu.my,,,"Nilai, Negeri Sembilan, Malaysia"
Indonesia,MABECS,https://www.mabecs.com,,,
Indonesia,Taylor's Malaysia Sdn Bhd,https://www.taylors.edu.my,,,"1 Jalan Taylor's, 47500 Subang Jaya, Selangor, Malaysia"
Indonesia,Global Study Partners Pty Ltd trading as upGrad GSP,https://www.upgradgsp.com,,,Australia
Iran (Islamic Republic of),British Council Office,https://www.britishcouncil.org,,,
Iran (Islamic Republic of),International Sporting Solutions Ltd,https://www.internationalsportingsolutions.com,,,United Kingdom
Iran (Islamic Republic of),StudyIn,https://www.studyin-uk.com,,,
Iran (Islamic Republic of),Acceptix,https://www.acceptix.com,,,
Iran (Islamic Republic of),AHZ Associates,https://www.ahzassociates.com,info@ahzassociates.co.uk,,"London, United Kingdom"
Iran (Islamic Republic of),Crizac Ltd (Gateway Abroad),https://www.crizac.co.uk,,,United Kingdom
Iran (Islamic Republic of),Edvoy Educational Services Ltd.,https://www.edvoy.com,,,United Kingdom
Iran (Islamic Republic of),Global Study UK,https://www.globalstudyuk.com,,,
Iran (Islamic Republic of),AUG Study Services,https://www.aug.edu,,,
Iran (Islamic Republic of),LCI Group (Liu Cheng International Group Ltd),https://www.lcieducation.com,,,
Iran (Islamic Republic of),IDP Education (UK) Limited,https://www.idp.com,ukclientpartnerships@idp.com,+61-3-9612-4400,"69-79 Fulham High Street, London SW6 3JW, UK"
Iran (Islamic Republic of),AECC Global,https://www.aeccglobal.com,clientrelations@aeccglobal.com,+61-481739343,"20 Queen Street, Melbourne, Victoria 3000, Australia"
Iran (Islamic Republic of),IECC trading as Campora,https://www.campora.co.uk,,,
Iran (Islamic Republic of),KC Overseas Education Pvt. Ltd.,https://www.kcoverseas.com,,,
Iran (Islamic Republic of),Leap GeeBee Edtech Pvt. Ltd,https://www.geebee.com,,,
Iran (Islamic Republic of),QS StudentApply,https://www.qs.com,,,
Iran (Islamic Republic of),Amber Education Services Ltd,https://www.ambereducation.co.uk,,,
Iran (Islamic Republic of),Education International Cooperation (EIC) Group Limited,https://www.eic.org.cn,,,China
Iran (Islamic Republic of),InterGreat Education Group Ltd,https://www.intergreateducation.com,,,
Iran (Islamic Republic of),OxBridge Holdings Inc.,https://www.oxbridge.cn,,,China
Iran (Islamic Republic of),UKEC,https://www.ukec.com,,,
Iran (Islamic Republic of),Savvides Institute,https://www.savvides.com.cy,,,Cyprus
Iran (Islamic Republic of),British Canadian International Education (BCIE),https://www.bcieglobal.com,,,
Iran (Islamic Republic of),Aston Education,https://www.astonhongkong.com,info@aston.edu.hk,+852 2866 9933,"5th Floor, Office Plus @ Wanchai, 303 Hennessy Road, Wan Chai, Hong Kong"
Iran (Islamic Republic of),Edwise International LLP,https://www.edwiseinternational.com,,,
Iran (Islamic Republic of),IPC - International Placewell Consultants Pvt Ltd,https://www.ipcglobal.co.in,,,
Iran (Islamic Republic of),GoStudy International,https://www.gostudy.co.id,,,Indonesia
Iran (Islamic Republic of),ICAN Education,https://www.icaneducation.co.id,,,
Iran (Islamic Republic of),Uniserv Education,https://www.uniserv.co.ke,,,Kenya
Iran (Islamic Republic of),INTI Universal Holdings Sdn Bhd,https://www.inti.edu.my,,,"Nilai, Negeri Sembilan, Malaysia"
Iran (Islamic Republic of),MABECS,https://www.mabecs.com,,,
Iran (Islamic Republic of),Taylor's Malaysia Sdn Bhd,https://www.taylors.edu.my,,,"1 Jalan Taylor's, 47500 Subang Jaya, Selangor, Malaysia"
Iran (Islamic Republic of),Global Study Partners Pty Ltd trading as upGrad GSP,https://www.upgradgsp.com,,,Australia
Iraq,British Council Office,https://www.britishcouncil.org,,,
Iraq,International Sporting Solutions Ltd,https://www.internationalsportingsolutions.com,,,United Kingdom
Iraq,StudyIn,https://www.studyin-uk.com,,,
Iraq,Acceptix,https://www.acceptix.com,,,
Iraq,AHZ Associates,https://www.ahzassociates.com,info@ahzassociates.co.uk,,"London, United Kingdom"
Iraq,Crizac Ltd (Gateway Abroad),https://www.crizac.co.uk,,,United Kingdom
Iraq,Edvoy Educational Services Ltd.,https://www.edvoy.com,,,United Kingdom
Iraq,Global Study UK,https://www.globalstudyuk.com,,,
Iraq,AUG Study Services,https://www.aug.edu,,,
Iraq,LCI Group (Liu Cheng International Group Ltd),https://www.lcieducation.com,,,
Iraq,IDP Education (UK) Limited,https://www.idp.com,ukclientpartnerships@idp.com,+61-3-9612-4400,"69-79 Fulham High Street, London SW6 3JW, UK"
Iraq,AECC Global,https://www.aeccglobal.com,clientrelations@aeccglobal.com,+61-481739343,"20 Queen Street, Melbourne, Victoria 3000, Australia"
Iraq,IECC trading as Campora,https://www.campora.co.uk,,,
Iraq,KC Overseas Education Pvt. Ltd.,https://www.kcoverseas.com,,,
Iraq,Leap GeeBee Edtech Pvt. Ltd,https://www.geebee.com,,,
Iraq,QS StudentApply,https://www.qs.com,,,
Iraq,Amber Education Services Ltd,https://www.ambereducation.co.uk,,,
Iraq,Education International Cooperation (EIC) Group Limited,https://www.eic.org.cn,,,China
Iraq,InterGreat Education Group Ltd,https://www.intergreateducation.com,,,
Iraq,OxBridge Holdings Inc.,https://www.oxbridge.cn,,,China
Iraq,UKEC,https://www.ukec.com,,,
Iraq,Savvides Institute,https://www.savvides.com.cy,,,Cyprus
Iraq,British Canadian International Education (BCIE),https://www.bcieglobal.com,,,
Iraq,Aston Education,https://www.astonhongkong.com,info@aston.edu.hk,+852 2866 9933,"5th Floor, Office Plus @ Wanchai, 303 Hennessy Road, Wan Chai, Hong Kong"
Iraq,Edwise International LLP,https://www.edwiseinternational.com,,,
Iraq,IPC - International Placewell Consultants Pvt Ltd,https://www.ipcglobal.co.in,,,
Iraq,GoStudy International,https://www.gostudy.co.id,,,Indonesia
Iraq,ICAN Education,https://www.icaneducation.co.id,,,
Iraq,Uniserv Education,https://www.uniserv.co.ke,,,Kenya
Iraq,INTI Universal Holdings Sdn Bhd,https://www.inti.edu.my,,,"Nilai, Negeri Sembilan, Malaysia"
Iraq,MABECS,https://www.mabecs.com,,,
Iraq,Taylor's Malaysia Sdn Bhd,https://www.taylors.edu.my,,,"1 Jalan Taylor's, 47500 Subang Jaya, Selangor, Malaysia"
Iraq,Global Study Partners Pty Ltd trading as upGrad GSP,https://www.upgradgsp.com,,,Australia
Italy,British Council Office,https://www.britishcouncil.org,,,
Italy,International Sporting Solutions Ltd,https://www.internationalsportingsolutions.com,,,United Kingdom
Italy,StudyIn,https://www.studyin-uk.com,,,
Italy,Acceptix,https://www.acceptix.com,,,
Italy,AHZ Associates,https://www.ahzassociates.com,info@ahzassociates.co.uk,,"London, United Kingdom"
Italy,Crizac Ltd (Gateway Abroad),https://www.crizac.co.uk,,,United Kingdom
Italy,Edvoy Educational Services Ltd.,https://www.edvoy.com,,,United Kingdom
Italy,Global Study UK,https://www.globalstudyuk.com,,,
Italy,AUG Study Services,https://www.aug.edu,,,
Italy,LCI Group (Liu Cheng International Group Ltd),https://www.lcieducation.com,,,
Italy,IDP Education (UK) Limited,https://www.idp.com,ukclientpartnerships@idp.com,+61-3-9612-4400,"69-79 Fulham High Street, London SW6 3JW, UK"
Italy,AECC Global,https://www.aeccglobal.com,clientrelations@aeccglobal.com,+61-481739343,"20 Queen Street, Melbourne, Victoria 3000, Australia"
Italy,IECC trading as Campora,https://www.campora.co.uk,,,
Italy,KC Overseas Education Pvt. Ltd.,https://www.kcoverseas.com,,,
Italy,Leap GeeBee Edtech Pvt. Ltd,https://www.geebee.com,,,
Italy,QS StudentApply,https://www.qs.com,,,
Italy,Amber Education Services Ltd,https://www.ambereducation.co.uk,,,
Italy,Education International Cooperation (EIC) Group Limited,https://www.eic.org.cn,,,China
Italy,InterGreat Education Group Ltd,https://www.intergreateducation.com,,,
Italy,OxBridge Holdings Inc.,https://www.oxbridge.cn,,,China
Italy,UKEC,https://www.ukec.com,,,
Italy,Savvides Institute,https://www.savvides.com.cy,,,Cyprus
Italy,British Canadian International Education (BCIE),https://www.bcieglobal.com,,,
Italy,Aston Education,https://www.astonhongkong.com,info@aston.edu.hk,+852 2866 9933,"5th Floor, Office Plus @ Wanchai, 303 Hennessy Road, Wan Chai, Hong Kong"
Italy,Edwise International LLP,https://www.edwiseinternational.com,,,
Italy,IPC - International Placewell Consultants Pvt Ltd,https://www.ipcglobal.co.in,,,
Italy,GoStudy International,https://www.gostudy.co.id,,,Indonesia
Italy,ICAN Education,https://www.icaneducation.co.id,,,
Italy,Uniserv Education,https://www.uniserv.co.ke,,,Kenya
Italy,INTI Universal Holdings Sdn Bhd,https://www.inti.edu.my,,,"Nilai, Negeri Sembilan, Malaysia"
Italy,MABECS,https://www.mabecs.com,,,
Italy,Taylor's Malaysia Sdn Bhd,https://www.taylors.edu.my,,,"1 Jalan Taylor's, 47500 Subang Jaya, Selangor, Malaysia"
Italy,Global Study Partners Pty Ltd trading as upGrad GSP,https://www.upgradgsp.com,,,Australia
Ivory Coast,British Council Office,https://www.britishcouncil.org,,,
Ivory Coast,International Sporting Solutions Ltd,https://www.internationalsportingsolutions.com,,,United Kingdom
Ivory Coast,StudyIn,https://www.studyin-uk.com,,,
Ivory Coast,Acceptix,https://www.acceptix.com,,,
Ivory Coast,AHZ Associates,https://www.ahzassociates.com,info@ahzassociates.co.uk,,"London, United Kingdom"
Ivory Coast,Crizac Ltd (Gateway Abroad),https://www.crizac.co.uk,,,United Kingdom
Ivory Coast,Edvoy Educational Services Ltd.,https://www.edvoy.com,,,United Kingdom
Ivory Coast,Global Study UK,https://www.globalstudyuk.com,,,
Ivory Coast,AUG Study Services,https://www.aug.edu,,,
Ivory Coast,LCI Group (Liu Cheng International Group Ltd),https://www.lcieducation.com,,,
Ivory Coast,IDP Education (UK) Limited,https://www.idp.com,ukclientpartnerships@idp.com,+61-3-9612-4400,"69-79 Fulham High Street, London SW6 3JW, UK"
Ivory Coast,AECC Global,https://www.aeccglobal.com,clientrelations@aeccglobal.com,+61-481739343,"20 Queen Street, Melbourne, Victoria 3000, Australia"
Ivory Coast,IECC trading as Campora,https://www.campora.co.uk,,,
Ivory Coast,KC Overseas Education Pvt. Ltd.,https://www.kcoverseas.com,,,
Ivory Coast,Leap GeeBee Edtech Pvt. Ltd,https://www.geebee.com,,,
Ivory Coast,QS StudentApply,https://www.qs.com,,,
Ivory Coast,Amber Education Services Ltd,https://www.ambereducation.co.uk,,,
Ivory Coast,Education International Cooperation (EIC) Group Limited,https://www.eic.org.cn,,,China
Ivory Coast,InterGreat Education Group Ltd,https://www.intergreateducation.com,,,
Ivory Coast,OxBridge Holdings Inc.,https://www.oxbridge.cn,,,China
Ivory Coast,UKEC,https://www.ukec.com,,,
Ivory Coast,Savvides Institute,https://www.savvides.com.cy,,,Cyprus
Ivory Coast,British Canadian International Education (BCIE),https://www.bcieglobal.com,,,
Ivory Coast,Aston Education,https://www.astonhongkong.com,info@aston.edu.hk,+852 2866 9933,"5th Floor, Office Plus @ Wanchai, 303 Hennessy Road, Wan Chai, Hong Kong"
Ivory Coast,Edwise International LLP,https://www.edwiseinternational.com,,,
Ivory Coast,IPC - International Placewell Consultants Pvt Ltd,https://www.ipcglobal.co.in,,,
Ivory Coast,GoStudy International,https://www.gostudy.co.id,,,Indonesia
Ivory Coast,ICAN Education,https://www.icaneducation.co.id,,,
Ivory Coast,Uniserv Education,https://www.uniserv.co.ke,,,Kenya
Ivory Coast,INTI Universal Holdings Sdn Bhd,https://www.inti.edu.my,,,"Nilai, Negeri Sembilan, Malaysia"
Ivory Coast,MABECS,https://www.mabecs.com,,,
Ivory Coast,Taylor's Malaysia Sdn Bhd,https://www.taylors.edu.my,,,"1 Jalan Taylor's, 47500 Subang Jaya, Selangor, Malaysia"
Ivory Coast,Global Study Partners Pty Ltd trading as upGrad GSP,https://www.upgradgsp.com,,,Australia
Jamaica,British Council Office,https://www.britishcouncil.org,,,
Jamaica,International Sporting Solutions Ltd,https://www.internationalsportingsolutions.com,,,United Kingdom
Jamaica,StudyIn,https://www.studyin-uk.com,,,
Jamaica,Acceptix,https://www.acceptix.com,,,
Jamaica,AHZ Associates,https://www.ahzassociates.com,info@ahzassociates.co.uk,,"London, United Kingdom"
Jamaica,Crizac Ltd (Gateway Abroad),https://www.crizac.co.uk,,,United Kingdom
Jamaica,Edvoy Educational Services Ltd.,https://www.edvoy.com,,,United Kingdom
Jamaica,Global Study UK,https://www.globalstudyuk.com,,,
Jamaica,AUG Study Services,https://www.aug.edu,,,
Jamaica,LCI Group (Liu Cheng International Group Ltd),https://www.lcieducation.com,,,
Jamaica,IDP Education (UK) Limited,https://www.idp.com,ukclientpartnerships@idp.com,+61-3-9612-4400,"69-79 Fulham High Street, London SW6 3JW, UK"
Jamaica,AECC Global,https://www.aeccglobal.com,clientrelations@aeccglobal.com,+61-481739343,"20 Queen Street, Melbourne, Victoria 3000, Australia"
Jamaica,IECC trading as Campora,https://www.campora.co.uk,,,
Jamaica,KC Overseas Education Pvt. Ltd.,https://www.kcoverseas.com,,,
Jamaica,Leap GeeBee Edtech Pvt. Ltd,https://www.geebee.com,,,
Jamaica,QS StudentApply,https://www.qs.com,,,
Jamaica,Amber Education Services Ltd,https://www.ambereducation.co.uk,,,
Jamaica,Education International Cooperation (EIC) Group Limited,https://www.eic.org.cn,,,China
Jamaica,InterGreat Education Group Ltd,https://www.intergreateducation.com,,,
Jamaica,OxBridge Holdings Inc.,https://www.oxbridge.cn,,,China
Jamaica,UKEC,https://www.ukec.com,,,
Jamaica,Savvides Institute,https://www.savvides.com.cy,,,Cyprus
Jamaica,British Canadian International Education (BCIE),https://www.bcieglobal.com,,,
Jamaica,Aston Education,https://www.astonhongkong.com,info@aston.edu.hk,+852 2866 9933,"5th Floor, Office Plus @ Wanchai, 303 Hennessy Road, Wan Chai, Hong Kong"
Jamaica,Edwise International LLP,https://www.edwiseinternational.com,,,
Jamaica,IPC - International Placewell Consultants Pvt Ltd,https://www.ipcglobal.co.in,,,
Jamaica,GoStudy International,https://www.gostudy.co.id,,,Indonesia
Jamaica,ICAN Education,https://www.icaneducation.co.id,,,
Jamaica,Uniserv Education,https://www.uniserv.co.ke,,,Kenya
Jamaica,INTI Universal Holdings Sdn Bhd,https://www.inti.edu.my,,,"Nilai, Negeri Sembilan, Malaysia"
Jamaica,MABECS,https://www.mabecs.com,,,
Jamaica,Taylor's Malaysia Sdn Bhd,https://www.taylors.edu.my,,,"1 Jalan Taylor's, 47500 Subang Jaya, Selangor, Malaysia"
Jamaica,Global Study Partners Pty Ltd trading as upGrad GSP,https://www.upgradgsp.com,,,Australia
Japan,British Council Office,https://www.britishcouncil.org,,,
Japan,International Sporting Solutions Ltd,https://www.internationalsportingsolutions.com,,,United Kingdom
Japan,StudyIn,https://www.studyin-uk.com,,,
Japan,Acceptix,https://www.acceptix.com,,,
Japan,AHZ Associates,https://www.ahzassociates.com,info@ahzassociates.co.uk,,"London, United Kingdom"
Japan,Crizac Ltd (Gateway Abroad),https://www.crizac.co.uk,,,United Kingdom
Japan,Edvoy Educational Services Ltd.,https://www.edvoy.com,,,United Kingdom
Japan,Global Study UK,https://www.globalstudyuk.com,,,
Japan,AUG Study Services,https://www.aug.edu,,,
Japan,LCI Group (Liu Cheng International Group Ltd),https://www.lcieducation.com,,,
Japan,IDP Education (UK) Limited,https://www.idp.com,ukclientpartnerships@idp.com,+61-3-9612-4400,"69-79 Fulham High Street, London SW6 3JW, UK"
Japan,AECC Global,https://www.aeccglobal.com,clientrelations@aeccglobal.com,+61-481739343,"20 Queen Street, Melbourne, Victoria 3000, Australia"
Japan,IECC trading as Campora,https://www.campora.co.uk,,,
Japan,KC Overseas Education Pvt. Ltd.,https://www.kcoverseas.com,,,
Japan,Leap GeeBee Edtech Pvt. Ltd,https://www.geebee.com,,,
Japan,QS StudentApply,https://www.qs.com,,,
Japan,Amber Education Services Ltd,https://www.ambereducation.co.uk,,,
Japan,Education International Cooperation (EIC) Group Limited,https://www.eic.org.cn,,,China
Japan,InterGreat Education Group Ltd,https://www.intergreateducation.com,,,
Japan,OxBridge Holdings Inc.,https://www.oxbridge.cn,,,China
Japan,UKEC,https://www.ukec.com,,,
Japan,Savvides Institute,https://www.savvides.com.cy,,,Cyprus
Japan,British Canadian International Education (BCIE),https://www.bcieglobal.com,,,
Japan,Aston Education,https://www.astonhongkong.com,info@aston.edu.hk,+852 2866 9933,"5th Floor, Office Plus @ Wanchai, 303 Hennessy Road, Wan Chai, Hong Kong"
Japan,Edwise International LLP,https://www.edwiseinternational.com,,,
Japan,IPC - International Placewell Consultants Pvt Ltd,https://www.ipcglobal.co.in,,,
Japan,GoStudy International,https://www.gostudy.co.id,,,Indonesia
Japan,ICAN Education,https://www.icaneducation.co.id,,,
Japan,Uniserv Education,https://www.uniserv.co.ke,,,Kenya
Japan,INTI Universal Holdings Sdn Bhd,https://www.inti.edu.my,,,"Nilai, Negeri Sembilan, Malaysia"
Japan,MABECS,https://www.mabecs.com,,,
Japan,Taylor's Malaysia Sdn Bhd,https://www.taylors.edu.my,,,"1 Jalan Taylor's, 47500 Subang Jaya, Selangor, Malaysia"
Japan,Global Study Partners Pty Ltd trading as upGrad GSP,https://www.upgradgsp.com,,,Australia
Jersey,British Council Office,https://www.britishcouncil.org,,,
Jersey,International Sporting Solutions Ltd,https://www.internationalsportingsolutions.com,,,United Kingdom
Jersey,StudyIn,https://www.studyin-uk.com,,,
Jersey,Acceptix,https://www.acceptix.com,,,
Jersey,AHZ Associates,https://www.ahzassociates.com,info@ahzassociates.co.uk,,"London, United Kingdom"
Jersey,Crizac Ltd (Gateway Abroad),https://www.crizac.co.uk,,,United Kingdom
Jersey,Edvoy Educational Services Ltd.,https://www.edvoy.com,,,United Kingdom
Jersey,Global Study UK,https://www.globalstudyuk.com,,,
Jersey,AUG Study Services,https://www.aug.edu,,,
Jersey,LCI Group (Liu Cheng International Group Ltd),https://www.lcieducation.com,,,
Jersey,IDP Education (UK) Limited,https://www.idp.com,ukclientpartnerships@idp.com,+61-3-9612-4400,"69-79 Fulham High Street, London SW6 3JW, UK"
Jersey,AECC Global,https://www.aeccglobal.com,clientrelations@aeccglobal.com,+61-481739343,"20 Queen Street, Melbourne, Victoria 3000, Australia"
Jersey,IECC trading as Campora,https://www.campora.co.uk,,,
Jersey,KC Overseas Education Pvt. Ltd.,https://www.kcoverseas.com,,,
Jersey,Leap GeeBee Edtech Pvt. Ltd,https://www.geebee.com,,,
Jersey,QS StudentApply,https://www.qs.com,,,
Jersey,Amber Education Services Ltd,https://www.ambereducation.co.uk,,,
Jersey,Education International Cooperation (EIC) Group Limited,https://www.eic.org.cn,,,China
Jersey,InterGreat Education Group Ltd,https://www.intergreateducation.com,,,
Jersey,OxBridge Holdings Inc.,https://www.oxbridge.cn,,,China
Jersey,UKEC,https://www.ukec.com,,,
Jersey,Savvides Institute,https://www.savvides.com.cy,,,Cyprus
Jersey,British Canadian International Education (BCIE),https://www.bcieglobal.com,,,
Jersey,Aston Education,https://www.astonhongkong.com,info@aston.edu.hk,+852 2866 9933,"5th Floor, Office Plus @ Wanchai, 303 Hennessy Road, Wan Chai, Hong Kong"
Jersey,Edwise International LLP,https://www.edwiseinternational.com,,,
Jersey,IPC - International Placewell Consultants Pvt Ltd,https://www.ipcglobal.co.in,,,
Jersey,GoStudy International,https://www.gostudy.co.id,,,Indonesia
Jersey,ICAN Education,https://www.icaneducation.co.id,,,
Jersey,Uniserv Education,https://www.uniserv.co.ke,,,Kenya
Jersey,INTI Universal Holdings Sdn Bhd,https://www.inti.edu.my,,,"Nilai, Negeri Sembilan, Malaysia"
Jersey,MABECS,https://www.mabecs.com,,,
Jersey,Taylor's Malaysia Sdn Bhd,https://www.taylors.edu.my,,,"1 Jalan Taylor's, 47500 Subang Jaya, Selangor, Malaysia"
Jersey,Global Study Partners Pty Ltd trading as upGrad GSP,https://www.upgradgsp.com,,,Australia
Jordan,British Council Office,https://www.britishcouncil.org,,,
Jordan,International Sporting Solutions Ltd,https://www.internationalsportingsolutions.com,,,United Kingdom
Jordan,StudyIn,https://www.studyin-uk.com,,,
Jordan,Acceptix,https://www.acceptix.com,,,
Jordan,AHZ Associates,https://www.ahzassociates.com,info@ahzassociates.co.uk,,"London, United Kingdom"
Jordan,Crizac Ltd (Gateway Abroad),https://www.crizac.co.uk,,,United Kingdom
Jordan,Edvoy Educational Services Ltd.,https://www.edvoy.com,,,United Kingdom
Jordan,Global Study UK,https://www.globalstudyuk.com,,,
Jordan,AUG Study Services,https://www.aug.edu,,,
Jordan,LCI Group (Liu Cheng International Group Ltd),https://www.lcieducation.com,,,
Jordan,IDP Education (UK) Limited,https://www.idp.com,ukclientpartnerships@idp.com,+61-3-9612-4400,"69-79 Fulham High Street, London SW6 3JW, UK"
Jordan,AECC Global,https://www.aeccglobal.com,clientrelations@aeccglobal.com,+61-481739343,"20 Queen Street, Melbourne, Victoria 3000, Australia"
Jordan,IECC trading as Campora,https://www.campora.co.uk,,,
Jordan,KC Overseas Education Pvt. Ltd.,https://www.kcoverseas.com,,,
Jordan,Leap GeeBee Edtech Pvt. Ltd,https://www.geebee.com,,,
Jordan,QS StudentApply,https://www.qs.com,,,
Jordan,Amber Education Services Ltd,https://www.ambereducation.co.uk,,,
Jordan,Education International Cooperation (EIC) Group Limited,https://www.eic.org.cn,,,China
Jordan,InterGreat Education Group Ltd,https://www.intergreateducation.com,,,
Jordan,OxBridge Holdings Inc.,https://www.oxbridge.cn,,,China
Jordan,UKEC,https://www.ukec.com,,,
Jordan,Savvides Institute,https://www.savvides.com.cy,,,Cyprus
Jordan,British Canadian International Education (BCIE),https://www.bcieglobal.com,,,
Jordan,Aston Education,https://www.astonhongkong.com,info@aston.edu.hk,+852 2866 9933,"5th Floor, Office Plus @ Wanchai, 303 Hennessy Road, Wan Chai, Hong Kong"
Jordan,Edwise International LLP,https://www.edwiseinternational.com,,,
Jordan,IPC - International Placewell Consultants Pvt Ltd,https://www.ipcglobal.co.in,,,
Jordan,GoStudy International,https://www.gostudy.co.id,,,Indonesia
Jordan,ICAN Education,https://www.icaneducation.co.id,,,
Jordan,Uniserv Education,https://www.uniserv.co.ke,,,Kenya
Jordan,INTI Universal Holdings Sdn Bhd,https://www.inti.edu.my,,,"Nilai, Negeri Sembilan, Malaysia"
Jordan,MABECS,https://www.mabecs.com,,,
Jordan,Taylor's Malaysia Sdn Bhd,https://www.taylors.edu.my,,,"1 Jalan Taylor's, 47500 Subang Jaya, Selangor, Malaysia"
Jordan,Global Study Partners Pty Ltd trading as upGrad GSP,https://www.upgradgsp.com,,,Australia
Kazakhstan,British Council Office,https://www.britishcouncil.org,,,
Kazakhstan,International Sporting Solutions Ltd,https://www.internationalsportingsolutions.com,,,United Kingdom
Kazakhstan,StudyIn,https://www.studyin-uk.com,,,
Kazakhstan,Acceptix,https://www.acceptix.com,,,
Kazakhstan,AHZ Associates,https://www.ahzassociates.com,info@ahzassociates.co.uk,,"London, United Kingdom"
Kazakhstan,Crizac Ltd (Gateway Abroad),https://www.crizac.co.uk,,,United Kingdom
Kazakhstan,Edvoy Educational Services Ltd.,https://www.edvoy.com,,,United Kingdom
Kazakhstan,Global Study UK,https://www.globalstudyuk.com,,,
Kazakhstan,AUG Study Services,https://www.aug.edu,,,
Kazakhstan,LCI Group (Liu Cheng International Group Ltd),https://www.lcieducation.com,,,
Kazakhstan,IDP Education (UK) Limited,https://www.idp.com,ukclientpartnerships@idp.com,+61-3-9612-4400,"69-79 Fulham High Street, London SW6 3JW, UK"
Kazakhstan,AECC Global,https://www.aeccglobal.com,clientrelations@aeccglobal.com,+61-481739343,"20 Queen Street, Melbourne, Victoria 3000, Australia"
Kazakhstan,IECC trading as Campora,https://www.campora.co.uk,,,
Kazakhstan,KC Overseas Education Pvt. Ltd.,https://www.kcoverseas.com,,,
Kazakhstan,Leap GeeBee Edtech Pvt. Ltd,https://www.geebee.com,,,
Kazakhstan,QS StudentApply,https://www.qs.com,,,
Kazakhstan,Amber Education Services Ltd,https://www.ambereducation.co.uk,,,
Kazakhstan,Education International Cooperation (EIC) Group Limited,https://www.eic.org.cn,,,China
Kazakhstan,InterGreat Education Group Ltd,https://www.intergreateducation.com,,,
Kazakhstan,OxBridge Holdings Inc.,https://www.oxbridge.cn,,,China
Kazakhstan,UKEC,https://www.ukec.com,,,
Kazakhstan,Savvides Institute,https://www.savvides.com.cy,,,Cyprus
Kazakhstan,British Canadian International Education (BCIE),https://www.bcieglobal.com,,,
Kazakhstan,Aston Education,https://www.astonhongkong.com,info@aston.edu.hk,+852 2866 9933,"5th Floor, Office Plus @ Wanchai, 303 Hennessy Road, Wan Chai, Hong Kong"
Kazakhstan,Edwise International LLP,https://www.edwiseinternational.com,,,
Kazakhstan,IPC - International Placewell Consultants Pvt Ltd,https://www.ipcglobal.co.in,,,
Kazakhstan,GoStudy International,https://www.gostudy.co.id,,,Indonesia
Kazakhstan,ICAN Education,https://www.icaneducation.co.id,,,
Kazakhstan,Uniserv Education,https://www.uniserv.co.ke,,,Kenya
Kazakhstan,INTI Universal Holdings Sdn Bhd,https://www.inti.edu.my,,,"Nilai, Negeri Sembilan, Malaysia"
Kazakhstan,MABECS,https://www.mabecs.com,,,
Kazakhstan,Taylor's Malaysia Sdn Bhd,https://www.taylors.edu.my,,,"1 Jalan Taylor's, 47500 Subang Jaya, Selangor, Malaysia"
Kazakhstan,Global Study Partners Pty Ltd trading as upGrad GSP,https://www.upgradgsp.com,,,Australia
Kenya,British Council Office,https://www.britishcouncil.org,,,
Kenya,International Sporting Solutions Ltd,https://www.internationalsportingsolutions.com,,,United Kingdom
Kenya,StudyIn,https://www.studyin-uk.com,,,
Kenya,Acceptix,https://www.acceptix.com,,,
Kenya,AHZ Associates,https://www.ahzassociates.com,info@ahzassociates.co.uk,,"London, United Kingdom"
Kenya,Crizac Ltd (Gateway Abroad),https://www.crizac.co.uk,,,United Kingdom
Kenya,Edvoy Educational Services Ltd.,https://www.edvoy.com,,,United Kingdom
Kenya,Global Study UK,https://www.globalstudyuk.com,,,
Kenya,AUG Study Services,https://www.aug.edu,,,
Kenya,LCI Group (Liu Cheng International Group Ltd),https://www.lcieducation.com,,,
Kenya,IDP Education (UK) Limited,https://www.idp.com,ukclientpartnerships@idp.com,+61-3-9612-4400,"69-79 Fulham High Street, London SW6 3JW, UK"
Kenya,AECC Global,https://www.aeccglobal.com,clientrelations@aeccglobal.com,+61-481739343,"20 Queen Street, Melbourne, Victoria 3000, Australia"
Kenya,IECC trading as Campora,https://www.campora.co.uk,,,
Kenya,KC Overseas Education Pvt. Ltd.,https://www.kcoverseas.com,,,
Kenya,Leap GeeBee Edtech Pvt. Ltd,https://www.geebee.com,,,
Kenya,QS StudentApply,https://www.qs.com,,,
Kenya,Amber Education Services Ltd,https://www.ambereducation.co.uk,,,
Kenya,Education International Cooperation (EIC) Group Limited,https://www.eic.org.cn,,,China
Kenya,InterGreat Education Group Ltd,https://www.intergreateducation.com,,,
Kenya,OxBridge Holdings Inc.,https://www.oxbridge.cn,,,China
Kenya,UKEC,https://www.ukec.com,,,
Kenya,Savvides Institute,https://www.savvides.com.cy,,,Cyprus
Kenya,British Canadian International Education (BCIE),https://www.bcieglobal.com,,,
Kenya,Aston Education,https://www.astonhongkong.com,info@aston.edu.hk,+852 2866 9933,"5th Floor, Office Plus @ Wanchai, 303 Hennessy Road, Wan Chai, Hong Kong"
Kenya,Edwise International LLP,https://www.edwiseinternational.com,,,
Kenya,IPC - International Placewell Consultants Pvt Ltd,https://www.ipcglobal.co.in,,,
Kenya,GoStudy International,https://www.gostudy.co.id,,,Indonesia
Kenya,ICAN Education,https://www.icaneducation.co.id,,,
Kenya,Uniserv Education,https://www.uniserv.co.ke,,,Kenya
Kenya,INTI Universal Holdings Sdn Bhd,https://www.inti.edu.my,,,"Nilai, Negeri Sembilan, Malaysia"
Kenya,MABECS,https://www.mabecs.com,,,
Kenya,Taylor's Malaysia Sdn Bhd,https://www.taylors.edu.my,,,"1 Jalan Taylor's, 47500 Subang Jaya, Selangor, Malaysia"
Kenya,Global Study Partners Pty Ltd trading as upGrad GSP,https://www.upgradgsp.com,,,Australia
"Korea, Republic of (South Korea)",British Council Office,https://www.britishcouncil.org,,,
"Korea, Republic of (South Korea)",International Sporting Solutions Ltd,https://www.internationalsportingsolutions.com,,,United Kingdom
"Korea, Republic of (South Korea)",StudyIn,https://www.studyin-uk.com,,,
"Korea, Republic of (South Korea)",Acceptix,https://www.acceptix.com,,,
"Korea, Republic of (South Korea)",AHZ Associates,https://www.ahzassociates.com,info@ahzassociates.co.uk,,"London, United Kingdom"
"Korea, Republic of (South Korea)",Crizac Ltd (Gateway Abroad),https://www.crizac.co.uk,,,United Kingdom
"Korea, Republic of (South Korea)",Edvoy Educational Services Ltd.,https://www.edvoy.com,,,United Kingdom
"Korea, Republic of (South Korea)",Global Study UK,https://www.globalstudyuk.com,,,
"Korea, Republic of (South Korea)",AUG Study Services,https://www.aug.edu,,,
"Korea, Republic of (South Korea)",LCI Group (Liu Cheng International Group Ltd),https://www.lcieducation.com,,,
"Korea, Republic of (South Korea)",IDP Education (UK) Limited,https://www.idp.com,ukclientpartnerships@idp.com,+61-3-9612-4400,"69-79 Fulham High Street, London SW6 3JW, UK"
"Korea, Republic of (South Korea)",AECC Global,https://www.aeccglobal.com,clientrelations@aeccglobal.com,+61-481739343,"20 Queen Street, Melbourne, Victoria 3000, Australia"
"Korea, Republic of (South Korea)",IECC trading as Campora,https://www.campora.co.uk,,,
"Korea, Republic of (South Korea)",KC Overseas Education Pvt. Ltd.,https://www.kcoverseas.com,,,
"Korea, Republic of (South Korea)",Leap GeeBee Edtech Pvt. Ltd,https://www.geebee.com,,,
"Korea, Republic of (South Korea)",QS StudentApply,https://www.qs.com,,,
"Korea, Republic of (South Korea)",Amber Education Services Ltd,https://www.ambereducation.co.uk,,,
"Korea, Republic of (South Korea)",Education International Cooperation (EIC) Group Limited,https://www.eic.org.cn,,,China
"Korea, Republic of (South Korea)",InterGreat Education Group Ltd,https://www.intergreateducation.com,,,
"Korea, Republic of (South Korea)",OxBridge Holdings Inc.,https://www.oxbridge.cn,,,China
"Korea, Republic of (South Korea)",UKEC,https://www.ukec.com,,,
"Korea, Republic of (South Korea)",Savvides Institute,https://www.savvides.com.cy,,,Cyprus
"Korea, Republic of (South Korea)",British Canadian International Education (BCIE),https://www.bcieglobal.com,,,
"Korea, Republic of (South Korea)",Aston Education,https://www.astonhongkong.com,info@aston.edu.hk,+852 2866 9933,"5th Floor, Office Plus @ Wanchai, 303 Hennessy Road, Wan Chai, Hong Kong"
"Korea, Republic of (South Korea)",Edwise International LLP,https://www.edwiseinternational.com,,,
"Korea, Republic of (South Korea)",IPC - International Placewell Consultants Pvt Ltd,https://www.ipcglobal.co.in,,,
"Korea, Republic of (South Korea)",GoStudy International,https://www.gostudy.co.id,,,Indonesia
"Korea, Republic of (South Korea)",ICAN Education,https://www.icaneducation.co.id,,,
"Korea, Republic of (South Korea)",Uniserv Education,https://www.uniserv.co.ke,,,Kenya
"Korea, Republic of (South Korea)",INTI Universal Holdings Sdn Bhd,https://www.inti.edu.my,,,"Nilai, Negeri Sembilan, Malaysia"
"Korea, Republic of (South Korea)",MABECS,https://www.mabecs.com,,,
"Korea, Republic of (South Korea)",Taylor's Malaysia Sdn Bhd,https://www.taylors.edu.my,,,"1 Jalan Taylor's, 47500 Subang Jaya, Selangor, Malaysia"
"Korea, Republic of (South Korea)",Global Study Partners Pty Ltd trading as upGrad GSP,https://www.upgradgsp.com,,,Australia
Kuwait,British Council Office,https://www.britishcouncil.org,,,
Kuwait,International Sporting Solutions Ltd,https://www.internationalsportingsolutions.com,,,United Kingdom
Kuwait,StudyIn,https://www.studyin-uk.com,,,
Kuwait,Acceptix,https://www.acceptix.com,,,
Kuwait,AHZ Associates,https://www.ahzassociates.com,info@ahzassociates.co.uk,,"London, United Kingdom"
Kuwait,Crizac Ltd (Gateway Abroad),https://www.crizac.co.uk,,,United Kingdom
Kuwait,Edvoy Educational Services Ltd.,https://www.edvoy.com,,,United Kingdom
Kuwait,Global Study UK,https://www.globalstudyuk.com,,,
Kuwait,AUG Study Services,https://www.aug.edu,,,
Kuwait,LCI Group (Liu Cheng International Group Ltd),https://www.lcieducation.com,,,
Kuwait,IDP Education (UK) Limited,https://www.idp.com,ukclientpartnerships@idp.com,+61-3-9612-4400,"69-79 Fulham High Street, London SW6 3JW, UK"
Kuwait,AECC Global,https://www.aeccglobal.com,clientrelations@aeccglobal.com,+61-481739343,"20 Queen Street, Melbourne, Victoria 3000, Australia"
Kuwait,IECC trading as Campora,https://www.campora.co.uk,,,
Kuwait,KC Overseas Education Pvt. Ltd.,https://www.kcoverseas.com,,,
Kuwait,Leap GeeBee Edtech Pvt. Ltd,https://www.geebee.com,,,
Kuwait,QS StudentApply,https://www.qs.com,,,
Kuwait,Amber Education Services Ltd,https://www.ambereducation.co.uk,,,
Kuwait,Education International Cooperation (EIC) Group Limited,https://www.eic.org.cn,,,China
Kuwait,InterGreat Education Group Ltd,https://www.intergreateducation.com,,,
Kuwait,OxBridge Holdings Inc.,https://www.oxbridge.cn,,,China
Kuwait,UKEC,https://www.ukec.com,,,
Kuwait,Savvides Institute,https://www.savvides.com.cy,,,Cyprus
Kuwait,British Canadian International Education (BCIE),https://www.bcieglobal.com,,,
Kuwait,Aston Education,https://www.astonhongkong.com,info@aston.edu.hk,+852 2866 9933,"5th Floor, Office Plus @ Wanchai, 303 Hennessy Road, Wan Chai, Hong Kong"
Kuwait,Edwise International LLP,https://www.edwiseinternational.com,,,
Kuwait,IPC - International Placewell Consultants Pvt Ltd,https://www.ipcglobal.co.in,,,
Kuwait,GoStudy International,https://www.gostudy.co.id,,,Indonesia
Kuwait,ICAN Education,https://www.icaneducation.co.id,,,
Kuwait,Uniserv Education,https://www.uniserv.co.ke,,,Kenya
Kuwait,INTI Universal Holdings Sdn Bhd,https://www.inti.edu.my,,,"Nilai, Negeri Sembilan, Malaysia"
Kuwait,MABECS,https://www.mabecs.com,,,
Kuwait,Taylor's Malaysia Sdn Bhd,https://www.taylors.edu.my,,,"1 Jalan Taylor's, 47500 Subang Jaya, Selangor, Malaysia"
Kuwait,Global Study Partners Pty Ltd trading as upGrad GSP,https://www.upgradgsp.com,,,Australia
"Lao, People's Democratic Republic",British Council Office,https://www.britishcouncil.org,,,
"Lao, People's Democratic Republic",International Sporting Solutions Ltd,https://www.internationalsportingsolutions.com,,,United Kingdom
"Lao, People's Democratic Republic",StudyIn,https://www.studyin-uk.com,,,
"Lao, People's Democratic Republic",Acceptix,https://www.acceptix.com,,,
"Lao, People's Democratic Republic",AHZ Associates,https://www.ahzassociates.com,info@ahzassociates.co.uk,,"London, United Kingdom"
"Lao, People's Democratic Republic",Crizac Ltd (Gateway Abroad),https://www.crizac.co.uk,,,United Kingdom
"Lao, People's Democratic Republic",Edvoy Educational Services Ltd.,https://www.edvoy.com,,,United Kingdom
"Lao, People's Democratic Republic",Global Study UK,https://www.globalstudyuk.com,,,
"Lao, People's Democratic Republic",AUG Study Services,https://www.aug.edu,,,
"Lao, People's Democratic Republic",LCI Group (Liu Cheng International Group Ltd),https://www.lcieducation.com,,,
"Lao, People's Democratic Republic",IDP Education (UK) Limited,https://www.idp.com,ukclientpartnerships@idp.com,+61-3-9612-4400,"69-79 Fulham High Street, London SW6 3JW, UK"
"Lao, People's Democratic Republic",AECC Global,https://www.aeccglobal.com,clientrelations@aeccglobal.com,+61-481739343,"20 Queen Street, Melbourne, Victoria 3000, Australia"
"Lao, People's Democratic Republic",IECC trading as Campora,https://www.campora.co.uk,,,
"Lao, People's Democratic Republic",KC Overseas Education Pvt. Ltd.,https://www.kcoverseas.com,,,
"Lao, People's Democratic Republic",Leap GeeBee Edtech Pvt. Ltd,https://www.geebee.com,,,
"Lao, People's Democratic Republic",QS StudentApply,https://www.qs.com,,,
"Lao, People's Democratic Republic",Amber Education Services Ltd,https://www.ambereducation.co.uk,,,
"Lao, People's Democratic Republic",Education International Cooperation (EIC) Group Limited,https://www.eic.org.cn,,,China
"Lao, People's Democratic Republic",InterGreat Education Group Ltd,https://www.intergreateducation.com,,,
"Lao, People's Democratic Republic",OxBridge Holdings Inc.,https://www.oxbridge.cn,,,China
"Lao, People's Democratic Republic",UKEC,https://www.ukec.com,,,
"Lao, People's Democratic Republic",Savvides Institute,https://www.savvides.com.cy,,,Cyprus
"Lao, People's Democratic Republic",British Canadian International Education (BCIE),https://www.bcieglobal.com,,,
"Lao, People's Democratic Republic",Aston Education,https://www.astonhongkong.com,info@aston.edu.hk,+852 2866 9933,"5th Floor, Office Plus @ Wanchai, 303 Hennessy Road, Wan Chai, Hong Kong"
"Lao, People's Democratic Republic",Edwise International LLP,https://www.edwiseinternational.com,,,
"Lao, People's Democratic Republic",IPC - International Placewell Consultants Pvt Ltd,https://www.ipcglobal.co.in,,,
"Lao, People's Democratic Republic",GoStudy International,https://www.gostudy.co.id,,,Indonesia
"Lao, People's Democratic Republic",ICAN Education,https://www.icaneducation.co.id,,,
"Lao, People's Democratic Republic",Uniserv Education,https://www.uniserv.co.ke,,,Kenya
"Lao, People's Democratic Republic",INTI Universal Holdings Sdn Bhd,https://www.inti.edu.my,,,"Nilai, Negeri Sembilan, Malaysia"
"Lao, People's Democratic Republic",MABECS,https://www.mabecs.com,,,
"Lao, People's Democratic Republic",Taylor's Malaysia Sdn Bhd,https://www.taylors.edu.my,,,"1 Jalan Taylor's, 47500 Subang Jaya, Selangor, Malaysia"
"Lao, People's Democratic Republic",Global Study Partners Pty Ltd trading as upGrad GSP,https://www.upgradgsp.com,,,Australia
Lebanon,British Council Office,https://www.britishcouncil.org,,,
Lebanon,International Sporting Solutions Ltd,https://www.internationalsportingsolutions.com,,,United Kingdom
Lebanon,StudyIn,https://www.studyin-uk.com,,,
Lebanon,Acceptix,https://www.acceptix.com,,,
Lebanon,AHZ Associates,https://www.ahzassociates.com,info@ahzassociates.co.uk,,"London, United Kingdom"
Lebanon,Crizac Ltd (Gateway Abroad),https://www.crizac.co.uk,,,United Kingdom
Lebanon,Edvoy Educational Services Ltd.,https://www.edvoy.com,,,United Kingdom
Lebanon,Global Study UK,https://www.globalstudyuk.com,,,
Lebanon,AUG Study Services,https://www.aug.edu,,,
Lebanon,LCI Group (Liu Cheng International Group Ltd),https://www.lcieducation.com,,,
Lebanon,IDP Education (UK) Limited,https://www.idp.com,ukclientpartnerships@idp.com,+61-3-9612-4400,"69-79 Fulham High Street, London SW6 3JW, UK"
Lebanon,AECC Global,https://www.aeccglobal.com,clientrelations@aeccglobal.com,+61-481739343,"20 Queen Street, Melbourne, Victoria 3000, Australia"
Lebanon,IECC trading as Campora,https://www.campora.co.uk,,,
Lebanon,KC Overseas Education Pvt. Ltd.,https://www.kcoverseas.com,,,
Lebanon,Leap GeeBee Edtech Pvt. Ltd,https://www.geebee.com,,,
Lebanon,QS StudentApply,https://www.qs.com,,,
Lebanon,Amber Education Services Ltd,https://www.ambereducation.co.uk,,,
Lebanon,Education International Cooperation (EIC) Group Limited,https://www.eic.org.cn,,,China
Lebanon,InterGreat Education Group Ltd,https://www.intergreateducation.com,,,
Lebanon,OxBridge Holdings Inc.,https://www.oxbridge.cn,,,China
Lebanon,UKEC,https://www.ukec.com,,,
Lebanon,Savvides Institute,https://www.savvides.com.cy,,,Cyprus
Lebanon,British Canadian International Education (BCIE),https://www.bcieglobal.com,,,
Lebanon,Aston Education,https://www.astonhongkong.com,info@aston.edu.hk,+852 2866 9933,"5th Floor, Office Plus @ Wanchai, 303 Hennessy Road, Wan Chai, Hong Kong"
Lebanon,Edwise International LLP,https://www.edwiseinternational.com,,,
Lebanon,IPC - International Placewell Consultants Pvt Ltd,https://www.ipcglobal.co.in,,,
Lebanon,GoStudy International,https://www.gostudy.co.id,,,Indonesia
Lebanon,ICAN Education,https://www.icaneducation.co.id,,,
Lebanon,Uniserv Education,https://www.uniserv.co.ke,,,Kenya
Lebanon,INTI Universal Holdings Sdn Bhd,https://www.inti.edu.my,,,"Nilai, Negeri Sembilan, Malaysia"
Lebanon,MABECS,https://www.mabecs.com,,,
Lebanon,Taylor's Malaysia Sdn Bhd,https://www.taylors.edu.my,,,"1 Jalan Taylor's, 47500 Subang Jaya, Selangor, Malaysia"
Lebanon,Global Study Partners Pty Ltd trading as upGrad GSP,https://www.upgradgsp.com,,,Australia
Libya,British Council Office,https://www.britishcouncil.org,,,
Libya,International Sporting Solutions Ltd,https://www.internationalsportingsolutions.com,,,United Kingdom
Libya,StudyIn,https://www.studyin-uk.com,,,
Libya,Acceptix,https://www.acceptix.com,,,
Libya,AHZ Associates,https://www.ahzassociates.com,info@ahzassociates.co.uk,,"London, United Kingdom"
Libya,Crizac Ltd (Gateway Abroad),https://www.crizac.co.uk,,,United Kingdom
Libya,Edvoy Educational Services Ltd.,https://www.edvoy.com,,,United Kingdom
Libya,Global Study UK,https://www.globalstudyuk.com,,,
Libya,AUG Study Services,https://www.aug.edu,,,
Libya,LCI Group (Liu Cheng International Group Ltd),https://www.lcieducation.com,,,
Libya,IDP Education (UK) Limited,https://www.idp.com,ukclientpartnerships@idp.com,+61-3-9612-4400,"69-79 Fulham High Street, London SW6 3JW, UK"
Libya,AECC Global,https://www.aeccglobal.com,clientrelations@aeccglobal.com,+61-481739343,"20 Queen Street, Melbourne, Victoria 3000, Australia"
Libya,IECC trading as Campora,https://www.campora.co.uk,,,
Libya,KC Overseas Education Pvt. Ltd.,https://www.kcoverseas.com,,,
Libya,Leap GeeBee Edtech Pvt. Ltd,https://www.geebee.com,,,
Libya,QS StudentApply,https://www.qs.com,,,
Libya,Amber Education Services Ltd,https://www.ambereducation.co.uk,,,
Libya,Education International Cooperation (EIC) Group Limited,https://www.eic.org.cn,,,China
Libya,InterGreat Education Group Ltd,https://www.intergreateducation.com,,,
Libya,OxBridge Holdings Inc.,https://www.oxbridge.cn,,,China
Libya,UKEC,https://www.ukec.com,,,
Libya,Savvides Institute,https://www.savvides.com.cy,,,Cyprus
Libya,British Canadian International Education (BCIE),https://www.bcieglobal.com,,,
Libya,Aston Education,https://www.astonhongkong.com,info@aston.edu.hk,+852 2866 9933,"5th Floor, Office Plus @ Wanchai, 303 Hennessy Road, Wan Chai, Hong Kong"
Libya,Edwise International LLP,https://www.edwiseinternational.com,,,
Libya,IPC - International Placewell Consultants Pvt Ltd,https://www.ipcglobal.co.in,,,
Libya,GoStudy International,https://www.gostudy.co.id,,,Indonesia
Libya,ICAN Education,https://www.icaneducation.co.id,,,
Libya,Uniserv Education,https://www.uniserv.co.ke,,,Kenya
Libya,INTI Universal Holdings Sdn Bhd,https://www.inti.edu.my,,,"Nilai, Negeri Sembilan, Malaysia"
Libya,MABECS,https://www.mabecs.com,,,
Libya,Taylor's Malaysia Sdn Bhd,https://www.taylors.edu.my,,,"1 Jalan Taylor's, 47500 Subang Jaya, Selangor, Malaysia"
Libya,Global Study Partners Pty Ltd trading as upGrad GSP,https://www.upgradgsp.com,,,Australia
Macao,British Council Office,https://www.britishcouncil.org,,,
Macao,International Sporting Solutions Ltd,https://www.internationalsportingsolutions.com,,,United Kingdom
Macao,StudyIn,https://www.studyin-uk.com,,,
Macao,Acceptix,https://www.acceptix.com,,,
Macao,AHZ Associates,https://www.ahzassociates.com,info@ahzassociates.co.uk,,"London, United Kingdom"
Macao,Crizac Ltd (Gateway Abroad),https://www.crizac.co.uk,,,United Kingdom
Macao,Edvoy Educational Services Ltd.,https://www.edvoy.com,,,United Kingdom
Macao,Global Study UK,https://www.globalstudyuk.com,,,
Macao,AUG Study Services,https://www.aug.edu,,,
Macao,LCI Group (Liu Cheng International Group Ltd),https://www.lcieducation.com,,,
Macao,IDP Education (UK) Limited,https://www.idp.com,ukclientpartnerships@idp.com,+61-3-9612-4400,"69-79 Fulham High Street, London SW6 3JW, UK"
Macao,AECC Global,https://www.aeccglobal.com,clientrelations@aeccglobal.com,+61-481739343,"20 Queen Street, Melbourne, Victoria 3000, Australia"
Macao,IECC trading as Campora,https://www.campora.co.uk,,,
Macao,KC Overseas Education Pvt. Ltd.,https://www.kcoverseas.com,,,
Macao,Leap GeeBee Edtech Pvt. Ltd,https://www.geebee.com,,,
Macao,QS StudentApply,https://www.qs.com,,,
Macao,Amber Education Services Ltd,https://www.ambereducation.co.uk,,,
Macao,Education International Cooperation (EIC) Group Limited,https://www.eic.org.cn,,,China
Macao,InterGreat Education Group Ltd,https://www.intergreateducation.com,,,
Macao,OxBridge Holdings Inc.,https://www.oxbridge.cn,,,China
Macao,UKEC,https://www.ukec.com,,,
Macao,Savvides Institute,https://www.savvides.com.cy,,,Cyprus
Macao,British Canadian International Education (BCIE),https://www.bcieglobal.com,,,
Macao,Aston Education,https://www.astonhongkong.com,info@aston.edu.hk,+852 2866 9933,"5th Floor, Office Plus @ Wanchai, 303 Hennessy Road, Wan Chai, Hong Kong"
Macao,Edwise International LLP,https://www.edwiseinternational.com,,,
Macao,IPC - International Placewell Consultants Pvt Ltd,https://www.ipcglobal.co.in,,,
Macao,GoStudy International,https://www.gostudy.co.id,,,Indonesia
Macao,ICAN Education,https://www.icaneducation.co.id,,,
Macao,Uniserv Education,https://www.uniserv.co.ke,,,Kenya
Macao,INTI Universal Holdings Sdn Bhd,https://www.inti.edu.my,,,"Nilai, Negeri Sembilan, Malaysia"
Macao,MABECS,https://www.mabecs.com,,,
Macao,Taylor's Malaysia Sdn Bhd,https://www.taylors.edu.my,,,"1 Jalan Taylor's, 47500 Subang Jaya, Selangor, Malaysia"
Macao,Global Study Partners Pty Ltd trading as upGrad GSP,https://www.upgradgsp.com,,,Australia
Malawi,British Council Office,https://www.britishcouncil.org,,,
Malawi,International Sporting Solutions Ltd,https://www.internationalsportingsolutions.com,,,United Kingdom
Malawi,StudyIn,https://www.studyin-uk.com,,,
Malawi,Acceptix,https://www.acceptix.com,,,
Malawi,AHZ Associates,https://www.ahzassociates.com,info@ahzassociates.co.uk,,"London, United Kingdom"
Malawi,Crizac Ltd (Gateway Abroad),https://www.crizac.co.uk,,,United Kingdom
Malawi,Edvoy Educational Services Ltd.,https://www.edvoy.com,,,United Kingdom
Malawi,Global Study UK,https://www.globalstudyuk.com,,,
Malawi,AUG Study Services,https://www.aug.edu,,,
Malawi,LCI Group (Liu Cheng International Group Ltd),https://www.lcieducation.com,,,
Malawi,IDP Education (UK) Limited,https://www.idp.com,ukclientpartnerships@idp.com,+61-3-9612-4400,"69-79 Fulham High Street, London SW6 3JW, UK"
Malawi,AECC Global,https://www.aeccglobal.com,clientrelations@aeccglobal.com,+61-481739343,"20 Queen Street, Melbourne, Victoria 3000, Australia"
Malawi,IECC trading as Campora,https://www.campora.co.uk,,,
Malawi,KC Overseas Education Pvt. Ltd.,https://www.kcoverseas.com,,,
Malawi,Leap GeeBee Edtech Pvt. Ltd,https://www.geebee.com,,,
Malawi,QS StudentApply,https://www.qs.com,,,
Malawi,Amber Education Services Ltd,https://www.ambereducation.co.uk,,,
Malawi,Education International Cooperation (EIC) Group Limited,https://www.eic.org.cn,,,China
Malawi,InterGreat Education Group Ltd,https://www.intergreateducation.com,,,
Malawi,OxBridge Holdings Inc.,https://www.oxbridge.cn,,,China
Malawi,UKEC,https://www.ukec.com,,,
Malawi,Savvides Institute,https://www.savvides.com.cy,,,Cyprus
Malawi,British Canadian International Education (BCIE),https://www.bcieglobal.com,,,
Malawi,Aston Education,https://www.astonhongkong.com,info@aston.edu.hk,+852 2866 9933,"5th Floor, Office Plus @ Wanchai, 303 Hennessy Road, Wan Chai, Hong Kong"
Malawi,Edwise International LLP,https://www.edwiseinternational.com,,,
Malawi,IPC - International Placewell Consultants Pvt Ltd,https://www.ipcglobal.co.in,,,
Malawi,GoStudy International,https://www.gostudy.co.id,,,Indonesia
Malawi,ICAN Education,https://www.icaneducation.co.id,,,
Malawi,Uniserv Education,https://www.uniserv.co.ke,,,Kenya
Malawi,INTI Universal Holdings Sdn Bhd,https://www.inti.edu.my,,,"Nilai, Negeri Sembilan, Malaysia"
Malawi,MABECS,https://www.mabecs.com,,,
Malawi,Taylor's Malaysia Sdn Bhd,https://www.taylors.edu.my,,,"1 Jalan Taylor's, 47500 Subang Jaya, Selangor, Malaysia"
Malawi,Global Study Partners Pty Ltd trading as upGrad GSP,https://www.upgradgsp.com,,,Australia
Malaysia,British Council Office,https://www.britishcouncil.org,,,
Malaysia,International Sporting Solutions Ltd,https://www.internationalsportingsolutions.com,,,United Kingdom
Malaysia,StudyIn,https://www.studyin-uk.com,,,
Malaysia,Acceptix,https://www.acceptix.com,,,
Malaysia,AHZ Associates,https://www.ahzassociates.com,info@ahzassociates.co.uk,,"London, United Kingdom"
Malaysia,Crizac Ltd (Gateway Abroad),https://www.crizac.co.uk,,,United Kingdom
Malaysia,Edvoy Educational Services Ltd.,https://www.edvoy.com,,,United Kingdom
Malaysia,Global Study UK,https://www.globalstudyuk.com,,,
Malaysia,AUG Study Services,https://www.aug.edu,,,
Malaysia,LCI Group (Liu Cheng International Group Ltd),https://www.lcieducation.com,,,
Malaysia,IDP Education (UK) Limited,https://www.idp.com,ukclientpartnerships@idp.com,+61-3-9612-4400,"69-79 Fulham High Street, London SW6 3JW, UK"
Malaysia,AECC Global,https://www.aeccglobal.com,clientrelations@aeccglobal.com,+61-481739343,"20 Queen Street, Melbourne, Victoria 3000, Australia"
Malaysia,IECC trading as Campora,https://www.campora.co.uk,,,
Malaysia,KC Overseas Education Pvt. Ltd.,https://www.kcoverseas.com,,,
Malaysia,Leap GeeBee Edtech Pvt. Ltd,https://www.geebee.com,,,
Malaysia,QS StudentApply,https://www.qs.com,,,
Malaysia,Amber Education Services Ltd,https://www.ambereducation.co.uk,,,
Malaysia,Education International Cooperation (EIC) Group Limited,https://www.eic.org.cn,,,China
Malaysia,InterGreat Education Group Ltd,https://www.intergreateducation.com,,,
Malaysia,OxBridge Holdings Inc.,https://www.oxbridge.cn,,,China
Malaysia,UKEC,https://www.ukec.com,,,
Malaysia,Savvides Institute,https://www.savvides.com.cy,,,Cyprus
Malaysia,British Canadian International Education (BCIE),https://www.bcieglobal.com,,,
Malaysia,Aston Education,https://www.astonhongkong.com,info@aston.edu.hk,+852 2866 9933,"5th Floor, Office Plus @ Wanchai, 303 Hennessy Road, Wan Chai, Hong Kong"
Malaysia,Edwise International LLP,https://www.edwiseinternational.com,,,
Malaysia,IPC - International Placewell Consultants Pvt Ltd,https://www.ipcglobal.co.in,,,
Malaysia,GoStudy International,https://www.gostudy.co.id,,,Indonesia
Malaysia,ICAN Education,https://www.icaneducation.co.id,,,
Malaysia,Uniserv Education,https://www.uniserv.co.ke,,,Kenya
Malaysia,INTI Universal Holdings Sdn Bhd,https://www.inti.edu.my,,,"Nilai, Negeri Sembilan, Malaysia"
Malaysia,MABECS,https://www.mabecs.com,,,
Malaysia,Taylor's Malaysia Sdn Bhd,https://www.taylors.edu.my,,,"1 Jalan Taylor's, 47500 Subang Jaya, Selangor, Malaysia"
Malaysia,Global Study Partners Pty Ltd trading as upGrad GSP,https://www.upgradgsp.com,,,Australia
Maldives,British Council Office,https://www.britishcouncil.org,,,
Maldives,International Sporting Solutions Ltd,https://www.internationalsportingsolutions.com,,,United Kingdom
Maldives,StudyIn,https://www.studyin-uk.com,,,
Maldives,Acceptix,https://www.acceptix.com,,,
Maldives,AHZ Associates,https://www.ahzassociates.com,info@ahzassociates.co.uk,,"London, United Kingdom"
Maldives,Crizac Ltd (Gateway Abroad),https://www.crizac.co.uk,,,United Kingdom
Maldives,Edvoy Educational Services Ltd.,https://www.edvoy.com,,,United Kingdom
Maldives,Global Study UK,https://www.globalstudyuk.com,,,
Maldives,AUG Study Services,https://www.aug.edu,,,
Maldives,LCI Group (Liu Cheng International Group Ltd),https://www.lcieducation.com,,,
Maldives,IDP Education (UK) Limited,https://www.idp.com,ukclientpartnerships@idp.com,+61-3-9612-4400,"69-79 Fulham High Street, London SW6 3JW, UK"
Maldives,AECC Global,https://www.aeccglobal.com,clientrelations@aeccglobal.com,+61-481739343,"20 Queen Street, Melbourne, Victoria 3000, Australia"
Maldives,IECC trading as Campora,https://www.campora.co.uk,,,
Maldives,KC Overseas Education Pvt. Ltd.,https://www.kcoverseas.com,,,
Maldives,Leap GeeBee Edtech Pvt. Ltd,https://www.geebee.com,,,
Maldives,QS StudentApply,https://www.qs.com,,,
Maldives,Amber Education Services Ltd,https://www.ambereducation.co.uk,,,
Maldives,Education International Cooperation (EIC) Group Limited,https://www.eic.org.cn,,,China
Maldives,InterGreat Education Group Ltd,https://www.intergreateducation.com,,,
Maldives,OxBridge Holdings Inc.,https://www.oxbridge.cn,,,China
Maldives,UKEC,https://www.ukec.com,,,
Maldives,Savvides Institute,https://www.savvides.com.cy,,,Cyprus
Maldives,British Canadian International Education (BCIE),https://www.bcieglobal.com,,,
Maldives,Aston Education,https://www.astonhongkong.com,info@aston.edu.hk,+852 2866 9933,"5th Floor, Office Plus @ Wanchai, 303 Hennessy Road, Wan Chai, Hong Kong"
Maldives,Edwise International LLP,https://www.edwiseinternational.com,,,
Maldives,IPC - International Placewell Consultants Pvt Ltd,https://www.ipcglobal.co.in,,,
Maldives,GoStudy International,https://www.gostudy.co.id,,,Indonesia
Maldives,ICAN Education,https://www.icaneducation.co.id,,,
Maldives,Uniserv Education,https://www.uniserv.co.ke,,,Kenya
Maldives,INTI Universal Holdings Sdn Bhd,https://www.inti.edu.my,,,"Nilai, Negeri Sembilan, Malaysia"
Maldives,MABECS,https://www.mabecs.com,,,
Maldives,Taylor's Malaysia Sdn Bhd,https://www.taylors.edu.my,,,"1 Jalan Taylor's, 47500 Subang Jaya, Selangor, Malaysia"
Maldives,Global Study Partners Pty Ltd trading as upGrad GSP,https://www.upgradgsp.com,,,Australia
Mauritius,British Council Office,https://www.britishcouncil.org,,,
Mauritius,International Sporting Solutions Ltd,https://www.internationalsportingsolutions.com,,,United Kingdom
Mauritius,StudyIn,https://www.studyin-uk.com,,,
Mauritius,Acceptix,https://www.acceptix.com,,,
Mauritius,AHZ Associates,https://www.ahzassociates.com,info@ahzassociates.co.uk,,"London, United Kingdom"
Mauritius,Crizac Ltd (Gateway Abroad),https://www.crizac.co.uk,,,United Kingdom
Mauritius,Edvoy Educational Services Ltd.,https://www.edvoy.com,,,United Kingdom
Mauritius,Global Study UK,https://www.globalstudyuk.com,,,
Mauritius,AUG Study Services,https://www.aug.edu,,,
Mauritius,LCI Group (Liu Cheng International Group Ltd),https://www.lcieducation.com,,,
Mauritius,IDP Education (UK) Limited,https://www.idp.com,ukclientpartnerships@idp.com,+61-3-9612-4400,"69-79 Fulham High Street, London SW6 3JW, UK"
Mauritius,AECC Global,https://www.aeccglobal.com,clientrelations@aeccglobal.com,+61-481739343,"20 Queen Street, Melbourne, Victoria 3000, Australia"
Mauritius,IECC trading as Campora,https://www.campora.co.uk,,,
Mauritius,KC Overseas Education Pvt. Ltd.,https://www.kcoverseas.com,,,
Mauritius,Leap GeeBee Edtech Pvt. Ltd,https://www.geebee.com,,,
Mauritius,QS StudentApply,https://www.qs.com,,,
Mauritius,Amber Education Services Ltd,https://www.ambereducation.co.uk,,,
Mauritius,Education International Cooperation (EIC) Group Limited,https://www.eic.org.cn,,,China
Mauritius,InterGreat Education Group Ltd,https://www.intergreateducation.com,,,
Mauritius,OxBridge Holdings Inc.,https://www.oxbridge.cn,,,China
Mauritius,UKEC,https://www.ukec.com,,,
Mauritius,Savvides Institute,https://www.savvides.com.cy,,,Cyprus
Mauritius,British Canadian International Education (BCIE),https://www.bcieglobal.com,,,
Mauritius,Aston Education,https://www.astonhongkong.com,info@aston.edu.hk,+852 2866 9933,"5th Floor, Office Plus @ Wanchai, 303 Hennessy Road, Wan Chai, Hong Kong"
Mauritius,Edwise International LLP,https://www.edwiseinternational.com,,,
Mauritius,IPC - International Placewell Consultants Pvt Ltd,https://www.ipcglobal.co.in,,,
Mauritius,GoStudy International,https://www.gostudy.co.id,,,Indonesia
Mauritius,ICAN Education,https://www.icaneducation.co.id,,,
Mauritius,Uniserv Education,https://www.uniserv.co.ke,,,Kenya
Mauritius,INTI Universal Holdings Sdn Bhd,https://www.inti.edu.my,,,"Nilai, Negeri Sembilan, Malaysia"
Mauritius,MABECS,https://www.mabecs.com,,,
Mauritius,Taylor's Malaysia Sdn Bhd,https://www.taylors.edu.my,,,"1 Jalan Taylor's, 47500 Subang Jaya, Selangor, Malaysia"
Mauritius,Global Study Partners Pty Ltd trading as upGrad GSP,https://www.upgradgsp.com,,,Australia
Mexico,British Council Office,https://www.britishcouncil.org,,,
Mexico,International Sporting Solutions Ltd,https://www.internationalsportingsolutions.com,,,United Kingdom
Mexico,StudyIn,https://www.studyin-uk.com,,,
Mexico,Acceptix,https://www.acceptix.com,,,
Mexico,AHZ Associates,https://www.ahzassociates.com,info@ahzassociates.co.uk,,"London, United Kingdom"
Mexico,Crizac Ltd (Gateway Abroad),https://www.crizac.co.uk,,,United Kingdom
Mexico,Edvoy Educational Services Ltd.,https://www.edvoy.com,,,United Kingdom
Mexico,Global Study UK,https://www.globalstudyuk.com,,,
Mexico,AUG Study Services,https://www.aug.edu,,,
Mexico,LCI Group (Liu Cheng International Group Ltd),https://www.lcieducation.com,,,
Mexico,IDP Education (UK) Limited,https://www.idp.com,ukclientpartnerships@idp.com,+61-3-9612-4400,"69-79 Fulham High Street, London SW6 3JW, UK"
Mexico,AECC Global,https://www.aeccglobal.com,clientrelations@aeccglobal.com,+61-481739343,"20 Queen Street, Melbourne, Victoria 3000, Australia"
Mexico,IECC trading as Campora,https://www.campora.co.uk,,,
Mexico,KC Overseas Education Pvt. Ltd.,https://www.kcoverseas.com,,,
Mexico,Leap GeeBee Edtech Pvt. Ltd,https://www.geebee.com,,,
Mexico,QS StudentApply,https://www.qs.com,,,
Mexico,Amber Education Services Ltd,https://www.ambereducation.co.uk,,,
Mexico,Education International Cooperation (EIC) Group Limited,https://www.eic.org.cn,,,China
Mexico,InterGreat Education Group Ltd,https://www.intergreateducation.com,,,
Mexico,OxBridge Holdings Inc.,https://www.oxbridge.cn,,,China
Mexico,UKEC,https://www.ukec.com,,,
Mexico,Savvides Institute,https://www.savvides.com.cy,,,Cyprus
Mexico,British Canadian International Education (BCIE),https://www.bcieglobal.com,,,
Mexico,Aston Education,https://www.astonhongkong.com,info@aston.edu.hk,+852 2866 9933,"5th Floor, Office Plus @ Wanchai, 303 Hennessy Road, Wan Chai, Hong Kong"
Mexico,Edwise International LLP,https://www.edwiseinternational.com,,,
Mexico,IPC - International Placewell Consultants Pvt Ltd,https://www.ipcglobal.co.in,,,
Mexico,GoStudy International,https://www.gostudy.co.id,,,Indonesia
Mexico,ICAN Education,https://www.icaneducation.co.id,,,
Mexico,Uniserv Education,https://www.uniserv.co.ke,,,Kenya
Mexico,INTI Universal Holdings Sdn Bhd,https://www.inti.edu.my,,,"Nilai, Negeri Sembilan, Malaysia"
Mexico,MABECS,https://www.mabecs.com,,,
Mexico,Taylor's Malaysia Sdn Bhd,https://www.taylors.edu.my,,,"1 Jalan Taylor's, 47500 Subang Jaya, Selangor, Malaysia"
Mexico,Global Study Partners Pty Ltd trading as upGrad GSP,https://www.upgradgsp.com,,,Australia
Morocco,British Council Office,https://www.britishcouncil.org,,,
Morocco,International Sporting Solutions Ltd,https://www.internationalsportingsolutions.com,,,United Kingdom
Morocco,StudyIn,https://www.studyin-uk.com,,,
Morocco,Acceptix,https://www.acceptix.com,,,
Morocco,AHZ Associates,https://www.ahzassociates.com,info@ahzassociates.co.uk,,"London, United Kingdom"
Morocco,Crizac Ltd (Gateway Abroad),https://www.crizac.co.uk,,,United Kingdom
Morocco,Edvoy Educational Services Ltd.,https://www.edvoy.com,,,United Kingdom
Morocco,Global Study UK,https://www.globalstudyuk.com,,,
Morocco,AUG Study Services,https://www.aug.edu,,,
Morocco,LCI Group (Liu Cheng International Group Ltd),https://www.lcieducation.com,,,
Morocco,IDP Education (UK) Limited,https://www.idp.com,ukclientpartnerships@idp.com,+61-3-9612-4400,"69-79 Fulham High Street, London SW6 3JW, UK"
Morocco,AECC Global,https://www.aeccglobal.com,clientrelations@aeccglobal.com,+61-481739343,"20 Queen Street, Melbourne, Victoria 3000, Australia"
Morocco,IECC trading as Campora,https://www.campora.co.uk,,,
Morocco,KC Overseas Education Pvt. Ltd.,https://www.kcoverseas.com,,,
Morocco,Leap GeeBee Edtech Pvt. Ltd,https://www.geebee.com,,,
Morocco,QS StudentApply,https://www.qs.com,,,
Morocco,Amber Education Services Ltd,https://www.ambereducation.co.uk,,,
Morocco,Education International Cooperation (EIC) Group Limited,https://www.eic.org.cn,,,China
Morocco,InterGreat Education Group Ltd,https://www.intergreateducation.com,,,
Morocco,OxBridge Holdings Inc.,https://www.oxbridge.cn,,,China
Morocco,UKEC,https://www.ukec.com,,,
Morocco,Savvides Institute,https://www.savvides.com.cy,,,Cyprus
Morocco,British Canadian International Education (BCIE),https://www.bcieglobal.com,,,
Morocco,Aston Education,https://www.astonhongkong.com,info@aston.edu.hk,+852 2866 9933,"5th Floor, Office Plus @ Wanchai, 303 Hennessy Road, Wan Chai, Hong Kong"
Morocco,Edwise International LLP,https://www.edwiseinternational.com,,,
Morocco,IPC - International Placewell Consultants Pvt Ltd,https://www.ipcglobal.co.in,,,
Morocco,GoStudy International,https://www.gostudy.co.id,,,Indonesia
Morocco,ICAN Education,https://www.icaneducation.co.id,,,
Morocco,Uniserv Education,https://www.uniserv.co.ke,,,Kenya
Morocco,INTI Universal Holdings Sdn Bhd,https://www.inti.edu.my,,,"Nilai, Negeri Sembilan, Malaysia"
Morocco,MABECS,https://www.mabecs.com,,,
Morocco,Taylor's Malaysia Sdn Bhd,https://www.taylors.edu.my,,,"1 Jalan Taylor's, 47500 Subang Jaya, Selangor, Malaysia"
Morocco,Global Study Partners Pty Ltd trading as upGrad GSP,https://www.upgradgsp.com,,,Australia
"Myanmar, Burma",British Council Office,https://www.britishcouncil.org,,,
"Myanmar, Burma",International Sporting Solutions Ltd,https://www.internationalsportingsolutions.com,,,United Kingdom
"Myanmar, Burma",StudyIn,https://www.studyin-uk.com,,,
"Myanmar, Burma",Acceptix,https://www.acceptix.com,,,
"Myanmar, Burma",AHZ Associates,https://www.ahzassociates.com,info@ahzassociates.co.uk,,"London, United Kingdom"
"Myanmar, Burma",Crizac Ltd (Gateway Abroad),https://www.crizac.co.uk,,,United Kingdom
"Myanmar, Burma",Edvoy Educational Services Ltd.,https://www.edvoy.com,,,United Kingdom
"Myanmar, Burma",Global Study UK,https://www.globalstudyuk.com,,,
"Myanmar, Burma",AUG Study Services,https://www.aug.edu,,,
"Myanmar, Burma",LCI Group (Liu Cheng International Group Ltd),https://www.lcieducation.com,,,
"Myanmar, Burma",IDP Education (UK) Limited,https://www.idp.com,ukclientpartnerships@idp.com,+61-3-9612-4400,"69-79 Fulham High Street, London SW6 3JW, UK"
"Myanmar, Burma",AECC Global,https://www.aeccglobal.com,clientrelations@aeccglobal.com,+61-481739343,"20 Queen Street, Melbourne, Victoria 3000, Australia"
"Myanmar, Burma",IECC trading as Campora,https://www.campora.co.uk,,,
"Myanmar, Burma",KC Overseas Education Pvt. Ltd.,https://www.kcoverseas.com,,,
"Myanmar, Burma",Leap GeeBee Edtech Pvt. Ltd,https://www.geebee.com,,,
"Myanmar, Burma",QS StudentApply,https://www.qs.com,,,
"Myanmar, Burma",Amber Education Services Ltd,https://www.ambereducation.co.uk,,,
"Myanmar, Burma",Education International Cooperation (EIC) Group Limited,https://www.eic.org.cn,,,China
"Myanmar, Burma",InterGreat Education Group Ltd,https://www.intergreateducation.com,,,
"Myanmar, Burma",OxBridge Holdings Inc.,https://www.oxbridge.cn,,,China
"Myanmar, Burma",UKEC,https://www.ukec.com,,,
"Myanmar, Burma",Savvides Institute,https://www.savvides.com.cy,,,Cyprus
"Myanmar, Burma",British Canadian International Education (BCIE),https://www.bcieglobal.com,,,
"Myanmar, Burma",Aston Education,https://www.astonhongkong.com,info@aston.edu.hk,+852 2866 9933,"5th Floor, Office Plus @ Wanchai, 303 Hennessy Road, Wan Chai, Hong Kong"
"Myanmar, Burma",Edwise International LLP,https://www.edwiseinternational.com,,,
"Myanmar, Burma",IPC - International Placewell Consultants Pvt Ltd,https://www.ipcglobal.co.in,,,
"Myanmar, Burma",GoStudy International,https://www.gostudy.co.id,,,Indonesia
"Myanmar, Burma",ICAN Education,https://www.icaneducation.co.id,,,
"Myanmar, Burma",Uniserv Education,https://www.uniserv.co.ke,,,Kenya
"Myanmar, Burma",INTI Universal Holdings Sdn Bhd,https://www.inti.edu.my,,,"Nilai, Negeri Sembilan, Malaysia"
"Myanmar, Burma",MABECS,https://www.mabecs.com,,,
"Myanmar, Burma",Taylor's Malaysia Sdn Bhd,https://www.taylors.edu.my,,,"1 Jalan Taylor's, 47500 Subang Jaya, Selangor, Malaysia"
"Myanmar, Burma",Global Study Partners Pty Ltd trading as upGrad GSP,https://www.upgradgsp.com,,,Australia
Nepal,British Council Office,https://www.britishcouncil.org,,,
Nepal,International Sporting Solutions Ltd,https://www.internationalsportingsolutions.com,,,United Kingdom
Nepal,StudyIn,https://www.studyin-uk.com,,,
Nepal,Acceptix,https://www.acceptix.com,,,
Nepal,AHZ Associates,https://www.ahzassociates.com,info@ahzassociates.co.uk,,"London, United Kingdom"
Nepal,Crizac Ltd (Gateway Abroad),https://www.crizac.co.uk,,,United Kingdom
Nepal,Edvoy Educational Services Ltd.,https://www.edvoy.com,,,United Kingdom
Nepal,Global Study UK,https://www.globalstudyuk.com,,,
Nepal,AUG Study Services,https://www.aug.edu,,,
Nepal,LCI Group (Liu Cheng International Group Ltd),https://www.lcieducation.com,,,
Nepal,IDP Education (UK) Limited,https://www.idp.com,ukclientpartnerships@idp.com,+61-3-9612-4400,"69-79 Fulham High Street, London SW6 3JW, UK"
Nepal,AECC Global,https://www.aeccglobal.com,clientrelations@aeccglobal.com,+61-481739343,"20 Queen Street, Melbourne, Victoria 3000, Australia"
Nepal,IECC trading as Campora,https://www.campora.co.uk,,,
Nepal,KC Overseas Education Pvt. Ltd.,https://www.kcoverseas.com,,,
Nepal,Leap GeeBee Edtech Pvt. Ltd,https://www.geebee.com,,,
Nepal,QS StudentApply,https://www.qs.com,,,
Nepal,Amber Education Services Ltd,https://www.ambereducation.co.uk,,,
Nepal,Education International Cooperation (EIC) Group Limited,https://www.eic.org.cn,,,China
Nepal,InterGreat Education Group Ltd,https://www.intergreateducation.com,,,
Nepal,OxBridge Holdings Inc.,https://www.oxbridge.cn,,,China
Nepal,UKEC,https://www.ukec.com,,,
Nepal,Savvides Institute,https://www.savvides.com.cy,,,Cyprus
Nepal,British Canadian International Education (BCIE),https://www.bcieglobal.com,,,
Nepal,Aston Education,https://www.astonhongkong.com,info@aston.edu.hk,+852 2866 9933,"5th Floor, Office Plus @ Wanchai, 303 Hennessy Road, Wan Chai, Hong Kong"
Nepal,Edwise International LLP,https://www.edwiseinternational.com,,,
Nepal,IPC - International Placewell Consultants Pvt Ltd,https://www.ipcglobal.co.in,,,
Nepal,GoStudy International,https://www.gostudy.co.id,,,Indonesia
Nepal,ICAN Education,https://www.icaneducation.co.id,,,
Nepal,Uniserv Education,https://www.uniserv.co.ke,,,Kenya
Nepal,INTI Universal Holdings Sdn Bhd,https://www.inti.edu.my,,,"Nilai, Negeri Sembilan, Malaysia"
Nepal,MABECS,https://www.mabecs.com,,,
Nepal,Taylor's Malaysia Sdn Bhd,https://www.taylors.edu.my,,,"1 Jalan Taylor's, 47500 Subang Jaya, Selangor, Malaysia"
Nepal,Global Study Partners Pty Ltd trading as upGrad GSP,https://www.upgradgsp.com,,,Australia
Netherlands,British Council Office,https://www.britishcouncil.org,,,
Netherlands,International Sporting Solutions Ltd,https://www.internationalsportingsolutions.com,,,United Kingdom
Netherlands,StudyIn,https://www.studyin-uk.com,,,
Netherlands,Acceptix,https://www.acceptix.com,,,
Netherlands,AHZ Associates,https://www.ahzassociates.com,info@ahzassociates.co.uk,,"London, United Kingdom"
Netherlands,Crizac Ltd (Gateway Abroad),https://www.crizac.co.uk,,,United Kingdom
Netherlands,Edvoy Educational Services Ltd.,https://www.edvoy.com,,,United Kingdom
Netherlands,Global Study UK,https://www.globalstudyuk.com,,,
Netherlands,AUG Study Services,https://www.aug.edu,,,
Netherlands,LCI Group (Liu Cheng International Group Ltd),https://www.lcieducation.com,,,
Netherlands,IDP Education (UK) Limited,https://www.idp.com,ukclientpartnerships@idp.com,+61-3-9612-4400,"69-79 Fulham High Street, London SW6 3JW, UK"
Netherlands,AECC Global,https://www.aeccglobal.com,clientrelations@aeccglobal.com,+61-481739343,"20 Queen Street, Melbourne, Victoria 3000, Australia"
Netherlands,IECC trading as Campora,https://www.campora.co.uk,,,
Netherlands,KC Overseas Education Pvt. Ltd.,https://www.kcoverseas.com,,,
Netherlands,Leap GeeBee Edtech Pvt. Ltd,https://www.geebee.com,,,
Netherlands,QS StudentApply,https://www.qs.com,,,
Netherlands,Amber Education Services Ltd,https://www.ambereducation.co.uk,,,
Netherlands,Education International Cooperation (EIC) Group Limited,https://www.eic.org.cn,,,China
Netherlands,InterGreat Education Group Ltd,https://www.intergreateducation.com,,,
Netherlands,OxBridge Holdings Inc.,https://www.oxbridge.cn,,,China
Netherlands,UKEC,https://www.ukec.com,,,
Netherlands,Savvides Institute,https://www.savvides.com.cy,,,Cyprus
Netherlands,British Canadian International Education (BCIE),https://www.bcieglobal.com,,,
Netherlands,Aston Education,https://www.astonhongkong.com,info@aston.edu.hk,+852 2866 9933,"5th Floor, Office Plus @ Wanchai, 303 Hennessy Road, Wan Chai, Hong Kong"
Netherlands,Edwise International LLP,https://www.edwiseinternational.com,,,
Netherlands,IPC - International Placewell Consultants Pvt Ltd,https://www.ipcglobal.co.in,,,
Netherlands,GoStudy International,https://www.gostudy.co.id,,,Indonesia
Netherlands,ICAN Education,https://www.icaneducation.co.id,,,
Netherlands,Uniserv Education,https://www.uniserv.co.ke,,,Kenya
Netherlands,INTI Universal Holdings Sdn Bhd,https://www.inti.edu.my,,,"Nilai, Negeri Sembilan, Malaysia"
Netherlands,MABECS,https://www.mabecs.com,,,
Netherlands,Taylor's Malaysia Sdn Bhd,https://www.taylors.edu.my,,,"1 Jalan Taylor's, 47500 Subang Jaya, Selangor, Malaysia"
Netherlands,Global Study Partners Pty Ltd trading as upGrad GSP,https://www.upgradgsp.com,,,Australia
New Zealand,British Council Office,https://www.britishcouncil.org,,,
New Zealand,International Sporting Solutions Ltd,https://www.internationalsportingsolutions.com,,,United Kingdom
New Zealand,StudyIn,https://www.studyin-uk.com,,,
New Zealand,Acceptix,https://www.acceptix.com,,,
New Zealand,AHZ Associates,https://www.ahzassociates.com,info@ahzassociates.co.uk,,"London, United Kingdom"
New Zealand,Crizac Ltd (Gateway Abroad),https://www.crizac.co.uk,,,United Kingdom
New Zealand,Edvoy Educational Services Ltd.,https://www.edvoy.com,,,United Kingdom
New Zealand,Global Study UK,https://www.globalstudyuk.com,,,
New Zealand,AUG Study Services,https://www.aug.edu,,,
New Zealand,LCI Group (Liu Cheng International Group Ltd),https://www.lcieducation.com,,,
New Zealand,IDP Education (UK) Limited,https://www.idp.com,ukclientpartnerships@idp.com,+61-3-9612-4400,"69-79 Fulham High Street, London SW6 3JW, UK"
New Zealand,AECC Global,https://www.aeccglobal.com,clientrelations@aeccglobal.com,+61-481739343,"20 Queen Street, Melbourne, Victoria 3000, Australia"
New Zealand,IECC trading as Campora,https://www.campora.co.uk,,,
New Zealand,KC Overseas Education Pvt. Ltd.,https://www.kcoverseas.com,,,
New Zealand,Leap GeeBee Edtech Pvt. Ltd,https://www.geebee.com,,,
New Zealand,QS StudentApply,https://www.qs.com,,,
New Zealand,Amber Education Services Ltd,https://www.ambereducation.co.uk,,,
New Zealand,Education International Cooperation (EIC) Group Limited,https://www.eic.org.cn,,,China
New Zealand,InterGreat Education Group Ltd,https://www.intergreateducation.com,,,
New Zealand,OxBridge Holdings Inc.,https://www.oxbridge.cn,,,China
New Zealand,UKEC,https://www.ukec.com,,,
New Zealand,Savvides Institute,https://www.savvides.com.cy,,,Cyprus
New Zealand,British Canadian International Education (BCIE),https://www.bcieglobal.com,,,
New Zealand,Aston Education,https://www.astonhongkong.com,info@aston.edu.hk,+852 2866 9933,"5th Floor, Office Plus @ Wanchai, 303 Hennessy Road, Wan Chai, Hong Kong"
New Zealand,Edwise International LLP,https://www.edwiseinternational.com,,,
New Zealand,IPC - International Placewell Consultants Pvt Ltd,https://www.ipcglobal.co.in,,,
New Zealand,GoStudy International,https://www.gostudy.co.id,,,Indonesia
New Zealand,ICAN Education,https://www.icaneducation.co.id,,,
New Zealand,Uniserv Education,https://www.uniserv.co.ke,,,Kenya
New Zealand,INTI Universal Holdings Sdn Bhd,https://www.inti.edu.my,,,"Nilai, Negeri Sembilan, Malaysia"
New Zealand,MABECS,https://www.mabecs.com,,,
New Zealand,Taylor's Malaysia Sdn Bhd,https://www.taylors.edu.my,,,"1 Jalan Taylor's, 47500 Subang Jaya, Selangor, Malaysia"
New Zealand,Global Study Partners Pty Ltd trading as upGrad GSP,https://www.upgradgsp.com,,,Australia
Nigeria,British Council Office,https://www.britishcouncil.org,,,
Nigeria,International Sporting Solutions Ltd,https://www.internationalsportingsolutions.com,,,United Kingdom
Nigeria,StudyIn,https://www.studyin-uk.com,,,
Nigeria,Acceptix,https://www.acceptix.com,,,
Nigeria,AHZ Associates,https://www.ahzassociates.com,info@ahzassociates.co.uk,,"London, United Kingdom"
Nigeria,Crizac Ltd (Gateway Abroad),https://www.crizac.co.uk,,,United Kingdom
Nigeria,Edvoy Educational Services Ltd.,https://www.edvoy.com,,,United Kingdom
Nigeria,Global Study UK,https://www.globalstudyuk.com,,,
Nigeria,AUG Study Services,https://www.aug.edu,,,
Nigeria,LCI Group (Liu Cheng International Group Ltd),https://www.lcieducation.com,,,
Nigeria,IDP Education (UK) Limited,https://www.idp.com,ukclientpartnerships@idp.com,+61-3-9612-4400,"69-79 Fulham High Street, London SW6 3JW, UK"
Nigeria,AECC Global,https://www.aeccglobal.com,clientrelations@aeccglobal.com,+61-481739343,"20 Queen Street, Melbourne, Victoria 3000, Australia"
Nigeria,IECC trading as Campora,https://www.campora.co.uk,,,
Nigeria,KC Overseas Education Pvt. Ltd.,https://www.kcoverseas.com,,,
Nigeria,Leap GeeBee Edtech Pvt. Ltd,https://www.geebee.com,,,
Nigeria,QS StudentApply,https://www.qs.com,,,
Nigeria,Amber Education Services Ltd,https://www.ambereducation.co.uk,,,
Nigeria,Education International Cooperation (EIC) Group Limited,https://www.eic.org.cn,,,China
Nigeria,InterGreat Education Group Ltd,https://www.intergreateducation.com,,,
Nigeria,OxBridge Holdings Inc.,https://www.oxbridge.cn,,,China
Nigeria,UKEC,https://www.ukec.com,,,
Nigeria,Savvides Institute,https://www.savvides.com.cy,,,Cyprus
Nigeria,British Canadian International Education (BCIE),https://www.bcieglobal.com,,,
Nigeria,Aston Education,https://www.astonhongkong.com,info@aston.edu.hk,+852 2866 9933,"5th Floor, Office Plus @ Wanchai, 303 Hennessy Road, Wan Chai, Hong Kong"
Nigeria,Edwise International LLP,https://www.edwiseinternational.com,,,
Nigeria,IPC - International Placewell Consultants Pvt Ltd,https://www.ipcglobal.co.in,,,
Nigeria,GoStudy International,https://www.gostudy.co.id,,,Indonesia
Nigeria,ICAN Education,https://www.icaneducation.co.id,,,
Nigeria,Uniserv Education,https://www.uniserv.co.ke,,,Kenya
Nigeria,INTI Universal Holdings Sdn Bhd,https://www.inti.edu.my,,,"Nilai, Negeri Sembilan, Malaysia"
Nigeria,MABECS,https://www.mabecs.com,,,
Nigeria,Taylor's Malaysia Sdn Bhd,https://www.taylors.edu.my,,,"1 Jalan Taylor's, 47500 Subang Jaya, Selangor, Malaysia"
Nigeria,Global Study Partners Pty Ltd trading as upGrad GSP,https://www.upgradgsp.com,,,Australia
Norway,British Council Office,https://www.britishcouncil.org,,,
Norway,International Sporting Solutions Ltd,https://www.internationalsportingsolutions.com,,,United Kingdom
Norway,StudyIn,https://www.studyin-uk.com,,,
Norway,Acceptix,https://www.acceptix.com,,,
Norway,AHZ Associates,https://www.ahzassociates.com,info@ahzassociates.co.uk,,"London, United Kingdom"
Norway,Crizac Ltd (Gateway Abroad),https://www.crizac.co.uk,,,United Kingdom
Norway,Edvoy Educational Services Ltd.,https://www.edvoy.com,,,United Kingdom
Norway,Global Study UK,https://www.globalstudyuk.com,,,
Norway,AUG Study Services,https://www.aug.edu,,,
Norway,LCI Group (Liu Cheng International Group Ltd),https://www.lcieducation.com,,,
Norway,IDP Education (UK) Limited,https://www.idp.com,ukclientpartnerships@idp.com,+61-3-9612-4400,"69-79 Fulham High Street, London SW6 3JW, UK"
Norway,AECC Global,https://www.aeccglobal.com,clientrelations@aeccglobal.com,+61-481739343,"20 Queen Street, Melbourne, Victoria 3000, Australia"
Norway,IECC trading as Campora,https://www.campora.co.uk,,,
Norway,KC Overseas Education Pvt. Ltd.,https://www.kcoverseas.com,,,
Norway,Leap GeeBee Edtech Pvt. Ltd,https://www.geebee.com,,,
Norway,QS StudentApply,https://www.qs.com,,,
Norway,Amber Education Services Ltd,https://www.ambereducation.co.uk,,,
Norway,Education International Cooperation (EIC) Group Limited,https://www.eic.org.cn,,,China
Norway,InterGreat Education Group Ltd,https://www.intergreateducation.com,,,
Norway,OxBridge Holdings Inc.,https://www.oxbridge.cn,,,China
Norway,UKEC,https://www.ukec.com,,,
Norway,Savvides Institute,https://www.savvides.com.cy,,,Cyprus
Norway,British Canadian International Education (BCIE),https://www.bcieglobal.com,,,
Norway,Aston Education,https://www.astonhongkong.com,info@aston.edu.hk,+852 2866 9933,"5th Floor, Office Plus @ Wanchai, 303 Hennessy Road, Wan Chai, Hong Kong"
Norway,Edwise International LLP,https://www.edwiseinternational.com,,,
Norway,IPC - International Placewell Consultants Pvt Ltd,https://www.ipcglobal.co.in,,,
Norway,GoStudy International,https://www.gostudy.co.id,,,Indonesia
Norway,ICAN Education,https://www.icaneducation.co.id,,,
Norway,Uniserv Education,https://www.uniserv.co.ke,,,Kenya
Norway,INTI Universal Holdings Sdn Bhd,https://www.inti.edu.my,,,"Nilai, Negeri Sembilan, Malaysia"
Norway,MABECS,https://www.mabecs.com,,,
Norway,Taylor's Malaysia Sdn Bhd,https://www.taylors.edu.my,,,"1 Jalan Taylor's, 47500 Subang Jaya, Selangor, Malaysia"
Norway,Global Study Partners Pty Ltd trading as upGrad GSP,https://www.upgradgsp.com,,,Australia
Oman,British Council Office,https://www.britishcouncil.org,,,
Oman,International Sporting Solutions Ltd,https://www.internationalsportingsolutions.com,,,United Kingdom
Oman,StudyIn,https://www.studyin-uk.com,,,
Oman,Acceptix,https://www.acceptix.com,,,
Oman,AHZ Associates,https://www.ahzassociates.com,info@ahzassociates.co.uk,,"London, United Kingdom"
Oman,Crizac Ltd (Gateway Abroad),https://www.crizac.co.uk,,,United Kingdom
Oman,Edvoy Educational Services Ltd.,https://www.edvoy.com,,,United Kingdom
Oman,Global Study UK,https://www.globalstudyuk.com,,,
Oman,AUG Study Services,https://www.aug.edu,,,
Oman,LCI Group (Liu Cheng International Group Ltd),https://www.lcieducation.com,,,
Oman,IDP Education (UK) Limited,https://www.idp.com,ukclientpartnerships@idp.com,+61-3-9612-4400,"69-79 Fulham High Street, London SW6 3JW, UK"
Oman,AECC Global,https://www.aeccglobal.com,clientrelations@aeccglobal.com,+61-481739343,"20 Queen Street, Melbourne, Victoria 3000, Australia"
Oman,IECC trading as Campora,https://www.campora.co.uk,,,
Oman,KC Overseas Education Pvt. Ltd.,https://www.kcoverseas.com,,,
Oman,Leap GeeBee Edtech Pvt. Ltd,https://www.geebee.com,,,
Oman,QS StudentApply,https://www.qs.com,,,
Oman,Amber Education Services Ltd,https://www.ambereducation.co.uk,,,
Oman,Education International Cooperation (EIC) Group Limited,https://www.eic.org.cn,,,China
Oman,InterGreat Education Group Ltd,https://www.intergreateducation.com,,,
Oman,OxBridge Holdings Inc.,https://www.oxbridge.cn,,,China
Oman,UKEC,https://www.ukec.com,,,
Oman,Savvides Institute,https://www.savvides.com.cy,,,Cyprus
Oman,British Canadian International Education (BCIE),https://www.bcieglobal.com,,,
Oman,Aston Education,https://www.astonhongkong.com,info@aston.edu.hk,+852 2866 9933,"5th Floor, Office Plus @ Wanchai, 303 Hennessy Road, Wan Chai, Hong Kong"
Oman,Edwise International LLP,https://www.edwiseinternational.com,,,
Oman,IPC - International Placewell Consultants Pvt Ltd,https://www.ipcglobal.co.in,,,
Oman,GoStudy International,https://www.gostudy.co.id,,,Indonesia
Oman,ICAN Education,https://www.icaneducation.co.id,,,
Oman,Uniserv Education,https://www.uniserv.co.ke,,,Kenya
Oman,INTI Universal Holdings Sdn Bhd,https://www.inti.edu.my,,,"Nilai, Negeri Sembilan, Malaysia"
Oman,MABECS,https://www.mabecs.com,,,
Oman,Taylor's Malaysia Sdn Bhd,https://www.taylors.edu.my,,,"1 Jalan Taylor's, 47500 Subang Jaya, Selangor, Malaysia"
Oman,Global Study Partners Pty Ltd trading as upGrad GSP,https://www.upgradgsp.com,,,Australia
Pakistan,British Council Office,https://www.britishcouncil.org,,,
Pakistan,International Sporting Solutions Ltd,https://www.internationalsportingsolutions.com,,,United Kingdom
Pakistan,StudyIn,https://www.studyin-uk.com,,,
Pakistan,Acceptix,https://www.acceptix.com,,,
Pakistan,AHZ Associates,https://www.ahzassociates.com,info@ahzassociates.co.uk,,"London, United Kingdom"
Pakistan,Crizac Ltd (Gateway Abroad),https://www.crizac.co.uk,,,United Kingdom
Pakistan,Edvoy Educational Services Ltd.,https://www.edvoy.com,,,United Kingdom
Pakistan,Global Study UK,https://www.globalstudyuk.com,,,
Pakistan,AUG Study Services,https://www.aug.edu,,,
Pakistan,LCI Group (Liu Cheng International Group Ltd),https://www.lcieducation.com,,,
Pakistan,IDP Education (UK) Limited,https://www.idp.com,ukclientpartnerships@idp.com,+61-3-9612-4400,"69-79 Fulham High Street, London SW6 3JW, UK"
Pakistan,AECC Global,https://www.aeccglobal.com,clientrelations@aeccglobal.com,+61-481739343,"20 Queen Street, Melbourne, Victoria 3000, Australia"
Pakistan,IECC trading as Campora,https://www.campora.co.uk,,,
Pakistan,KC Overseas Education Pvt. Ltd.,https://www.kcoverseas.com,,,
Pakistan,Leap GeeBee Edtech Pvt. Ltd,https://www.geebee.com,,,
Pakistan,QS StudentApply,https://www.qs.com,,,
Pakistan,Amber Education Services Ltd,https://www.ambereducation.co.uk,,,
Pakistan,Education International Cooperation (EIC) Group Limited,https://www.eic.org.cn,,,China
Pakistan,InterGreat Education Group Ltd,https://www.intergreateducation.com,,,
Pakistan,OxBridge Holdings Inc.,https://www.oxbridge.cn,,,China
Pakistan,UKEC,https://www.ukec.com,,,
Pakistan,Savvides Institute,https://www.savvides.com.cy,,,Cyprus
Pakistan,British Canadian International Education (BCIE),https://www.bcieglobal.com,,,
Pakistan,Aston Education,https://www.astonhongkong.com,info@aston.edu.hk,+852 2866 9933,"5th Floor, Office Plus @ Wanchai, 303 Hennessy Road, Wan Chai, Hong Kong"
Pakistan,Edwise International LLP,https://www.edwiseinternational.com,,,
Pakistan,IPC - International Placewell Consultants Pvt Ltd,https://www.ipcglobal.co.in,,,
Pakistan,GoStudy International,https://www.gostudy.co.id,,,Indonesia
Pakistan,ICAN Education,https://www.icaneducation.co.id,,,
Pakistan,Uniserv Education,https://www.uniserv.co.ke,,,Kenya
Pakistan,INTI Universal Holdings Sdn Bhd,https://www.inti.edu.my,,,"Nilai, Negeri Sembilan, Malaysia"
Pakistan,MABECS,https://www.mabecs.com,,,
Pakistan,Taylor's Malaysia Sdn Bhd,https://www.taylors.edu.my,,,"1 Jalan Taylor's, 47500 Subang Jaya, Selangor, Malaysia"
Pakistan,Global Study Partners Pty Ltd trading as upGrad GSP,https://www.upgradgsp.com,,,Australia
Palestinian National Authority,British Council Office,https://www.britishcouncil.org,,,
Palestinian National Authority,International Sporting Solutions Ltd,https://www.internationalsportingsolutions.com,,,United Kingdom
Palestinian National Authority,StudyIn,https://www.studyin-uk.com,,,
Palestinian National Authority,Acceptix,https://www.acceptix.com,,,
Palestinian National Authority,AHZ Associates,https://www.ahzassociates.com,info@ahzassociates.co.uk,,"London, United Kingdom"
Palestinian National Authority,Crizac Ltd (Gateway Abroad),https://www.crizac.co.uk,,,United Kingdom
Palestinian National Authority,Edvoy Educational Services Ltd.,https://www.edvoy.com,,,United Kingdom
Palestinian National Authority,Global Study UK,https://www.globalstudyuk.com,,,
Palestinian National Authority,AUG Study Services,https://www.aug.edu,,,
Palestinian National Authority,LCI Group (Liu Cheng International Group Ltd),https://www.lcieducation.com,,,
Palestinian National Authority,IDP Education (UK) Limited,https://www.idp.com,ukclientpartnerships@idp.com,+61-3-9612-4400,"69-79 Fulham High Street, London SW6 3JW, UK"
Palestinian National Authority,AECC Global,https://www.aeccglobal.com,clientrelations@aeccglobal.com,+61-481739343,"20 Queen Street, Melbourne, Victoria 3000, Australia"
Palestinian National Authority,IECC trading as Campora,https://www.campora.co.uk,,,
Palestinian National Authority,KC Overseas Education Pvt. Ltd.,https://www.kcoverseas.com,,,
Palestinian National Authority,Leap GeeBee Edtech Pvt. Ltd,https://www.geebee.com,,,
Palestinian National Authority,QS StudentApply,https://www.qs.com,,,
Palestinian National Authority,Amber Education Services Ltd,https://www.ambereducation.co.uk,,,
Palestinian National Authority,Education International Cooperation (EIC) Group Limited,https://www.eic.org.cn,,,China
Palestinian National Authority,InterGreat Education Group Ltd,https://www.intergreateducation.com,,,
Palestinian National Authority,OxBridge Holdings Inc.,https://www.oxbridge.cn,,,China
Palestinian National Authority,UKEC,https://www.ukec.com,,,
Palestinian National Authority,Savvides Institute,https://www.savvides.com.cy,,,Cyprus
Palestinian National Authority,British Canadian International Education (BCIE),https://www.bcieglobal.com,,,
Palestinian National Authority,Aston Education,https://www.astonhongkong.com,info@aston.edu.hk,+852 2866 9933,"5th Floor, Office Plus @ Wanchai, 303 Hennessy Road, Wan Chai, Hong Kong"
Palestinian National Authority,Edwise International LLP,https://www.edwiseinternational.com,,,
Palestinian National Authority,IPC - International Placewell Consultants Pvt Ltd,https://www.ipcglobal.co.in,,,
Palestinian National Authority,GoStudy International,https://www.gostudy.co.id,,,Indonesia
Palestinian National Authority,ICAN Education,https://www.icaneducation.co.id,,,
Palestinian National Authority,Uniserv Education,https://www.uniserv.co.ke,,,Kenya
Palestinian National Authority,INTI Universal Holdings Sdn Bhd,https://www.inti.edu.my,,,"Nilai, Negeri Sembilan, Malaysia"
Palestinian National Authority,MABECS,https://www.mabecs.com,,,
Palestinian National Authority,Taylor's Malaysia Sdn Bhd,https://www.taylors.edu.my,,,"1 Jalan Taylor's, 47500 Subang Jaya, Selangor, Malaysia"
Palestinian National Authority,Global Study Partners Pty Ltd trading as upGrad GSP,https://www.upgradgsp.com,,,Australia
Panama,British Council Office,https://www.britishcouncil.org,,,
Panama,International Sporting Solutions Ltd,https://www.internationalsportingsolutions.com,,,United Kingdom
Panama,StudyIn,https://www.studyin-uk.com,,,
Panama,Acceptix,https://www.acceptix.com,,,
Panama,AHZ Associates,https://www.ahzassociates.com,info@ahzassociates.co.uk,,"London, United Kingdom"
Panama,Crizac Ltd (Gateway Abroad),https://www.crizac.co.uk,,,United Kingdom
Panama,Edvoy Educational Services Ltd.,https://www.edvoy.com,,,United Kingdom
Panama,Global Study UK,https://www.globalstudyuk.com,,,
Panama,AUG Study Services,https://www.aug.edu,,,
Panama,LCI Group (Liu Cheng International Group Ltd),https://www.lcieducation.com,,,
Panama,IDP Education (UK) Limited,https://www.idp.com,ukclientpartnerships@idp.com,+61-3-9612-4400,"69-79 Fulham High Street, London SW6 3JW, UK"
Panama,AECC Global,https://www.aeccglobal.com,clientrelations@aeccglobal.com,+61-481739343,"20 Queen Street, Melbourne, Victoria 3000, Australia"
Panama,IECC trading as Campora,https://www.campora.co.uk,,,
Panama,KC Overseas Education Pvt. Ltd.,https://www.kcoverseas.com,,,
Panama,Leap GeeBee Edtech Pvt. Ltd,https://www.geebee.com,,,
Panama,QS StudentApply,https://www.qs.com,,,
Panama,Amber Education Services Ltd,https://www.ambereducation.co.uk,,,
Panama,Education International Cooperation (EIC) Group Limited,https://www.eic.org.cn,,,China
Panama,InterGreat Education Group Ltd,https://www.intergreateducation.com,,,
Panama,OxBridge Holdings Inc.,https://www.oxbridge.cn,,,China
Panama,UKEC,https://www.ukec.com,,,
Panama,Savvides Institute,https://www.savvides.com.cy,,,Cyprus
Panama,British Canadian International Education (BCIE),https://www.bcieglobal.com,,,
Panama,Aston Education,https://www.astonhongkong.com,info@aston.edu.hk,+852 2866 9933,"5th Floor, Office Plus @ Wanchai, 303 Hennessy Road, Wan Chai, Hong Kong"
Panama,Edwise International LLP,https://www.edwiseinternational.com,,,
Panama,IPC - International Placewell Consultants Pvt Ltd,https://www.ipcglobal.co.in,,,
Panama,GoStudy International,https://www.gostudy.co.id,,,Indonesia
Panama,ICAN Education,https://www.icaneducation.co.id,,,
Panama,Uniserv Education,https://www.uniserv.co.ke,,,Kenya
Panama,INTI Universal Holdings Sdn Bhd,https://www.inti.edu.my,,,"Nilai, Negeri Sembilan, Malaysia"
Panama,MABECS,https://www.mabecs.com,,,
Panama,Taylor's Malaysia Sdn Bhd,https://www.taylors.edu.my,,,"1 Jalan Taylor's, 47500 Subang Jaya, Selangor, Malaysia"
Panama,Global Study Partners Pty Ltd trading as upGrad GSP,https://www.upgradgsp.com,,,Australia
Philippines,British Council Office,https://www.britishcouncil.org,,,
Philippines,International Sporting Solutions Ltd,https://www.internationalsportingsolutions.com,,,United Kingdom
Philippines,StudyIn,https://www.studyin-uk.com,,,
Philippines,Acceptix,https://www.acceptix.com,,,
Philippines,AHZ Associates,https://www.ahzassociates.com,info@ahzassociates.co.uk,,"London, United Kingdom"
Philippines,Crizac Ltd (Gateway Abroad),https://www.crizac.co.uk,,,United Kingdom
Philippines,Edvoy Educational Services Ltd.,https://www.edvoy.com,,,United Kingdom
Philippines,Global Study UK,https://www.globalstudyuk.com,,,
Philippines,AUG Study Services,https://www.aug.edu,,,
Philippines,LCI Group (Liu Cheng International Group Ltd),https://www.lcieducation.com,,,
Philippines,IDP Education (UK) Limited,https://www.idp.com,ukclientpartnerships@idp.com,+61-3-9612-4400,"69-79 Fulham High Street, London SW6 3JW, UK"
Philippines,AECC Global,https://www.aeccglobal.com,clientrelations@aeccglobal.com,+61-481739343,"20 Queen Street, Melbourne, Victoria 3000, Australia"
Philippines,IECC trading as Campora,https://www.campora.co.uk,,,
Philippines,KC Overseas Education Pvt. Ltd.,https://www.kcoverseas.com,,,
Philippines,Leap GeeBee Edtech Pvt. Ltd,https://www.geebee.com,,,
Philippines,QS StudentApply,https://www.qs.com,,,
Philippines,Amber Education Services Ltd,https://www.ambereducation.co.uk,,,
Philippines,Education International Cooperation (EIC) Group Limited,https://www.eic.org.cn,,,China
Philippines,InterGreat Education Group Ltd,https://www.intergreateducation.com,,,
Philippines,OxBridge Holdings Inc.,https://www.oxbridge.cn,,,China
Philippines,UKEC,https://www.ukec.com,,,
Philippines,Savvides Institute,https://www.savvides.com.cy,,,Cyprus
Philippines,British Canadian International Education (BCIE),https://www.bcieglobal.com,,,
Philippines,Aston Education,https://www.astonhongkong.com,info@aston.edu.hk,+852 2866 9933,"5th Floor, Office Plus @ Wanchai, 303 Hennessy Road, Wan Chai, Hong Kong"
Philippines,Edwise International LLP,https://www.edwiseinternational.com,,,
Philippines,IPC - International Placewell Consultants Pvt Ltd,https://www.ipcglobal.co.in,,,
Philippines,GoStudy International,https://www.gostudy.co.id,,,Indonesia
Philippines,ICAN Education,https://www.icaneducation.co.id,,,
Philippines,Uniserv Education,https://www.uniserv.co.ke,,,Kenya
Philippines,INTI Universal Holdings Sdn Bhd,https://www.inti.edu.my,,,"Nilai, Negeri Sembilan, Malaysia"
Philippines,MABECS,https://www.mabecs.com,,,
Philippines,Taylor's Malaysia Sdn Bhd,https://www.taylors.edu.my,,,"1 Jalan Taylor's, 47500 Subang Jaya, Selangor, Malaysia"
Philippines,Global Study Partners Pty Ltd trading as upGrad GSP,https://www.upgradgsp.com,,,Australia
Poland,British Council Office,https://www.britishcouncil.org,,,
Poland,International Sporting Solutions Ltd,https://www.internationalsportingsolutions.com,,,United Kingdom
Poland,StudyIn,https://www.studyin-uk.com,,,
Poland,Acceptix,https://www.acceptix.com,,,
Poland,AHZ Associates,https://www.ahzassociates.com,info@ahzassociates.co.uk,,"London, United Kingdom"
Poland,Crizac Ltd (Gateway Abroad),https://www.crizac.co.uk,,,United Kingdom
Poland,Edvoy Educational Services Ltd.,https://www.edvoy.com,,,United Kingdom
Poland,Global Study UK,https://www.globalstudyuk.com,,,
Poland,AUG Study Services,https://www.aug.edu,,,
Poland,LCI Group (Liu Cheng International Group Ltd),https://www.lcieducation.com,,,
Poland,IDP Education (UK) Limited,https://www.idp.com,ukclientpartnerships@idp.com,+61-3-9612-4400,"69-79 Fulham High Street, London SW6 3JW, UK"
Poland,AECC Global,https://www.aeccglobal.com,clientrelations@aeccglobal.com,+61-481739343,"20 Queen Street, Melbourne, Victoria 3000, Australia"
Poland,IECC trading as Campora,https://www.campora.co.uk,,,
Poland,KC Overseas Education Pvt. Ltd.,https://www.kcoverseas.com,,,
Poland,Leap GeeBee Edtech Pvt. Ltd,https://www.geebee.com,,,
Poland,QS StudentApply,https://www.qs.com,,,
Poland,Amber Education Services Ltd,https://www.ambereducation.co.uk,,,
Poland,Education International Cooperation (EIC) Group Limited,https://www.eic.org.cn,,,China
Poland,InterGreat Education Group Ltd,https://www.intergreateducation.com,,,
Poland,OxBridge Holdings Inc.,https://www.oxbridge.cn,,,China
Poland,UKEC,https://www.ukec.com,,,
Poland,Savvides Institute,https://www.savvides.com.cy,,,Cyprus
Poland,British Canadian International Education (BCIE),https://www.bcieglobal.com,,,
Poland,Aston Education,https://www.astonhongkong.com,info@aston.edu.hk,+852 2866 9933,"5th Floor, Office Plus @ Wanchai, 303 Hennessy Road, Wan Chai, Hong Kong"
Poland,Edwise International LLP,https://www.edwiseinternational.com,,,
Poland,IPC - International Placewell Consultants Pvt Ltd,https://www.ipcglobal.co.in,,,
Poland,GoStudy International,https://www.gostudy.co.id,,,Indonesia
Poland,ICAN Education,https://www.icaneducation.co.id,,,
Poland,Uniserv Education,https://www.uniserv.co.ke,,,Kenya
Poland,INTI Universal Holdings Sdn Bhd,https://www.inti.edu.my,,,"Nilai, Negeri Sembilan, Malaysia"
Poland,MABECS,https://www.mabecs.com,,,
Poland,Taylor's Malaysia Sdn Bhd,https://www.taylors.edu.my,,,"1 Jalan Taylor's, 47500 Subang Jaya, Selangor, Malaysia"
Poland,Global Study Partners Pty Ltd trading as upGrad GSP,https://www.upgradgsp.com,,,Australia
Portugal,British Council Office,https://www.britishcouncil.org,,,
Portugal,International Sporting Solutions Ltd,https://www.internationalsportingsolutions.com,,,United Kingdom
Portugal,StudyIn,https://www.studyin-uk.com,,,
Portugal,Acceptix,https://www.acceptix.com,,,
Portugal,AHZ Associates,https://www.ahzassociates.com,info@ahzassociates.co.uk,,"London, United Kingdom"
Portugal,Crizac Ltd (Gateway Abroad),https://www.crizac.co.uk,,,United Kingdom
Portugal,Edvoy Educational Services Ltd.,https://www.edvoy.com,,,United Kingdom
Portugal,Global Study UK,https://www.globalstudyuk.com,,,
Portugal,AUG Study Services,https://www.aug.edu,,,
Portugal,LCI Group (Liu Cheng International Group Ltd),https://www.lcieducation.com,,,
Portugal,IDP Education (UK) Limited,https://www.idp.com,ukclientpartnerships@idp.com,+61-3-9612-4400,"69-79 Fulham High Street, London SW6 3JW, UK"
Portugal,AECC Global,https://www.aeccglobal.com,clientrelations@aeccglobal.com,+61-481739343,"20 Queen Street, Melbourne, Victoria 3000, Australia"
Portugal,IECC trading as Campora,https://www.campora.co.uk,,,
Portugal,KC Overseas Education Pvt. Ltd.,https://www.kcoverseas.com,,,
Portugal,Leap GeeBee Edtech Pvt. Ltd,https://www.geebee.com,,,
Portugal,QS StudentApply,https://www.qs.com,,,
Portugal,Amber Education Services Ltd,https://www.ambereducation.co.uk,,,
Portugal,Education International Cooperation (EIC) Group Limited,https://www.eic.org.cn,,,China
Portugal,InterGreat Education Group Ltd,https://www.intergreateducation.com,,,
Portugal,OxBridge Holdings Inc.,https://www.oxbridge.cn,,,China
Portugal,UKEC,https://www.ukec.com,,,
Portugal,Savvides Institute,https://www.savvides.com.cy,,,Cyprus
Portugal,British Canadian International Education (BCIE),https://www.bcieglobal.com,,,
Portugal,Aston Education,https://www.astonhongkong.com,info@aston.edu.hk,+852 2866 9933,"5th Floor, Office Plus @ Wanchai, 303 Hennessy Road, Wan Chai, Hong Kong"
Portugal,Edwise International LLP,https://www.edwiseinternational.com,,,
Portugal,IPC - International Placewell Consultants Pvt Ltd,https://www.ipcglobal.co.in,,,
Portugal,GoStudy International,https://www.gostudy.co.id,,,Indonesia
Portugal,ICAN Education,https://www.icaneducation.co.id,,,
Portugal,Uniserv Education,https://www.uniserv.co.ke,,,Kenya
Portugal,INTI Universal Holdings Sdn Bhd,https://www.inti.edu.my,,,"Nilai, Negeri Sembilan, Malaysia"
Portugal,MABECS,https://www.mabecs.com,,,
Portugal,Taylor's Malaysia Sdn Bhd,https://www.taylors.edu.my,,,"1 Jalan Taylor's, 47500 Subang Jaya, Selangor, Malaysia"
Portugal,Global Study Partners Pty Ltd trading as upGrad GSP,https://www.upgradgsp.com,,,Australia
Qatar,British Council Office,https://www.britishcouncil.org,,,
Qatar,International Sporting Solutions Ltd,https://www.internationalsportingsolutions.com,,,United Kingdom
Qatar,StudyIn,https://www.studyin-uk.com,,,
Qatar,Acceptix,https://www.acceptix.com,,,
Qatar,AHZ Associates,https://www.ahzassociates.com,info@ahzassociates.co.uk,,"London, United Kingdom"
Qatar,Crizac Ltd (Gateway Abroad),https://www.crizac.co.uk,,,United Kingdom
Qatar,Edvoy Educational Services Ltd.,https://www.edvoy.com,,,United Kingdom
Qatar,Global Study UK,https://www.globalstudyuk.com,,,
Qatar,AUG Study Services,https://www.aug.edu,,,
Qatar,LCI Group (Liu Cheng International Group Ltd),https://www.lcieducation.com,,,
Qatar,IDP Education (UK) Limited,https://www.idp.com,ukclientpartnerships@idp.com,+61-3-9612-4400,"69-79 Fulham High Street, London SW6 3JW, UK"
Qatar,AECC Global,https://www.aeccglobal.com,clientrelations@aeccglobal.com,+61-481739343,"20 Queen Street, Melbourne, Victoria 3000, Australia"
Qatar,IECC trading as Campora,https://www.campora.co.uk,,,
Qatar,KC Overseas Education Pvt. Ltd.,https://www.kcoverseas.com,,,
Qatar,Leap GeeBee Edtech Pvt. Ltd,https://www.geebee.com,,,
Qatar,QS StudentApply,https://www.qs.com,,,
Qatar,Amber Education Services Ltd,https://www.ambereducation.co.uk,,,
Qatar,Education International Cooperation (EIC) Group Limited,https://www.eic.org.cn,,,China
Qatar,InterGreat Education Group Ltd,https://www.intergreateducation.com,,,
Qatar,OxBridge Holdings Inc.,https://www.oxbridge.cn,,,China
Qatar,UKEC,https://www.ukec.com,,,
Qatar,Savvides Institute,https://www.savvides.com.cy,,,Cyprus
Qatar,British Canadian International Education (BCIE),https://www.bcieglobal.com,,,
Qatar,Aston Education,https://www.astonhongkong.com,info@aston.edu.hk,+852 2866 9933,"5th Floor, Office Plus @ Wanchai, 303 Hennessy Road, Wan Chai, Hong Kong"
Qatar,Edwise International LLP,https://www.edwiseinternational.com,,,
Qatar,IPC - International Placewell Consultants Pvt Ltd,https://www.ipcglobal.co.in,,,
Qatar,GoStudy International,https://www.gostudy.co.id,,,Indonesia
Qatar,ICAN Education,https://www.icaneducation.co.id,,,
Qatar,Uniserv Education,https://www.uniserv.co.ke,,,Kenya
Qatar,INTI Universal Holdings Sdn Bhd,https://www.inti.edu.my,,,"Nilai, Negeri Sembilan, Malaysia"
Qatar,MABECS,https://www.mabecs.com,,,
Qatar,Taylor's Malaysia Sdn Bhd,https://www.taylors.edu.my,,,"1 Jalan Taylor's, 47500 Subang Jaya, Selangor, Malaysia"
Qatar,Global Study Partners Pty Ltd trading as upGrad GSP,https://www.upgradgsp.com,,,Australia
Romania,British Council Office,https://www.britishcouncil.org,,,
Romania,International Sporting Solutions Ltd,https://www.internationalsportingsolutions.com,,,United Kingdom
Romania,StudyIn,https://www.studyin-uk.com,,,
Romania,Acceptix,https://www.acceptix.com,,,
Romania,AHZ Associates,https://www.ahzassociates.com,info@ahzassociates.co.uk,,"London, United Kingdom"
Romania,Crizac Ltd (Gateway Abroad),https://www.crizac.co.uk,,,United Kingdom
Romania,Edvoy Educational Services Ltd.,https://www.edvoy.com,,,United Kingdom
Romania,Global Study UK,https://www.globalstudyuk.com,,,
Romania,AUG Study Services,https://www.aug.edu,,,
Romania,LCI Group (Liu Cheng International Group Ltd),https://www.lcieducation.com,,,
Romania,IDP Education (UK) Limited,https://www.idp.com,ukclientpartnerships@idp.com,+61-3-9612-4400,"69-79 Fulham High Street, London SW6 3JW, UK"
Romania,AECC Global,https://www.aeccglobal.com,clientrelations@aeccglobal.com,+61-481739343,"20 Queen Street, Melbourne, Victoria 3000, Australia"
Romania,IECC trading as Campora,https://www.campora.co.uk,,,
Romania,KC Overseas Education Pvt. Ltd.,https://www.kcoverseas.com,,,
Romania,Leap GeeBee Edtech Pvt. Ltd,https://www.geebee.com,,,
Romania,QS StudentApply,https://www.qs.com,,,
Romania,Amber Education Services Ltd,https://www.ambereducation.co.uk,,,
Romania,Education International Cooperation (EIC) Group Limited,https://www.eic.org.cn,,,China
Romania,InterGreat Education Group Ltd,https://www.intergreateducation.com,,,
Romania,OxBridge Holdings Inc.,https://www.oxbridge.cn,,,China
Romania,UKEC,https://www.ukec.com,,,
Romania,Savvides Institute,https://www.savvides.com.cy,,,Cyprus
Romania,British Canadian International Education (BCIE),https://www.bcieglobal.com,,,
Romania,Aston Education,https://www.astonhongkong.com,info@aston.edu.hk,+852 2866 9933,"5th Floor, Office Plus @ Wanchai, 303 Hennessy Road, Wan Chai, Hong Kong"
Romania,Edwise International LLP,https://www.edwiseinternational.com,,,
Romania,IPC - International Placewell Consultants Pvt Ltd,https://www.ipcglobal.co.in,,,
Romania,GoStudy International,https://www.gostudy.co.id,,,Indonesia
Romania,ICAN Education,https://www.icaneducation.co.id,,,
Romania,Uniserv Education,https://www.uniserv.co.ke,,,Kenya
Romania,INTI Universal Holdings Sdn Bhd,https://www.inti.edu.my,,,"Nilai, Negeri Sembilan, Malaysia"
Romania,MABECS,https://www.mabecs.com,,,
Romania,Taylor's Malaysia Sdn Bhd,https://www.taylors.edu.my,,,"1 Jalan Taylor's, 47500 Subang Jaya, Selangor, Malaysia"
Romania,Global Study Partners Pty Ltd trading as upGrad GSP,https://www.upgradgsp.com,,,Australia
Russian Federation,British Council Office,https://www.britishcouncil.org,,,
Russian Federation,International Sporting Solutions Ltd,https://www.internationalsportingsolutions.com,,,United Kingdom
Russian Federation,StudyIn,https://www.studyin-uk.com,,,
Russian Federation,Acceptix,https://www.acceptix.com,,,
Russian Federation,AHZ Associates,https://www.ahzassociates.com,info@ahzassociates.co.uk,,"London, United Kingdom"
Russian Federation,Crizac Ltd (Gateway Abroad),https://www.crizac.co.uk,,,United Kingdom
Russian Federation,Edvoy Educational Services Ltd.,https://www.edvoy.com,,,United Kingdom
Russian Federation,Global Study UK,https://www.globalstudyuk.com,,,
Russian Federation,AUG Study Services,https://www.aug.edu,,,
Russian Federation,LCI Group (Liu Cheng International Group Ltd),https://www.lcieducation.com,,,
Russian Federation,IDP Education (UK) Limited,https://www.idp.com,ukclientpartnerships@idp.com,+61-3-9612-4400,"69-79 Fulham High Street, London SW6 3JW, UK"
Russian Federation,AECC Global,https://www.aeccglobal.com,clientrelations@aeccglobal.com,+61-481739343,"20 Queen Street, Melbourne, Victoria 3000, Australia"
Russian Federation,IECC trading as Campora,https://www.campora.co.uk,,,
Russian Federation,KC Overseas Education Pvt. Ltd.,https://www.kcoverseas.com,,,
Russian Federation,Leap GeeBee Edtech Pvt. Ltd,https://www.geebee.com,,,
Russian Federation,QS StudentApply,https://www.qs.com,,,
Russian Federation,Amber Education Services Ltd,https://www.ambereducation.co.uk,,,
Russian Federation,Education International Cooperation (EIC) Group Limited,https://www.eic.org.cn,,,China
Russian Federation,InterGreat Education Group Ltd,https://www.intergreateducation.com,,,
Russian Federation,OxBridge Holdings Inc.,https://www.oxbridge.cn,,,China
Russian Federation,UKEC,https://www.ukec.com,,,
Russian Federation,Savvides Institute,https://www.savvides.com.cy,,,Cyprus
Russian Federation,British Canadian International Education (BCIE),https://www.bcieglobal.com,,,
Russian Federation,Aston Education,https://www.astonhongkong.com,info@aston.edu.hk,+852 2866 9933,"5th Floor, Office Plus @ Wanchai, 303 Hennessy Road, Wan Chai, Hong Kong"
Russian Federation,Edwise International LLP,https://www.edwiseinternational.com,,,
Russian Federation,IPC - International Placewell Consultants Pvt Ltd,https://www.ipcglobal.co.in,,,
Russian Federation,GoStudy International,https://www.gostudy.co.id,,,Indonesia
Russian Federation,ICAN Education,https://www.icaneducation.co.id,,,
Russian Federation,Uniserv Education,https://www.uniserv.co.ke,,,Kenya
Russian Federation,INTI Universal Holdings Sdn Bhd,https://www.inti.edu.my,,,"Nilai, Negeri Sembilan, Malaysia"
Russian Federation,MABECS,https://www.mabecs.com,,,
Russian Federation,Taylor's Malaysia Sdn Bhd,https://www.taylors.edu.my,,,"1 Jalan Taylor's, 47500 Subang Jaya, Selangor, Malaysia"
Russian Federation,Global Study Partners Pty Ltd trading as upGrad GSP,https://www.upgradgsp.com,,,Australia
San Marino,British Council Office,https://www.britishcouncil.org,,,
San Marino,International Sporting Solutions Ltd,https://www.internationalsportingsolutions.com,,,United Kingdom
San Marino,StudyIn,https://www.studyin-uk.com,,,
San Marino,Acceptix,https://www.acceptix.com,,,
San Marino,AHZ Associates,https://www.ahzassociates.com,info@ahzassociates.co.uk,,"London, United Kingdom"
San Marino,Crizac Ltd (Gateway Abroad),https://www.crizac.co.uk,,,United Kingdom
San Marino,Edvoy Educational Services Ltd.,https://www.edvoy.com,,,United Kingdom
San Marino,Global Study UK,https://www.globalstudyuk.com,,,
San Marino,AUG Study Services,https://www.aug.edu,,,
San Marino,LCI Group (Liu Cheng International Group Ltd),https://www.lcieducation.com,,,
San Marino,IDP Education (UK) Limited,https://www.idp.com,ukclientpartnerships@idp.com,+61-3-9612-4400,"69-79 Fulham High Street, London SW6 3JW, UK"
San Marino,AECC Global,https://www.aeccglobal.com,clientrelations@aeccglobal.com,+61-481739343,"20 Queen Street, Melbourne, Victoria 3000, Australia"
San Marino,IECC trading as Campora,https://www.campora.co.uk,,,
San Marino,KC Overseas Education Pvt. Ltd.,https://www.kcoverseas.com,,,
San Marino,Leap GeeBee Edtech Pvt. Ltd,https://www.geebee.com,,,
San Marino,QS StudentApply,https://www.qs.com,,,
San Marino,Amber Education Services Ltd,https://www.ambereducation.co.uk,,,
San Marino,Education International Cooperation (EIC) Group Limited,https://www.eic.org.cn,,,China
San Marino,InterGreat Education Group Ltd,https://www.intergreateducation.com,,,
San Marino,OxBridge Holdings Inc.,https://www.oxbridge.cn,,,China
San Marino,UKEC,https://www.ukec.com,,,
San Marino,Savvides Institute,https://www.savvides.com.cy,,,Cyprus
San Marino,British Canadian International Education (BCIE),https://www.bcieglobal.com,,,
San Marino,Aston Education,https://www.astonhongkong.com,info@aston.edu.hk,+852 2866 9933,"5th Floor, Office Plus @ Wanchai, 303 Hennessy Road, Wan Chai, Hong Kong"
San Marino,Edwise International LLP,https://www.edwiseinternational.com,,,
San Marino,IPC - International Placewell Consultants Pvt Ltd,https://www.ipcglobal.co.in,,,
San Marino,GoStudy International,https://www.gostudy.co.id,,,Indonesia
San Marino,ICAN Education,https://www.icaneducation.co.id,,,
San Marino,Uniserv Education,https://www.uniserv.co.ke,,,Kenya
San Marino,INTI Universal Holdings Sdn Bhd,https://www.inti.edu.my,,,"Nilai, Negeri Sembilan, Malaysia"
San Marino,MABECS,https://www.mabecs.com,,,
San Marino,Taylor's Malaysia Sdn Bhd,https://www.taylors.edu.my,,,"1 Jalan Taylor's, 47500 Subang Jaya, Selangor, Malaysia"
San Marino,Global Study Partners Pty Ltd trading as upGrad GSP,https://www.upgradgsp.com,,,Australia
Saudi Arabia,British Council Office,https://www.britishcouncil.org,,,
Saudi Arabia,International Sporting Solutions Ltd,https://www.internationalsportingsolutions.com,,,United Kingdom
Saudi Arabia,StudyIn,https://www.studyin-uk.com,,,
Saudi Arabia,Acceptix,https://www.acceptix.com,,,
Saudi Arabia,AHZ Associates,https://www.ahzassociates.com,info@ahzassociates.co.uk,,"London, United Kingdom"
Saudi Arabia,Crizac Ltd (Gateway Abroad),https://www.crizac.co.uk,,,United Kingdom
Saudi Arabia,Edvoy Educational Services Ltd.,https://www.edvoy.com,,,United Kingdom
Saudi Arabia,Global Study UK,https://www.globalstudyuk.com,,,
Saudi Arabia,AUG Study Services,https://www.aug.edu,,,
Saudi Arabia,LCI Group (Liu Cheng International Group Ltd),https://www.lcieducation.com,,,
Saudi Arabia,IDP Education (UK) Limited,https://www.idp.com,ukclientpartnerships@idp.com,+61-3-9612-4400,"69-79 Fulham High Street, London SW6 3JW, UK"
Saudi Arabia,AECC Global,https://www.aeccglobal.com,clientrelations@aeccglobal.com,+61-481739343,"20 Queen Street, Melbourne, Victoria 3000, Australia"
Saudi Arabia,IECC trading as Campora,https://www.campora.co.uk,,,
Saudi Arabia,KC Overseas Education Pvt. Ltd.,https://www.kcoverseas.com,,,
Saudi Arabia,Leap GeeBee Edtech Pvt. Ltd,https://www.geebee.com,,,
Saudi Arabia,QS StudentApply,https://www.qs.com,,,
Saudi Arabia,Amber Education Services Ltd,https://www.ambereducation.co.uk,,,
Saudi Arabia,Education International Cooperation (EIC) Group Limited,https://www.eic.org.cn,,,China
Saudi Arabia,InterGreat Education Group Ltd,https://www.intergreateducation.com,,,
Saudi Arabia,OxBridge Holdings Inc.,https://www.oxbridge.cn,,,China
Saudi Arabia,UKEC,https://www.ukec.com,,,
Saudi Arabia,Savvides Institute,https://www.savvides.com.cy,,,Cyprus
Saudi Arabia,British Canadian International Education (BCIE),https://www.bcieglobal.com,,,
Saudi Arabia,Aston Education,https://www.astonhongkong.com,info@aston.edu.hk,+852 2866 9933,"5th Floor, Office Plus @ Wanchai, 303 Hennessy Road, Wan Chai, Hong Kong"
Saudi Arabia,Edwise International LLP,https://www.edwiseinternational.com,,,
Saudi Arabia,IPC - International Placewell Consultants Pvt Ltd,https://www.ipcglobal.co.in,,,
Saudi Arabia,GoStudy International,https://www.gostudy.co.id,,,Indonesia
Saudi Arabia,ICAN Education,https://www.icaneducation.co.id,,,
Saudi Arabia,Uniserv Education,https://www.uniserv.co.ke,,,Kenya
Saudi Arabia,INTI Universal Holdings Sdn Bhd,https://www.inti.edu.my,,,"Nilai, Negeri Sembilan, Malaysia"
Saudi Arabia,MABECS,https://www.mabecs.com,,,
Saudi Arabia,Taylor's Malaysia Sdn Bhd,https://www.taylors.edu.my,,,"1 Jalan Taylor's, 47500 Subang Jaya, Selangor, Malaysia"
Saudi Arabia,Global Study Partners Pty Ltd trading as upGrad GSP,https://www.upgradgsp.com,,,Australia
Serbia and Montenegro,British Council Office,https://www.britishcouncil.org,,,
Serbia and Montenegro,International Sporting Solutions Ltd,https://www.internationalsportingsolutions.com,,,United Kingdom
Serbia and Montenegro,StudyIn,https://www.studyin-uk.com,,,
Serbia and Montenegro,Acceptix,https://www.acceptix.com,,,
Serbia and Montenegro,AHZ Associates,https://www.ahzassociates.com,info@ahzassociates.co.uk,,"London, United Kingdom"
Serbia and Montenegro,Crizac Ltd (Gateway Abroad),https://www.crizac.co.uk,,,United Kingdom
Serbia and Montenegro,Edvoy Educational Services Ltd.,https://www.edvoy.com,,,United Kingdom
Serbia and Montenegro,Global Study UK,https://www.globalstudyuk.com,,,
Serbia and Montenegro,AUG Study Services,https://www.aug.edu,,,
Serbia and Montenegro,LCI Group (Liu Cheng International Group Ltd),https://www.lcieducation.com,,,
Serbia and Montenegro,IDP Education (UK) Limited,https://www.idp.com,ukclientpartnerships@idp.com,+61-3-9612-4400,"69-79 Fulham High Street, London SW6 3JW, UK"
Serbia and Montenegro,AECC Global,https://www.aeccglobal.com,clientrelations@aeccglobal.com,+61-481739343,"20 Queen Street, Melbourne, Victoria 3000, Australia"
Serbia and Montenegro,IECC trading as Campora,https://www.campora.co.uk,,,
Serbia and Montenegro,KC Overseas Education Pvt. Ltd.,https://www.kcoverseas.com,,,
Serbia and Montenegro,Leap GeeBee Edtech Pvt. Ltd,https://www.geebee.com,,,
Serbia and Montenegro,QS StudentApply,https://www.qs.com,,,
Serbia and Montenegro,Amber Education Services Ltd,https://www.ambereducation.co.uk,,,
Serbia and Montenegro,Education International Cooperation (EIC) Group Limited,https://www.eic.org.cn,,,China
Serbia and Montenegro,InterGreat Education Group Ltd,https://www.intergreateducation.com,,,
Serbia and Montenegro,OxBridge Holdings Inc.,https://www.oxbridge.cn,,,China
Serbia and Montenegro,UKEC,https://www.ukec.com,,,
Serbia and Montenegro,Savvides Institute,https://www.savvides.com.cy,,,Cyprus
Serbia and Montenegro,British Canadian International Education (BCIE),https://www.bcieglobal.com,,,
Serbia and Montenegro,Aston Education,https://www.astonhongkong.com,info@aston.edu.hk,+852 2866 9933,"5th Floor, Office Plus @ Wanchai, 303 Hennessy Road, Wan Chai, Hong Kong"
Serbia and Montenegro,Edwise International LLP,https://www.edwiseinternational.com,,,
Serbia and Montenegro,IPC - International Placewell Consultants Pvt Ltd,https://www.ipcglobal.co.in,,,
Serbia and Montenegro,GoStudy International,https://www.gostudy.co.id,,,Indonesia
Serbia and Montenegro,ICAN Education,https://www.icaneducation.co.id,,,
Serbia and Montenegro,Uniserv Education,https://www.uniserv.co.ke,,,Kenya
Serbia and Montenegro,INTI Universal Holdings Sdn Bhd,https://www.inti.edu.my,,,"Nilai, Negeri Sembilan, Malaysia"
Serbia and Montenegro,MABECS,https://www.mabecs.com,,,
Serbia and Montenegro,Taylor's Malaysia Sdn Bhd,https://www.taylors.edu.my,,,"1 Jalan Taylor's, 47500 Subang Jaya, Selangor, Malaysia"
Serbia and Montenegro,Global Study Partners Pty Ltd trading as upGrad GSP,https://www.upgradgsp.com,,,Australia
Singapore,British Council Office,https://www.britishcouncil.org,,,
Singapore,International Sporting Solutions Ltd,https://www.internationalsportingsolutions.com,,,United Kingdom
Singapore,StudyIn,https://www.studyin-uk.com,,,
Singapore,Acceptix,https://www.acceptix.com,,,
Singapore,AHZ Associates,https://www.ahzassociates.com,info@ahzassociates.co.uk,,"London, United Kingdom"
Singapore,Crizac Ltd (Gateway Abroad),https://www.crizac.co.uk,,,United Kingdom
Singapore,Edvoy Educational Services Ltd.,https://www.edvoy.com,,,United Kingdom
Singapore,Global Study UK,https://www.globalstudyuk.com,,,
Singapore,AUG Study Services,https://www.aug.edu,,,
Singapore,LCI Group (Liu Cheng International Group Ltd),https://www.lcieducation.com,,,
Singapore,IDP Education (UK) Limited,https://www.idp.com,ukclientpartnerships@idp.com,+61-3-9612-4400,"69-79 Fulham High Street, London SW6 3JW, UK"
Singapore,AECC Global,https://www.aeccglobal.com,clientrelations@aeccglobal.com,+61-481739343,"20 Queen Street, Melbourne, Victoria 3000, Australia"
Singapore,IECC trading as Campora,https://www.campora.co.uk,,,
Singapore,KC Overseas Education Pvt. Ltd.,https://www.kcoverseas.com,,,
Singapore,Leap GeeBee Edtech Pvt. Ltd,https://www.geebee.com,,,
Singapore,QS StudentApply,https://www.qs.com,,,
Singapore,Amber Education Services Ltd,https://www.ambereducation.co.uk,,,
Singapore,Education International Cooperation (EIC) Group Limited,https://www.eic.org.cn,,,China
Singapore,InterGreat Education Group Ltd,https://www.intergreateducation.com,,,
Singapore,OxBridge Holdings Inc.,https://www.oxbridge.cn,,,China
Singapore,UKEC,https://www.ukec.com,,,
Singapore,Savvides Institute,https://www.savvides.com.cy,,,Cyprus
Singapore,British Canadian International Education (BCIE),https://www.bcieglobal.com,,,
Singapore,Aston Education,https://www.astonhongkong.com,info@aston.edu.hk,+852 2866 9933,"5th Floor, Office Plus @ Wanchai, 303 Hennessy Road, Wan Chai, Hong Kong"
Singapore,Edwise International LLP,https://www.edwiseinternational.com,,,
Singapore,IPC - International Placewell Consultants Pvt Ltd,https://www.ipcglobal.co.in,,,
Singapore,GoStudy International,https://www.gostudy.co.id,,,Indonesia
Singapore,ICAN Education,https://www.icaneducation.co.id,,,
Singapore,Uniserv Education,https://www.uniserv.co.ke,,,Kenya
Singapore,INTI Universal Holdings Sdn Bhd,https://www.inti.edu.my,,,"Nilai, Negeri Sembilan, Malaysia"
Singapore,MABECS,https://www.mabecs.com,,,
Singapore,Taylor's Malaysia Sdn Bhd,https://www.taylors.edu.my,,,"1 Jalan Taylor's, 47500 Subang Jaya, Selangor, Malaysia"
Singapore,Global Study Partners Pty Ltd trading as upGrad GSP,https://www.upgradgsp.com,,,Australia
Slovenia,British Council Office,https://www.britishcouncil.org,,,
Slovenia,International Sporting Solutions Ltd,https://www.internationalsportingsolutions.com,,,United Kingdom
Slovenia,StudyIn,https://www.studyin-uk.com,,,
Slovenia,Acceptix,https://www.acceptix.com,,,
Slovenia,AHZ Associates,https://www.ahzassociates.com,info@ahzassociates.co.uk,,"London, United Kingdom"
Slovenia,Crizac Ltd (Gateway Abroad),https://www.crizac.co.uk,,,United Kingdom
Slovenia,Edvoy Educational Services Ltd.,https://www.edvoy.com,,,United Kingdom
Slovenia,Global Study UK,https://www.globalstudyuk.com,,,
Slovenia,AUG Study Services,https://www.aug.edu,,,
Slovenia,LCI Group (Liu Cheng International Group Ltd),https://www.lcieducation.com,,,
Slovenia,IDP Education (UK) Limited,https://www.idp.com,ukclientpartnerships@idp.com,+61-3-9612-4400,"69-79 Fulham High Street, London SW6 3JW, UK"
Slovenia,AECC Global,https://www.aeccglobal.com,clientrelations@aeccglobal.com,+61-481739343,"20 Queen Street, Melbourne, Victoria 3000, Australia"
Slovenia,IECC trading as Campora,https://www.campora.co.uk,,,
Slovenia,KC Overseas Education Pvt. Ltd.,https://www.kcoverseas.com,,,
Slovenia,Leap GeeBee Edtech Pvt. Ltd,https://www.geebee.com,,,
Slovenia,QS StudentApply,https://www.qs.com,,,
Slovenia,Amber Education Services Ltd,https://www.ambereducation.co.uk,,,
Slovenia,Education International Cooperation (EIC) Group Limited,https://www.eic.org.cn,,,China
Slovenia,InterGreat Education Group Ltd,https://www.intergreateducation.com,,,
Slovenia,OxBridge Holdings Inc.,https://www.oxbridge.cn,,,China
Slovenia,UKEC,https://www.ukec.com,,,
Slovenia,Savvides Institute,https://www.savvides.com.cy,,,Cyprus
Slovenia,British Canadian International Education (BCIE),https://www.bcieglobal.com,,,
Slovenia,Aston Education,https://www.astonhongkong.com,info@aston.edu.hk,+852 2866 9933,"5th Floor, Office Plus @ Wanchai, 303 Hennessy Road, Wan Chai, Hong Kong"
Slovenia,Edwise International LLP,https://www.edwiseinternational.com,,,
Slovenia,IPC - International Placewell Consultants Pvt Ltd,https://www.ipcglobal.co.in,,,
Slovenia,GoStudy International,https://www.gostudy.co.id,,,Indonesia
Slovenia,ICAN Education,https://www.icaneducation.co.id,,,
Slovenia,Uniserv Education,https://www.uniserv.co.ke,,,Kenya
Slovenia,INTI Universal Holdings Sdn Bhd,https://www.inti.edu.my,,,"Nilai, Negeri Sembilan, Malaysia"
Slovenia,MABECS,https://www.mabecs.com,,,
Slovenia,Taylor's Malaysia Sdn Bhd,https://www.taylors.edu.my,,,"1 Jalan Taylor's, 47500 Subang Jaya, Selangor, Malaysia"
Slovenia,Global Study Partners Pty Ltd trading as upGrad GSP,https://www.upgradgsp.com,,,Australia
South Africa,British Council Office,https://www.britishcouncil.org,,,
South Africa,International Sporting Solutions Ltd,https://www.internationalsportingsolutions.com,,,United Kingdom
South Africa,StudyIn,https://www.studyin-uk.com,,,
South Africa,Acceptix,https://www.acceptix.com,,,
South Africa,AHZ Associates,https://www.ahzassociates.com,info@ahzassociates.co.uk,,"London, United Kingdom"
South Africa,Crizac Ltd (Gateway Abroad),https://www.crizac.co.uk,,,United Kingdom
South Africa,Edvoy Educational Services Ltd.,https://www.edvoy.com,,,United Kingdom
South Africa,Global Study UK,https://www.globalstudyuk.com,,,
South Africa,AUG Study Services,https://www.aug.edu,,,
South Africa,LCI Group (Liu Cheng International Group Ltd),https://www.lcieducation.com,,,
South Africa,IDP Education (UK) Limited,https://www.idp.com,ukclientpartnerships@idp.com,+61-3-9612-4400,"69-79 Fulham High Street, London SW6 3JW, UK"
South Africa,AECC Global,https://www.aeccglobal.com,clientrelations@aeccglobal.com,+61-481739343,"20 Queen Street, Melbourne, Victoria 3000, Australia"
South Africa,IECC trading as Campora,https://www.campora.co.uk,,,
South Africa,KC Overseas Education Pvt. Ltd.,https://www.kcoverseas.com,,,
South Africa,Leap GeeBee Edtech Pvt. Ltd,https://www.geebee.com,,,
South Africa,QS StudentApply,https://www.qs.com,,,
South Africa,Amber Education Services Ltd,https://www.ambereducation.co.uk,,,
South Africa,Education International Cooperation (EIC) Group Limited,https://www.eic.org.cn,,,China
South Africa,InterGreat Education Group Ltd,https://www.intergreateducation.com,,,
South Africa,OxBridge Holdings Inc.,https://www.oxbridge.cn,,,China
South Africa,UKEC,https://www.ukec.com,,,
South Africa,Savvides Institute,https://www.savvides.com.cy,,,Cyprus
South Africa,British Canadian International Education (BCIE),https://www.bcieglobal.com,,,
South Africa,Aston Education,https://www.astonhongkong.com,info@aston.edu.hk,+852 2866 9933,"5th Floor, Office Plus @ Wanchai, 303 Hennessy Road, Wan Chai, Hong Kong"
South Africa,Edwise International LLP,https://www.edwiseinternational.com,,,
South Africa,IPC - International Placewell Consultants Pvt Ltd,https://www.ipcglobal.co.in,,,
South Africa,GoStudy International,https://www.gostudy.co.id,,,Indonesia
South Africa,ICAN Education,https://www.icaneducation.co.id,,,
South Africa,Uniserv Education,https://www.uniserv.co.ke,,,Kenya
South Africa,INTI Universal Holdings Sdn Bhd,https://www.inti.edu.my,,,"Nilai, Negeri Sembilan, Malaysia"
South Africa,MABECS,https://www.mabecs.com,,,
South Africa,Taylor's Malaysia Sdn Bhd,https://www.taylors.edu.my,,,"1 Jalan Taylor's, 47500 Subang Jaya, Selangor, Malaysia"
South Africa,Global Study Partners Pty Ltd trading as upGrad GSP,https://www.upgradgsp.com,,,Australia
Spain,British Council Office,https://www.britishcouncil.org,,,
Spain,International Sporting Solutions Ltd,https://www.internationalsportingsolutions.com,,,United Kingdom
Spain,StudyIn,https://www.studyin-uk.com,,,
Spain,Acceptix,https://www.acceptix.com,,,
Spain,AHZ Associates,https://www.ahzassociates.com,info@ahzassociates.co.uk,,"London, United Kingdom"
Spain,Crizac Ltd (Gateway Abroad),https://www.crizac.co.uk,,,United Kingdom
Spain,Edvoy Educational Services Ltd.,https://www.edvoy.com,,,United Kingdom
Spain,Global Study UK,https://www.globalstudyuk.com,,,
Spain,AUG Study Services,https://www.aug.edu,,,
Spain,LCI Group (Liu Cheng International Group Ltd),https://www.lcieducation.com,,,
Spain,IDP Education (UK) Limited,https://www.idp.com,ukclientpartnerships@idp.com,+61-3-9612-4400,"69-79 Fulham High Street, London SW6 3JW, UK"
Spain,AECC Global,https://www.aeccglobal.com,clientrelations@aeccglobal.com,+61-481739343,"20 Queen Street, Melbourne, Victoria 3000, Australia"
Spain,IECC trading as Campora,https://www.campora.co.uk,,,
Spain,KC Overseas Education Pvt. Ltd.,https://www.kcoverseas.com,,,
Spain,Leap GeeBee Edtech Pvt. Ltd,https://www.geebee.com,,,
Spain,QS StudentApply,https://www.qs.com,,,
Spain,Amber Education Services Ltd,https://www.ambereducation.co.uk,,,
Spain,Education International Cooperation (EIC) Group Limited,https://www.eic.org.cn,,,China
Spain,InterGreat Education Group Ltd,https://www.intergreateducation.com,,,
Spain,OxBridge Holdings Inc.,https://www.oxbridge.cn,,,China
Spain,UKEC,https://www.ukec.com,,,
Spain,Savvides Institute,https://www.savvides.com.cy,,,Cyprus
Spain,British Canadian International Education (BCIE),https://www.bcieglobal.com,,,
Spain,Aston Education,https://www.astonhongkong.com,info@aston.edu.hk,+852 2866 9933,"5th Floor, Office Plus @ Wanchai, 303 Hennessy Road, Wan Chai, Hong Kong"
Spain,Edwise International LLP,https://www.edwiseinternational.com,,,
Spain,IPC - International Placewell Consultants Pvt Ltd,https://www.ipcglobal.co.in,,,
Spain,GoStudy International,https://www.gostudy.co.id,,,Indonesia
Spain,ICAN Education,https://www.icaneducation.co.id,,,
Spain,Uniserv Education,https://www.uniserv.co.ke,,,Kenya
Spain,INTI Universal Holdings Sdn Bhd,https://www.inti.edu.my,,,"Nilai, Negeri Sembilan, Malaysia"
Spain,MABECS,https://www.mabecs.com,,,
Spain,Taylor's Malaysia Sdn Bhd,https://www.taylors.edu.my,,,"1 Jalan Taylor's, 47500 Subang Jaya, Selangor, Malaysia"
Spain,Global Study Partners Pty Ltd trading as upGrad GSP,https://www.upgradgsp.com,,,Australia
Sri Lanka,British Council Office,https://www.britishcouncil.org,,,
Sri Lanka,International Sporting Solutions Ltd,https://www.internationalsportingsolutions.com,,,United Kingdom
Sri Lanka,StudyIn,https://www.studyin-uk.com,,,
Sri Lanka,Acceptix,https://www.acceptix.com,,,
Sri Lanka,AHZ Associates,https://www.ahzassociates.com,info@ahzassociates.co.uk,,"London, United Kingdom"
Sri Lanka,Crizac Ltd (Gateway Abroad),https://www.crizac.co.uk,,,United Kingdom
Sri Lanka,Edvoy Educational Services Ltd.,https://www.edvoy.com,,,United Kingdom
Sri Lanka,Global Study UK,https://www.globalstudyuk.com,,,
Sri Lanka,AUG Study Services,https://www.aug.edu,,,
Sri Lanka,LCI Group (Liu Cheng International Group Ltd),https://www.lcieducation.com,,,
Sri Lanka,IDP Education (UK) Limited,https://www.idp.com,ukclientpartnerships@idp.com,+61-3-9612-4400,"69-79 Fulham High Street, London SW6 3JW, UK"
Sri Lanka,AECC Global,https://www.aeccglobal.com,clientrelations@aeccglobal.com,+61-481739343,"20 Queen Street, Melbourne, Victoria 3000, Australia"
Sri Lanka,IECC trading as Campora,https://www.campora.co.uk,,,
Sri Lanka,KC Overseas Education Pvt. Ltd.,https://www.kcoverseas.com,,,
Sri Lanka,Leap GeeBee Edtech Pvt. Ltd,https://www.geebee.com,,,
Sri Lanka,QS StudentApply,https://www.qs.com,,,
Sri Lanka,Amber Education Services Ltd,https://www.ambereducation.co.uk,,,
Sri Lanka,Education International Cooperation (EIC) Group Limited,https://www.eic.org.cn,,,China
Sri Lanka,InterGreat Education Group Ltd,https://www.intergreateducation.com,,,
Sri Lanka,OxBridge Holdings Inc.,https://www.oxbridge.cn,,,China
Sri Lanka,UKEC,https://www.ukec.com,,,
Sri Lanka,Savvides Institute,https://www.savvides.com.cy,,,Cyprus
Sri Lanka,British Canadian International Education (BCIE),https://www.bcieglobal.com,,,
Sri Lanka,Aston Education,https://www.astonhongkong.com,info@aston.edu.hk,+852 2866 9933,"5th Floor, Office Plus @ Wanchai, 303 Hennessy Road, Wan Chai, Hong Kong"
Sri Lanka,Edwise International LLP,https://www.edwiseinternational.com,,,
Sri Lanka,IPC - International Placewell Consultants Pvt Ltd,https://www.ipcglobal.co.in,,,
Sri Lanka,GoStudy International,https://www.gostudy.co.id,,,Indonesia
Sri Lanka,ICAN Education,https://www.icaneducation.co.id,,,
Sri Lanka,Uniserv Education,https://www.uniserv.co.ke,,,Kenya
Sri Lanka,INTI Universal Holdings Sdn Bhd,https://www.inti.edu.my,,,"Nilai, Negeri Sembilan, Malaysia"
Sri Lanka,MABECS,https://www.mabecs.com,,,
Sri Lanka,Taylor's Malaysia Sdn Bhd,https://www.taylors.edu.my,,,"1 Jalan Taylor's, 47500 Subang Jaya, Selangor, Malaysia"
Sri Lanka,Global Study Partners Pty Ltd trading as upGrad GSP,https://www.upgradgsp.com,,,Australia
Sudan,British Council Office,https://www.britishcouncil.org,,,
Sudan,International Sporting Solutions Ltd,https://www.internationalsportingsolutions.com,,,United Kingdom
Sudan,StudyIn,https://www.studyin-uk.com,,,
Sudan,Acceptix,https://www.acceptix.com,,,
Sudan,AHZ Associates,https://www.ahzassociates.com,info@ahzassociates.co.uk,,"London, United Kingdom"
Sudan,Crizac Ltd (Gateway Abroad),https://www.crizac.co.uk,,,United Kingdom
Sudan,Edvoy Educational Services Ltd.,https://www.edvoy.com,,,United Kingdom
Sudan,Global Study UK,https://www.globalstudyuk.com,,,
Sudan,AUG Study Services,https://www.aug.edu,,,
Sudan,LCI Group (Liu Cheng International Group Ltd),https://www.lcieducation.com,,,
Sudan,IDP Education (UK) Limited,https://www.idp.com,ukclientpartnerships@idp.com,+61-3-9612-4400,"69-79 Fulham High Street, London SW6 3JW, UK"
Sudan,AECC Global,https://www.aeccglobal.com,clientrelations@aeccglobal.com,+61-481739343,"20 Queen Street, Melbourne, Victoria 3000, Australia"
Sudan,IECC trading as Campora,https://www.campora.co.uk,,,
Sudan,KC Overseas Education Pvt. Ltd.,https://www.kcoverseas.com,,,
Sudan,Leap GeeBee Edtech Pvt. Ltd,https://www.geebee.com,,,
Sudan,QS StudentApply,https://www.qs.com,,,
Sudan,Amber Education Services Ltd,https://www.ambereducation.co.uk,,,
Sudan,Education International Cooperation (EIC) Group Limited,https://www.eic.org.cn,,,China
Sudan,InterGreat Education Group Ltd,https://www.intergreateducation.com,,,
Sudan,OxBridge Holdings Inc.,https://www.oxbridge.cn,,,China
Sudan,UKEC,https://www.ukec.com,,,
Sudan,Savvides Institute,https://www.savvides.com.cy,,,Cyprus
Sudan,British Canadian International Education (BCIE),https://www.bcieglobal.com,,,
Sudan,Aston Education,https://www.astonhongkong.com,info@aston.edu.hk,+852 2866 9933,"5th Floor, Office Plus @ Wanchai, 303 Hennessy Road, Wan Chai, Hong Kong"
Sudan,Edwise International LLP,https://www.edwiseinternational.com,,,
Sudan,IPC - International Placewell Consultants Pvt Ltd,https://www.ipcglobal.co.in,,,
Sudan,GoStudy International,https://www.gostudy.co.id,,,Indonesia
Sudan,ICAN Education,https://www.icaneducation.co.id,,,
Sudan,Uniserv Education,https://www.uniserv.co.ke,,,Kenya
Sudan,INTI Universal Holdings Sdn Bhd,https://www.inti.edu.my,,,"Nilai, Negeri Sembilan, Malaysia"
Sudan,MABECS,https://www.mabecs.com,,,
Sudan,Taylor's Malaysia Sdn Bhd,https://www.taylors.edu.my,,,"1 Jalan Taylor's, 47500 Subang Jaya, Selangor, Malaysia"
Sudan,Global Study Partners Pty Ltd trading as upGrad GSP,https://www.upgradgsp.com,,,Australia
Sweden,British Council Office,https://www.britishcouncil.org,,,
Sweden,International Sporting Solutions Ltd,https://www.internationalsportingsolutions.com,,,United Kingdom
Sweden,StudyIn,https://www.studyin-uk.com,,,
Sweden,Acceptix,https://www.acceptix.com,,,
Sweden,AHZ Associates,https://www.ahzassociates.com,info@ahzassociates.co.uk,,"London, United Kingdom"
Sweden,Crizac Ltd (Gateway Abroad),https://www.crizac.co.uk,,,United Kingdom
Sweden,Edvoy Educational Services Ltd.,https://www.edvoy.com,,,United Kingdom
Sweden,Global Study UK,https://www.globalstudyuk.com,,,
Sweden,AUG Study Services,https://www.aug.edu,,,
Sweden,LCI Group (Liu Cheng International Group Ltd),https://www.lcieducation.com,,,
Sweden,IDP Education (UK) Limited,https://www.idp.com,ukclientpartnerships@idp.com,+61-3-9612-4400,"69-79 Fulham High Street, London SW6 3JW, UK"
Sweden,AECC Global,https://www.aeccglobal.com,clientrelations@aeccglobal.com,+61-481739343,"20 Queen Street, Melbourne, Victoria 3000, Australia"
Sweden,IECC trading as Campora,https://www.campora.co.uk,,,
Sweden,KC Overseas Education Pvt. Ltd.,https://www.kcoverseas.com,,,
Sweden,Leap GeeBee Edtech Pvt. Ltd,https://www.geebee.com,,,
Sweden,QS StudentApply,https://www.qs.com,,,
Sweden,Amber Education Services Ltd,https://www.ambereducation.co.uk,,,
Sweden,Education International Cooperation (EIC) Group Limited,https://www.eic.org.cn,,,China
Sweden,InterGreat Education Group Ltd,https://www.intergreateducation.com,,,
Sweden,OxBridge Holdings Inc.,https://www.oxbridge.cn,,,China
Sweden,UKEC,https://www.ukec.com,,,
Sweden,Savvides Institute,https://www.savvides.com.cy,,,Cyprus
Sweden,British Canadian International Education (BCIE),https://www.bcieglobal.com,,,
Sweden,Aston Education,https://www.astonhongkong.com,info@aston.edu.hk,+852 2866 9933,"5th Floor, Office Plus @ Wanchai, 303 Hennessy Road, Wan Chai, Hong Kong"
Sweden,Edwise International LLP,https://www.edwiseinternational.com,,,
Sweden,IPC - International Placewell Consultants Pvt Ltd,https://www.ipcglobal.co.in,,,
Sweden,GoStudy International,https://www.gostudy.co.id,,,Indonesia
Sweden,ICAN Education,https://www.icaneducation.co.id,,,
Sweden,Uniserv Education,https://www.uniserv.co.ke,,,Kenya
Sweden,INTI Universal Holdings Sdn Bhd,https://www.inti.edu.my,,,"Nilai, Negeri Sembilan, Malaysia"
Sweden,MABECS,https://www.mabecs.com,,,
Sweden,Taylor's Malaysia Sdn Bhd,https://www.taylors.edu.my,,,"1 Jalan Taylor's, 47500 Subang Jaya, Selangor, Malaysia"
Sweden,Global Study Partners Pty Ltd trading as upGrad GSP,https://www.upgradgsp.com,,,Australia
Switzerland,British Council Office,https://www.britishcouncil.org,,,
Switzerland,International Sporting Solutions Ltd,https://www.internationalsportingsolutions.com,,,United Kingdom
Switzerland,StudyIn,https://www.studyin-uk.com,,,
Switzerland,Acceptix,https://www.acceptix.com,,,
Switzerland,AHZ Associates,https://www.ahzassociates.com,info@ahzassociates.co.uk,,"London, United Kingdom"
Switzerland,Crizac Ltd (Gateway Abroad),https://www.crizac.co.uk,,,United Kingdom
Switzerland,Edvoy Educational Services Ltd.,https://www.edvoy.com,,,United Kingdom
Switzerland,Global Study UK,https://www.globalstudyuk.com,,,
Switzerland,AUG Study Services,https://www.aug.edu,,,
Switzerland,LCI Group (Liu Cheng International Group Ltd),https://www.lcieducation.com,,,
Switzerland,IDP Education (UK) Limited,https://www.idp.com,ukclientpartnerships@idp.com,+61-3-9612-4400,"69-79 Fulham High Street, London SW6 3JW, UK"
Switzerland,AECC Global,https://www.aeccglobal.com,clientrelations@aeccglobal.com,+61-481739343,"20 Queen Street, Melbourne, Victoria 3000, Australia"
Switzerland,IECC trading as Campora,https://www.campora.co.uk,,,
Switzerland,KC Overseas Education Pvt. Ltd.,https://www.kcoverseas.com,,,
Switzerland,Leap GeeBee Edtech Pvt. Ltd,https://www.geebee.com,,,
Switzerland,QS StudentApply,https://www.qs.com,,,
Switzerland,Amber Education Services Ltd,https://www.ambereducation.co.uk,,,
Switzerland,Education International Cooperation (EIC) Group Limited,https://www.eic.org.cn,,,China
Switzerland,InterGreat Education Group Ltd,https://www.intergreateducation.com,,,
Switzerland,OxBridge Holdings Inc.,https://www.oxbridge.cn,,,China
Switzerland,UKEC,https://www.ukec.com,,,
Switzerland,Savvides Institute,https://www.savvides.com.cy,,,Cyprus
Switzerland,British Canadian International Education (BCIE),https://www.bcieglobal.com,,,
Switzerland,Aston Education,https://www.astonhongkong.com,info@aston.edu.hk,+852 2866 9933,"5th Floor, Office Plus @ Wanchai, 303 Hennessy Road, Wan Chai, Hong Kong"
Switzerland,Edwise International LLP,https://www.edwiseinternational.com,,,
Switzerland,IPC - International Placewell Consultants Pvt Ltd,https://www.ipcglobal.co.in,,,
Switzerland,GoStudy International,https://www.gostudy.co.id,,,Indonesia
Switzerland,ICAN Education,https://www.icaneducation.co.id,,,
Switzerland,Uniserv Education,https://www.uniserv.co.ke,,,Kenya
Switzerland,INTI Universal Holdings Sdn Bhd,https://www.inti.edu.my,,,"Nilai, Negeri Sembilan, Malaysia"
Switzerland,MABECS,https://www.mabecs.com,,,
Switzerland,Taylor's Malaysia Sdn Bhd,https://www.taylors.edu.my,,,"1 Jalan Taylor's, 47500 Subang Jaya, Selangor, Malaysia"
Switzerland,Global Study Partners Pty Ltd trading as upGrad GSP,https://www.upgradgsp.com,,,Australia
"Syria, Syrian Arab Republic",British Council Office,https://www.britishcouncil.org,,,
"Syria, Syrian Arab Republic",International Sporting Solutions Ltd,https://www.internationalsportingsolutions.com,,,United Kingdom
"Syria, Syrian Arab Republic",StudyIn,https://www.studyin-uk.com,,,
"Syria, Syrian Arab Republic",Acceptix,https://www.acceptix.com,,,
"Syria, Syrian Arab Republic",AHZ Associates,https://www.ahzassociates.com,info@ahzassociates.co.uk,,"London, United Kingdom"
"Syria, Syrian Arab Republic",Crizac Ltd (Gateway Abroad),https://www.crizac.co.uk,,,United Kingdom
"Syria, Syrian Arab Republic",Edvoy Educational Services Ltd.,https://www.edvoy.com,,,United Kingdom
"Syria, Syrian Arab Republic",Global Study UK,https://www.globalstudyuk.com,,,
"Syria, Syrian Arab Republic",AUG Study Services,https://www.aug.edu,,,
"Syria, Syrian Arab Republic",LCI Group (Liu Cheng International Group Ltd),https://www.lcieducation.com,,,
"Syria, Syrian Arab Republic",IDP Education (UK) Limited,https://www.idp.com,ukclientpartnerships@idp.com,+61-3-9612-4400,"69-79 Fulham High Street, London SW6 3JW, UK"
"Syria, Syrian Arab Republic",AECC Global,https://www.aeccglobal.com,clientrelations@aeccglobal.com,+61-481739343,"20 Queen Street, Melbourne, Victoria 3000, Australia"
"Syria, Syrian Arab Republic",IECC trading as Campora,https://www.campora.co.uk,,,
"Syria, Syrian Arab Republic",KC Overseas Education Pvt. Ltd.,https://www.kcoverseas.com,,,
"Syria, Syrian Arab Republic",Leap GeeBee Edtech Pvt. Ltd,https://www.geebee.com,,,
"Syria, Syrian Arab Republic",QS StudentApply,https://www.qs.com,,,
"Syria, Syrian Arab Republic",Amber Education Services Ltd,https://www.ambereducation.co.uk,,,
"Syria, Syrian Arab Republic",Education International Cooperation (EIC) Group Limited,https://www.eic.org.cn,,,China
"Syria, Syrian Arab Republic",InterGreat Education Group Ltd,https://www.intergreateducation.com,,,
"Syria, Syrian Arab Republic",OxBridge Holdings Inc.,https://www.oxbridge.cn,,,China
"Syria, Syrian Arab Republic",UKEC,https://www.ukec.com,,,
"Syria, Syrian Arab Republic",Savvides Institute,https://www.savvides.com.cy,,,Cyprus
"Syria, Syrian Arab Republic",British Canadian International Education (BCIE),https://www.bcieglobal.com,,,
"Syria, Syrian Arab Republic",Aston Education,https://www.astonhongkong.com,info@aston.edu.hk,+852 2866 9933,"5th Floor, Office Plus @ Wanchai, 303 Hennessy Road, Wan Chai, Hong Kong"
"Syria, Syrian Arab Republic",Edwise International LLP,https://www.edwiseinternational.com,,,
"Syria, Syrian Arab Republic",IPC - International Placewell Consultants Pvt Ltd,https://www.ipcglobal.co.in,,,
"Syria, Syrian Arab Republic",GoStudy International,https://www.gostudy.co.id,,,Indonesia
"Syria, Syrian Arab Republic",ICAN Education,https://www.icaneducation.co.id,,,
"Syria, Syrian Arab Republic",Uniserv Education,https://www.uniserv.co.ke,,,Kenya
"Syria, Syrian Arab Republic",INTI Universal Holdings Sdn Bhd,https://www.inti.edu.my,,,"Nilai, Negeri Sembilan, Malaysia"
"Syria, Syrian Arab Republic",MABECS,https://www.mabecs.com,,,
"Syria, Syrian Arab Republic",Taylor's Malaysia Sdn Bhd,https://www.taylors.edu.my,,,"1 Jalan Taylor's, 47500 Subang Jaya, Selangor, Malaysia"
"Syria, Syrian Arab Republic",Global Study Partners Pty Ltd trading as upGrad GSP,https://www.upgradgsp.com,,,Australia
"Taiwan, Republic of China",British Council Office,https://www.britishcouncil.org,,,
"Taiwan, Republic of China",International Sporting Solutions Ltd,https://www.internationalsportingsolutions.com,,,United Kingdom
"Taiwan, Republic of China",StudyIn,https://www.studyin-uk.com,,,
"Taiwan, Republic of China",Acceptix,https://www.acceptix.com,,,
"Taiwan, Republic of China",AHZ Associates,https://www.ahzassociates.com,info@ahzassociates.co.uk,,"London, United Kingdom"
"Taiwan, Republic of China",Crizac Ltd (Gateway Abroad),https://www.crizac.co.uk,,,United Kingdom
"Taiwan, Republic of China",Edvoy Educational Services Ltd.,https://www.edvoy.com,,,United Kingdom
"Taiwan, Republic of China",Global Study UK,https://www.globalstudyuk.com,,,
"Taiwan, Republic of China",AUG Study Services,https://www.aug.edu,,,
"Taiwan, Republic of China",LCI Group (Liu Cheng International Group Ltd),https://www.lcieducation.com,,,
"Taiwan, Republic of China",IDP Education (UK) Limited,https://www.idp.com,ukclientpartnerships@idp.com,+61-3-9612-4400,"69-79 Fulham High Street, London SW6 3JW, UK"
"Taiwan, Republic of China",AECC Global,https://www.aeccglobal.com,clientrelations@aeccglobal.com,+61-481739343,"20 Queen Street, Melbourne, Victoria 3000, Australia"
"Taiwan, Republic of China",IECC trading as Campora,https://www.campora.co.uk,,,
"Taiwan, Republic of China",KC Overseas Education Pvt. Ltd.,https://www.kcoverseas.com,,,
"Taiwan, Republic of China",Leap GeeBee Edtech Pvt. Ltd,https://www.geebee.com,,,
"Taiwan, Republic of China",QS StudentApply,https://www.qs.com,,,
"Taiwan, Republic of China",Amber Education Services Ltd,https://www.ambereducation.co.uk,,,
"Taiwan, Republic of China",Education International Cooperation (EIC) Group Limited,https://www.eic.org.cn,,,China
"Taiwan, Republic of China",InterGreat Education Group Ltd,https://www.intergreateducation.com,,,
"Taiwan, Republic of China",OxBridge Holdings Inc.,https://www.oxbridge.cn,,,China
"Taiwan, Republic of China",UKEC,https://www.ukec.com,,,
"Taiwan, Republic of China",Savvides Institute,https://www.savvides.com.cy,,,Cyprus
"Taiwan, Republic of China",British Canadian International Education (BCIE),https://www.bcieglobal.com,,,
"Taiwan, Republic of China",Aston Education,https://www.astonhongkong.com,info@aston.edu.hk,+852 2866 9933,"5th Floor, Office Plus @ Wanchai, 303 Hennessy Road, Wan Chai, Hong Kong"
"Taiwan, Republic of China",Edwise International LLP,https://www.edwiseinternational.com,,,
"Taiwan, Republic of China",IPC - International Placewell Consultants Pvt Ltd,https://www.ipcglobal.co.in,,,
"Taiwan, Republic of China",GoStudy International,https://www.gostudy.co.id,,,Indonesia
"Taiwan, Republic of China",ICAN Education,https://www.icaneducation.co.id,,,
"Taiwan, Republic of China",Uniserv Education,https://www.uniserv.co.ke,,,Kenya
"Taiwan, Republic of China",INTI Universal Holdings Sdn Bhd,https://www.inti.edu.my,,,"Nilai, Negeri Sembilan, Malaysia"
"Taiwan, Republic of China",MABECS,https://www.mabecs.com,,,
"Taiwan, Republic of China",Taylor's Malaysia Sdn Bhd,https://www.taylors.edu.my,,,"1 Jalan Taylor's, 47500 Subang Jaya, Selangor, Malaysia"
"Taiwan, Republic of China",Global Study Partners Pty Ltd trading as upGrad GSP,https://www.upgradgsp.com,,,Australia
Tanzania,British Council Office,https://www.britishcouncil.org,,,
Tanzania,International Sporting Solutions Ltd,https://www.internationalsportingsolutions.com,,,United Kingdom
Tanzania,StudyIn,https://www.studyin-uk.com,,,
Tanzania,Acceptix,https://www.acceptix.com,,,
Tanzania,AHZ Associates,https://www.ahzassociates.com,info@ahzassociates.co.uk,,"London, United Kingdom"
Tanzania,Crizac Ltd (Gateway Abroad),https://www.crizac.co.uk,,,United Kingdom
Tanzania,Edvoy Educational Services Ltd.,https://www.edvoy.com,,,United Kingdom
Tanzania,Global Study UK,https://www.globalstudyuk.com,,,
Tanzania,AUG Study Services,https://www.aug.edu,,,
Tanzania,LCI Group (Liu Cheng International Group Ltd),https://www.lcieducation.com,,,
Tanzania,IDP Education (UK) Limited,https://www.idp.com,ukclientpartnerships@idp.com,+61-3-9612-4400,"69-79 Fulham High Street, London SW6 3JW, UK"
Tanzania,AECC Global,https://www.aeccglobal.com,clientrelations@aeccglobal.com,+61-481739343,"20 Queen Street, Melbourne, Victoria 3000, Australia"
Tanzania,IECC trading as Campora,https://www.campora.co.uk,,,
Tanzania,KC Overseas Education Pvt. Ltd.,https://www.kcoverseas.com,,,
Tanzania,Leap GeeBee Edtech Pvt. Ltd,https://www.geebee.com,,,
Tanzania,QS StudentApply,https://www.qs.com,,,
Tanzania,Amber Education Services Ltd,https://www.ambereducation.co.uk,,,
Tanzania,Education International Cooperation (EIC) Group Limited,https://www.eic.org.cn,,,China
Tanzania,InterGreat Education Group Ltd,https://www.intergreateducation.com,,,
Tanzania,OxBridge Holdings Inc.,https://www.oxbridge.cn,,,China
Tanzania,UKEC,https://www.ukec.com,,,
Tanzania,Savvides Institute,https://www.savvides.com.cy,,,Cyprus
Tanzania,British Canadian International Education (BCIE),https://www.bcieglobal.com,,,
Tanzania,Aston Education,https://www.astonhongkong.com,info@aston.edu.hk,+852 2866 9933,"5th Floor, Office Plus @ Wanchai, 303 Hennessy Road, Wan Chai, Hong Kong"
Tanzania,Edwise International LLP,https://www.edwiseinternational.com,,,
Tanzania,IPC - International Placewell Consultants Pvt Ltd,https://www.ipcglobal.co.in,,,
Tanzania,GoStudy International,https://www.gostudy.co.id,,,Indonesia
Tanzania,ICAN Education,https://www.icaneducation.co.id,,,
Tanzania,Uniserv Education,https://www.uniserv.co.ke,,,Kenya
Tanzania,INTI Universal Holdings Sdn Bhd,https://www.inti.edu.my,,,"Nilai, Negeri Sembilan, Malaysia"
Tanzania,MABECS,https://www.mabecs.com,,,
Tanzania,Taylor's Malaysia Sdn Bhd,https://www.taylors.edu.my,,,"1 Jalan Taylor's, 47500 Subang Jaya, Selangor, Malaysia"
Tanzania,Global Study Partners Pty Ltd trading as upGrad GSP,https://www.upgradgsp.com,,,Australia
Thailand,British Council Office,https://www.britishcouncil.org,,,
Thailand,International Sporting Solutions Ltd,https://www.internationalsportingsolutions.com,,,United Kingdom
Thailand,StudyIn,https://www.studyin-uk.com,,,
Thailand,Acceptix,https://www.acceptix.com,,,
Thailand,AHZ Associates,https://www.ahzassociates.com,info@ahzassociates.co.uk,,"London, United Kingdom"
Thailand,Crizac Ltd (Gateway Abroad),https://www.crizac.co.uk,,,United Kingdom
Thailand,Edvoy Educational Services Ltd.,https://www.edvoy.com,,,United Kingdom
Thailand,Global Study UK,https://www.globalstudyuk.com,,,
Thailand,AUG Study Services,https://www.aug.edu,,,
Thailand,LCI Group (Liu Cheng International Group Ltd),https://www.lcieducation.com,,,
Thailand,IDP Education (UK) Limited,https://www.idp.com,ukclientpartnerships@idp.com,+61-3-9612-4400,"69-79 Fulham High Street, London SW6 3JW, UK"
Thailand,AECC Global,https://www.aeccglobal.com,clientrelations@aeccglobal.com,+61-481739343,"20 Queen Street, Melbourne, Victoria 3000, Australia"
Thailand,IECC trading as Campora,https://www.campora.co.uk,,,
Thailand,KC Overseas Education Pvt. Ltd.,https://www.kcoverseas.com,,,
Thailand,Leap GeeBee Edtech Pvt. Ltd,https://www.geebee.com,,,
Thailand,QS StudentApply,https://www.qs.com,,,
Thailand,Amber Education Services Ltd,https://www.ambereducation.co.uk,,,
Thailand,Education International Cooperation (EIC) Group Limited,https://www.eic.org.cn,,,China
Thailand,InterGreat Education Group Ltd,https://www.intergreateducation.com,,,
Thailand,OxBridge Holdings Inc.,https://www.oxbridge.cn,,,China
Thailand,UKEC,https://www.ukec.com,,,
Thailand,Savvides Institute,https://www.savvides.com.cy,,,Cyprus
Thailand,British Canadian International Education (BCIE),https://www.bcieglobal.com,,,
Thailand,Aston Education,https://www.astonhongkong.com,info@aston.edu.hk,+852 2866 9933,"5th Floor, Office Plus @ Wanchai, 303 Hennessy Road, Wan Chai, Hong Kong"
Thailand,Edwise International LLP,https://www.edwiseinternational.com,,,
Thailand,IPC - International Placewell Consultants Pvt Ltd,https://www.ipcglobal.co.in,,,
Thailand,GoStudy International,https://www.gostudy.co.id,,,Indonesia
Thailand,ICAN Education,https://www.icaneducation.co.id,,,
Thailand,Uniserv Education,https://www.uniserv.co.ke,,,Kenya
Thailand,INTI Universal Holdings Sdn Bhd,https://www.inti.edu.my,,,"Nilai, Negeri Sembilan, Malaysia"
Thailand,MABECS,https://www.mabecs.com,,,
Thailand,Taylor's Malaysia Sdn Bhd,https://www.taylors.edu.my,,,"1 Jalan Taylor's, 47500 Subang Jaya, Selangor, Malaysia"
Thailand,Global Study Partners Pty Ltd trading as upGrad GSP,https://www.upgradgsp.com,,,Australia
Tunisia,British Council Office,https://www.britishcouncil.org,,,
Tunisia,International Sporting Solutions Ltd,https://www.internationalsportingsolutions.com,,,United Kingdom
Tunisia,StudyIn,https://www.studyin-uk.com,,,
Tunisia,Acceptix,https://www.acceptix.com,,,
Tunisia,AHZ Associates,https://www.ahzassociates.com,info@ahzassociates.co.uk,,"London, United Kingdom"
Tunisia,Crizac Ltd (Gateway Abroad),https://www.crizac.co.uk,,,United Kingdom
Tunisia,Edvoy Educational Services Ltd.,https://www.edvoy.com,,,United Kingdom
Tunisia,Global Study UK,https://www.globalstudyuk.com,,,
Tunisia,AUG Study Services,https://www.aug.edu,,,
Tunisia,LCI Group (Liu Cheng International Group Ltd),https://www.lcieducation.com,,,
Tunisia,IDP Education (UK) Limited,https://www.idp.com,ukclientpartnerships@idp.com,+61-3-9612-4400,"69-79 Fulham High Street, London SW6 3JW, UK"
Tunisia,AECC Global,https://www.aeccglobal.com,clientrelations@aeccglobal.com,+61-481739343,"20 Queen Street, Melbourne, Victoria 3000, Australia"
Tunisia,IECC trading as Campora,https://www.campora.co.uk,,,
Tunisia,KC Overseas Education Pvt. Ltd.,https://www.kcoverseas.com,,,
Tunisia,Leap GeeBee Edtech Pvt. Ltd,https://www.geebee.com,,,
Tunisia,QS StudentApply,https://www.qs.com,,,
Tunisia,Amber Education Services Ltd,https://www.ambereducation.co.uk,,,
Tunisia,Education International Cooperation (EIC) Group Limited,https://www.eic.org.cn,,,China
Tunisia,InterGreat Education Group Ltd,https://www.intergreateducation.com,,,
Tunisia,OxBridge Holdings Inc.,https://www.oxbridge.cn,,,China
Tunisia,UKEC,https://www.ukec.com,,,
Tunisia,Savvides Institute,https://www.savvides.com.cy,,,Cyprus
Tunisia,British Canadian International Education (BCIE),https://www.bcieglobal.com,,,
Tunisia,Aston Education,https://www.astonhongkong.com,info@aston.edu.hk,+852 2866 9933,"5th Floor, Office Plus @ Wanchai, 303 Hennessy Road, Wan Chai, Hong Kong"
Tunisia,Edwise International LLP,https://www.edwiseinternational.com,,,
Tunisia,IPC - International Placewell Consultants Pvt Ltd,https://www.ipcglobal.co.in,,,
Tunisia,GoStudy International,https://www.gostudy.co.id,,,Indonesia
Tunisia,ICAN Education,https://www.icaneducation.co.id,,,
Tunisia,Uniserv Education,https://www.uniserv.co.ke,,,Kenya
Tunisia,INTI Universal Holdings Sdn Bhd,https://www.inti.edu.my,,,"Nilai, Negeri Sembilan, Malaysia"
Tunisia,MABECS,https://www.mabecs.com,,,
Tunisia,Taylor's Malaysia Sdn Bhd,https://www.taylors.edu.my,,,"1 Jalan Taylor's, 47500 Subang Jaya, Selangor, Malaysia"
Tunisia,Global Study Partners Pty Ltd trading as upGrad GSP,https://www.upgradgsp.com,,,Australia
Turkey,British Council Office,https://www.britishcouncil.org,,,
Turkey,International Sporting Solutions Ltd,https://www.internationalsportingsolutions.com,,,United Kingdom
Turkey,StudyIn,https://www.studyin-uk.com,,,
Turkey,Acceptix,https://www.acceptix.com,,,
Turkey,AHZ Associates,https://www.ahzassociates.com,info@ahzassociates.co.uk,,"London, United Kingdom"
Turkey,Crizac Ltd (Gateway Abroad),https://www.crizac.co.uk,,,United Kingdom
Turkey,Edvoy Educational Services Ltd.,https://www.edvoy.com,,,United Kingdom
Turkey,Global Study UK,https://www.globalstudyuk.com,,,
Turkey,AUG Study Services,https://www.aug.edu,,,
Turkey,LCI Group (Liu Cheng International Group Ltd),https://www.lcieducation.com,,,
Turkey,IDP Education (UK) Limited,https://www.idp.com,ukclientpartnerships@idp.com,+61-3-9612-4400,"69-79 Fulham High Street, London SW6 3JW, UK"
Turkey,AECC Global,https://www.aeccglobal.com,clientrelations@aeccglobal.com,+61-481739343,"20 Queen Street, Melbourne, Victoria 3000, Australia"
Turkey,IECC trading as Campora,https://www.campora.co.uk,,,
Turkey,KC Overseas Education Pvt. Ltd.,https://www.kcoverseas.com,,,
Turkey,Leap GeeBee Edtech Pvt. Ltd,https://www.geebee.com,,,
Turkey,QS StudentApply,https://www.qs.com,,,
Turkey,Amber Education Services Ltd,https://www.ambereducation.co.uk,,,
Turkey,Education International Cooperation (EIC) Group Limited,https://www.eic.org.cn,,,China
Turkey,InterGreat Education Group Ltd,https://www.intergreateducation.com,,,
Turkey,OxBridge Holdings Inc.,https://www.oxbridge.cn,,,China
Turkey,UKEC,https://www.ukec.com,,,
Turkey,Savvides Institute,https://www.savvides.com.cy,,,Cyprus
Turkey,British Canadian International Education (BCIE),https://www.bcieglobal.com,,,
Turkey,Aston Education,https://www.astonhongkong.com,info@aston.edu.hk,+852 2866 9933,"5th Floor, Office Plus @ Wanchai, 303 Hennessy Road, Wan Chai, Hong Kong"
Turkey,Edwise International LLP,https://www.edwiseinternational.com,,,
Turkey,IPC - International Placewell Consultants Pvt Ltd,https://www.ipcglobal.co.in,,,
Turkey,GoStudy International,https://www.gostudy.co.id,,,Indonesia
Turkey,ICAN Education,https://www.icaneducation.co.id,,,
Turkey,Uniserv Education,https://www.uniserv.co.ke,,,Kenya
Turkey,INTI Universal Holdings Sdn Bhd,https://www.inti.edu.my,,,"Nilai, Negeri Sembilan, Malaysia"
Turkey,MABECS,https://www.mabecs.com,,,
Turkey,Taylor's Malaysia Sdn Bhd,https://www.taylors.edu.my,,,"1 Jalan Taylor's, 47500 Subang Jaya, Selangor, Malaysia"
Turkey,Global Study Partners Pty Ltd trading as upGrad GSP,https://www.upgradgsp.com,,,Australia
Uganda,British Council Office,https://www.britishcouncil.org,,,
Uganda,International Sporting Solutions Ltd,https://www.internationalsportingsolutions.com,,,United Kingdom
Uganda,StudyIn,https://www.studyin-uk.com,,,
Uganda,Acceptix,https://www.acceptix.com,,,
Uganda,AHZ Associates,https://www.ahzassociates.com,info@ahzassociates.co.uk,,"London, United Kingdom"
Uganda,Crizac Ltd (Gateway Abroad),https://www.crizac.co.uk,,,United Kingdom
Uganda,Edvoy Educational Services Ltd.,https://www.edvoy.com,,,United Kingdom
Uganda,Global Study UK,https://www.globalstudyuk.com,,,
Uganda,AUG Study Services,https://www.aug.edu,,,
Uganda,LCI Group (Liu Cheng International Group Ltd),https://www.lcieducation.com,,,
Uganda,IDP Education (UK) Limited,https://www.idp.com,ukclientpartnerships@idp.com,+61-3-9612-4400,"69-79 Fulham High Street, London SW6 3JW, UK"
Uganda,AECC Global,https://www.aeccglobal.com,clientrelations@aeccglobal.com,+61-481739343,"20 Queen Street, Melbourne, Victoria 3000, Australia"
Uganda,IECC trading as Campora,https://www.campora.co.uk,,,
Uganda,KC Overseas Education Pvt. Ltd.,https://www.kcoverseas.com,,,
Uganda,Leap GeeBee Edtech Pvt. Ltd,https://www.geebee.com,,,
Uganda,QS StudentApply,https://www.qs.com,,,
Uganda,Amber Education Services Ltd,https://www.ambereducation.co.uk,,,
Uganda,Education International Cooperation (EIC) Group Limited,https://www.eic.org.cn,,,China
Uganda,InterGreat Education Group Ltd,https://www.intergreateducation.com,,,
Uganda,OxBridge Holdings Inc.,https://www.oxbridge.cn,,,China
Uganda,UKEC,https://www.ukec.com,,,
Uganda,Savvides Institute,https://www.savvides.com.cy,,,Cyprus
Uganda,British Canadian International Education (BCIE),https://www.bcieglobal.com,,,
Uganda,Aston Education,https://www.astonhongkong.com,info@aston.edu.hk,+852 2866 9933,"5th Floor, Office Plus @ Wanchai, 303 Hennessy Road, Wan Chai, Hong Kong"
Uganda,Edwise International LLP,https://www.edwiseinternational.com,,,
Uganda,IPC - International Placewell Consultants Pvt Ltd,https://www.ipcglobal.co.in,,,
Uganda,GoStudy International,https://www.gostudy.co.id,,,Indonesia
Uganda,ICAN Education,https://www.icaneducation.co.id,,,
Uganda,Uniserv Education,https://www.uniserv.co.ke,,,Kenya
Uganda,INTI Universal Holdings Sdn Bhd,https://www.inti.edu.my,,,"Nilai, Negeri Sembilan, Malaysia"
Uganda,MABECS,https://www.mabecs.com,,,
Uganda,Taylor's Malaysia Sdn Bhd,https://www.taylors.edu.my,,,"1 Jalan Taylor's, 47500 Subang Jaya, Selangor, Malaysia"
Uganda,Global Study Partners Pty Ltd trading as upGrad GSP,https://www.upgradgsp.com,,,Australia
Ukraine,British Council Office,https://www.britishcouncil.org,,,
Ukraine,International Sporting Solutions Ltd,https://www.internationalsportingsolutions.com,,,United Kingdom
Ukraine,StudyIn,https://www.studyin-uk.com,,,
Ukraine,Acceptix,https://www.acceptix.com,,,
Ukraine,AHZ Associates,https://www.ahzassociates.com,info@ahzassociates.co.uk,,"London, United Kingdom"
Ukraine,Crizac Ltd (Gateway Abroad),https://www.crizac.co.uk,,,United Kingdom
Ukraine,Edvoy Educational Services Ltd.,https://www.edvoy.com,,,United Kingdom
Ukraine,Global Study UK,https://www.globalstudyuk.com,,,
Ukraine,AUG Study Services,https://www.aug.edu,,,
Ukraine,LCI Group (Liu Cheng International Group Ltd),https://www.lcieducation.com,,,
Ukraine,IDP Education (UK) Limited,https://www.idp.com,ukclientpartnerships@idp.com,+61-3-9612-4400,"69-79 Fulham High Street, London SW6 3JW, UK"
Ukraine,AECC Global,https://www.aeccglobal.com,clientrelations@aeccglobal.com,+61-481739343,"20 Queen Street, Melbourne, Victoria 3000, Australia"
Ukraine,IECC trading as Campora,https://www.campora.co.uk,,,
Ukraine,KC Overseas Education Pvt. Ltd.,https://www.kcoverseas.com,,,
Ukraine,Leap GeeBee Edtech Pvt. Ltd,https://www.geebee.com,,,
Ukraine,QS StudentApply,https://www.qs.com,,,
Ukraine,Amber Education Services Ltd,https://www.ambereducation.co.uk,,,
Ukraine,Education International Cooperation (EIC) Group Limited,https://www.eic.org.cn,,,China
Ukraine,InterGreat Education Group Ltd,https://www.intergreateducation.com,,,
Ukraine,OxBridge Holdings Inc.,https://www.oxbridge.cn,,,China
Ukraine,UKEC,https://www.ukec.com,,,
Ukraine,Savvides Institute,https://www.savvides.com.cy,,,Cyprus
Ukraine,British Canadian International Education (BCIE),https://www.bcieglobal.com,,,
Ukraine,Aston Education,https://www.astonhongkong.com,info@aston.edu.hk,+852 2866 9933,"5th Floor, Office Plus @ Wanchai, 303 Hennessy Road, Wan Chai, Hong Kong"
Ukraine,Edwise International LLP,https://www.edwiseinternational.com,,,
Ukraine,IPC - International Placewell Consultants Pvt Ltd,https://www.ipcglobal.co.in,,,
Ukraine,GoStudy International,https://www.gostudy.co.id,,,Indonesia
Ukraine,ICAN Education,https://www.icaneducation.co.id,,,
Ukraine,Uniserv Education,https://www.uniserv.co.ke,,,Kenya
Ukraine,INTI Universal Holdings Sdn Bhd,https://www.inti.edu.my,,,"Nilai, Negeri Sembilan, Malaysia"
Ukraine,MABECS,https://www.mabecs.com,,,
Ukraine,Taylor's Malaysia Sdn Bhd,https://www.taylors.edu.my,,,"1 Jalan Taylor's, 47500 Subang Jaya, Selangor, Malaysia"
Ukraine,Global Study Partners Pty Ltd trading as upGrad GSP,https://www.upgradgsp.com,,,Australia
United Arab Emirates,British Council Office,https://www.britishcouncil.org,,,
United Arab Emirates,International Sporting Solutions Ltd,https://www.internationalsportingsolutions.com,,,United Kingdom
United Arab Emirates,StudyIn,https://www.studyin-uk.com,,,
United Arab Emirates,Acceptix,https://www.acceptix.com,,,
United Arab Emirates,AHZ Associates,https://www.ahzassociates.com,info@ahzassociates.co.uk,,"London, United Kingdom"
United Arab Emirates,Crizac Ltd (Gateway Abroad),https://www.crizac.co.uk,,,United Kingdom
United Arab Emirates,Edvoy Educational Services Ltd.,https://www.edvoy.com,,,United Kingdom
United Arab Emirates,Global Study UK,https://www.globalstudyuk.com,,,
United Arab Emirates,AUG Study Services,https://www.aug.edu,,,
United Arab Emirates,LCI Group (Liu Cheng International Group Ltd),https://www.lcieducation.com,,,
United Arab Emirates,IDP Education (UK) Limited,https://www.idp.com,ukclientpartnerships@idp.com,+61-3-9612-4400,"69-79 Fulham High Street, London SW6 3JW, UK"
United Arab Emirates,AECC Global,https://www.aeccglobal.com,clientrelations@aeccglobal.com,+61-481739343,"20 Queen Street, Melbourne, Victoria 3000, Australia"
United Arab Emirates,IECC trading as Campora,https://www.campora.co.uk,,,
United Arab Emirates,KC Overseas Education Pvt. Ltd.,https://www.kcoverseas.com,,,
United Arab Emirates,Leap GeeBee Edtech Pvt. Ltd,https://www.geebee.com,,,
United Arab Emirates,QS StudentApply,https://www.qs.com,,,
United Arab Emirates,Amber Education Services Ltd,https://www.ambereducation.co.uk,,,
United Arab Emirates,Education International Cooperation (EIC) Group Limited,https://www.eic.org.cn,,,China
United Arab Emirates,InterGreat Education Group Ltd,https://www.intergreateducation.com,,,
United Arab Emirates,OxBridge Holdings Inc.,https://www.oxbridge.cn,,,China
United Arab Emirates,UKEC,https://www.ukec.com,,,
United Arab Emirates,Savvides Institute,https://www.savvides.com.cy,,,Cyprus
United Arab Emirates,British Canadian International Education (BCIE),https://www.bcieglobal.com,,,
United Arab Emirates,Aston Education,https://www.astonhongkong.com,info@aston.edu.hk,+852 2866 9933,"5th Floor, Office Plus @ Wanchai, 303 Hennessy Road, Wan Chai, Hong Kong"
United Arab Emirates,Edwise International LLP,https://www.edwiseinternational.com,,,
United Arab Emirates,IPC - International Placewell Consultants Pvt Ltd,https://www.ipcglobal.co.in,,,
United Arab Emirates,GoStudy International,https://www.gostudy.co.id,,,Indonesia
United Arab Emirates,ICAN Education,https://www.icaneducation.co.id,,,
United Arab Emirates,Uniserv Education,https://www.uniserv.co.ke,,,Kenya
United Arab Emirates,INTI Universal Holdings Sdn Bhd,https://www.inti.edu.my,,,"Nilai, Negeri Sembilan, Malaysia"
United Arab Emirates,MABECS,https://www.mabecs.com,,,
United Arab Emirates,Taylor's Malaysia Sdn Bhd,https://www.taylors.edu.my,,,"1 Jalan Taylor's, 47500 Subang Jaya, Selangor, Malaysia"
United Arab Emirates,Global Study Partners Pty Ltd trading as upGrad GSP,https://www.upgradgsp.com,,,Australia
United Kingdom,British Council Office,https://www.britishcouncil.org,,,
United Kingdom,International Sporting Solutions Ltd,https://www.internationalsportingsolutions.com,,,United Kingdom
United Kingdom,StudyIn,https://www.studyin-uk.com,,,
United Kingdom,Acceptix,https://www.acceptix.com,,,
United Kingdom,AHZ Associates,https://www.ahzassociates.com,info@ahzassociates.co.uk,,"London, United Kingdom"
United Kingdom,Crizac Ltd (Gateway Abroad),https://www.crizac.co.uk,,,United Kingdom
United Kingdom,Edvoy Educational Services Ltd.,https://www.edvoy.com,,,United Kingdom
United Kingdom,Global Study UK,https://www.globalstudyuk.com,,,
United Kingdom,AUG Study Services,https://www.aug.edu,,,
United Kingdom,LCI Group (Liu Cheng International Group Ltd),https://www.lcieducation.com,,,
United Kingdom,IDP Education (UK) Limited,https://www.idp.com,ukclientpartnerships@idp.com,+61-3-9612-4400,"69-79 Fulham High Street, London SW6 3JW, UK"
United Kingdom,AECC Global,https://www.aeccglobal.com,clientrelations@aeccglobal.com,+61-481739343,"20 Queen Street, Melbourne, Victoria 3000, Australia"
United Kingdom,IECC trading as Campora,https://www.campora.co.uk,,,
United Kingdom,KC Overseas Education Pvt. Ltd.,https://www.kcoverseas.com,,,
United Kingdom,Leap GeeBee Edtech Pvt. Ltd,https://www.geebee.com,,,
United Kingdom,QS StudentApply,https://www.qs.com,,,
United Kingdom,Amber Education Services Ltd,https://www.ambereducation.co.uk,,,
United Kingdom,Education International Cooperation (EIC) Group Limited,https://www.eic.org.cn,,,China
United Kingdom,InterGreat Education Group Ltd,https://www.intergreateducation.com,,,
United Kingdom,OxBridge Holdings Inc.,https://www.oxbridge.cn,,,China
United Kingdom,UKEC,https://www.ukec.com,,,
United Kingdom,Savvides Institute,https://www.savvides.com.cy,,,Cyprus
United Kingdom,British Canadian International Education (BCIE),https://www.bcieglobal.com,,,
United Kingdom,Aston Education,https://www.astonhongkong.com,info@aston.edu.hk,+852 2866 9933,"5th Floor, Office Plus @ Wanchai, 303 Hennessy Road, Wan Chai, Hong Kong"
United Kingdom,Edwise International LLP,https://www.edwiseinternational.com,,,
United Kingdom,IPC - International Placewell Consultants Pvt Ltd,https://www.ipcglobal.co.in,,,
United Kingdom,GoStudy International,https://www.gostudy.co.id,,,Indonesia
United Kingdom,ICAN Education,https://www.icaneducation.co.id,,,
United Kingdom,Uniserv Education,https://www.uniserv.co.ke,,,Kenya
United Kingdom,INTI Universal Holdings Sdn Bhd,https://www.inti.edu.my,,,"Nilai, Negeri Sembilan, Malaysia"
United Kingdom,MABECS,https://www.mabecs.com,,,
United Kingdom,Taylor's Malaysia Sdn Bhd,https://www.taylors.edu.my,,,"1 Jalan Taylor's, 47500 Subang Jaya, Selangor, Malaysia"
United Kingdom,Global Study Partners Pty Ltd trading as upGrad GSP,https://www.upgradgsp.com,,,Australia
United States,British Council Office,https://www.britishcouncil.org,,,
United States,International Sporting Solutions Ltd,https://www.internationalsportingsolutions.com,,,United Kingdom
United States,StudyIn,https://www.studyin-uk.com,,,
United States,Acceptix,https://www.acceptix.com,,,
United States,AHZ Associates,https://www.ahzassociates.com,info@ahzassociates.co.uk,,"London, United Kingdom"
United States,Crizac Ltd (Gateway Abroad),https://www.crizac.co.uk,,,United Kingdom
United States,Edvoy Educational Services Ltd.,https://www.edvoy.com,,,United Kingdom
United States,Global Study UK,https://www.globalstudyuk.com,,,
United States,AUG Study Services,https://www.aug.edu,,,
United States,LCI Group (Liu Cheng International Group Ltd),https://www.lcieducation.com,,,
United States,IDP Education (UK) Limited,https://www.idp.com,ukclientpartnerships@idp.com,+61-3-9612-4400,"69-79 Fulham High Street, London SW6 3JW, UK"
United States,AECC Global,https://www.aeccglobal.com,clientrelations@aeccglobal.com,+61-481739343,"20 Queen Street, Melbourne, Victoria 3000, Australia"
United States,IECC trading as Campora,https://www.campora.co.uk,,,
United States,KC Overseas Education Pvt. Ltd.,https://www.kcoverseas.com,,,
United States,Leap GeeBee Edtech Pvt. Ltd,https://www.geebee.com,,,
United States,QS StudentApply,https://www.qs.com,,,
United States,Amber Education Services Ltd,https://www.ambereducation.co.uk,,,
United States,Education International Cooperation (EIC) Group Limited,https://www.eic.org.cn,,,China
United States,InterGreat Education Group Ltd,https://www.intergreateducation.com,,,
United States,OxBridge Holdings Inc.,https://www.oxbridge.cn,,,China
United States,UKEC,https://www.ukec.com,,,
United States,Savvides Institute,https://www.savvides.com.cy,,,Cyprus
United States,British Canadian International Education (BCIE),https://www.bcieglobal.com,,,
United States,Aston Education,https://www.astonhongkong.com,info@aston.edu.hk,+852 2866 9933,"5th Floor, Office Plus @ Wanchai, 303 Hennessy Road, Wan Chai, Hong Kong"
United States,Edwise International LLP,https://www.edwiseinternational.com,,,
United States,IPC - International Placewell Consultants Pvt Ltd,https://www.ipcglobal.co.in,,,
United States,GoStudy International,https://www.gostudy.co.id,,,Indonesia
United States,ICAN Education,https://www.icaneducation.co.id,,,
United States,Uniserv Education,https://www.uniserv.co.ke,,,Kenya
United States,INTI Universal Holdings Sdn Bhd,https://www.inti.edu.my,,,"Nilai, Negeri Sembilan, Malaysia"
United States,MABECS,https://www.mabecs.com,,,
United States,Taylor's Malaysia Sdn Bhd,https://www.taylors.edu.my,,,"1 Jalan Taylor's, 47500 Subang Jaya, Selangor, Malaysia"
United States,Global Study Partners Pty Ltd trading as upGrad GSP,https://www.upgradgsp.com,,,Australia
Uzbekistan,British Council Office,https://www.britishcouncil.org,,,
Uzbekistan,International Sporting Solutions Ltd,https://www.internationalsportingsolutions.com,,,United Kingdom
Uzbekistan,StudyIn,https://www.studyin-uk.com,,,
Uzbekistan,Acceptix,https://www.acceptix.com,,,
Uzbekistan,AHZ Associates,https://www.ahzassociates.com,info@ahzassociates.co.uk,,"London, United Kingdom"
Uzbekistan,Crizac Ltd (Gateway Abroad),https://www.crizac.co.uk,,,United Kingdom
Uzbekistan,Edvoy Educational Services Ltd.,https://www.edvoy.com,,,United Kingdom
Uzbekistan,Global Study UK,https://www.globalstudyuk.com,,,
Uzbekistan,AUG Study Services,https://www.aug.edu,,,
Uzbekistan,LCI Group (Liu Cheng International Group Ltd),https://www.lcieducation.com,,,
Uzbekistan,IDP Education (UK) Limited,https://www.idp.com,ukclientpartnerships@idp.com,+61-3-9612-4400,"69-79 Fulham High Street, London SW6 3JW, UK"
Uzbekistan,AECC Global,https://www.aeccglobal.com,clientrelations@aeccglobal.com,+61-481739343,"20 Queen Street, Melbourne, Victoria 3000, Australia"
Uzbekistan,IECC trading as Campora,https://www.campora.co.uk,,,
Uzbekistan,KC Overseas Education Pvt. Ltd.,https://www.kcoverseas.com,,,
Uzbekistan,Leap GeeBee Edtech Pvt. Ltd,https://www.geebee.com,,,
Uzbekistan,QS StudentApply,https://www.qs.com,,,
Uzbekistan,Amber Education Services Ltd,https://www.ambereducation.co.uk,,,
Uzbekistan,Education International Cooperation (EIC) Group Limited,https://www.eic.org.cn,,,China
Uzbekistan,InterGreat Education Group Ltd,https://www.intergreateducation.com,,,
Uzbekistan,OxBridge Holdings Inc.,https://www.oxbridge.cn,,,China
Uzbekistan,UKEC,https://www.ukec.com,,,
Uzbekistan,Savvides Institute,https://www.savvides.com.cy,,,Cyprus
Uzbekistan,British Canadian International Education (BCIE),https://www.bcieglobal.com,,,
Uzbekistan,Aston Education,https://www.astonhongkong.com,info@aston.edu.hk,+852 2866 9933,"5th Floor, Office Plus @ Wanchai, 303 Hennessy Road, Wan Chai, Hong Kong"
Uzbekistan,Edwise International LLP,https://www.edwiseinternational.com,,,
Uzbekistan,IPC - International Placewell Consultants Pvt Ltd,https://www.ipcglobal.co.in,,,
Uzbekistan,GoStudy International,https://www.gostudy.co.id,,,Indonesia
Uzbekistan,ICAN Education,https://www.icaneducation.co.id,,,
Uzbekistan,Uniserv Education,https://www.uniserv.co.ke,,,Kenya
Uzbekistan,INTI Universal Holdings Sdn Bhd,https://www.inti.edu.my,,,"Nilai, Negeri Sembilan, Malaysia"
Uzbekistan,MABECS,https://www.mabecs.com,,,
Uzbekistan,Taylor's Malaysia Sdn Bhd,https://www.taylors.edu.my,,,"1 Jalan Taylor's, 47500 Subang Jaya, Selangor, Malaysia"
Uzbekistan,Global Study Partners Pty Ltd trading as upGrad GSP,https://www.upgradgsp.com,,,Australia
Venezuela,British Council Office,https://www.britishcouncil.org,,,
Venezuela,International Sporting Solutions Ltd,https://www.internationalsportingsolutions.com,,,United Kingdom
Venezuela,StudyIn,https://www.studyin-uk.com,,,
Venezuela,Acceptix,https://www.acceptix.com,,,
Venezuela,AHZ Associates,https://www.ahzassociates.com,info@ahzassociates.co.uk,,"London, United Kingdom"
Venezuela,Crizac Ltd (Gateway Abroad),https://www.crizac.co.uk,,,United Kingdom
Venezuela,Edvoy Educational Services Ltd.,https://www.edvoy.com,,,United Kingdom
Venezuela,Global Study UK,https://www.globalstudyuk.com,,,
Venezuela,AUG Study Services,https://www.aug.edu,,,
Venezuela,LCI Group (Liu Cheng International Group Ltd),https://www.lcieducation.com,,,
Venezuela,IDP Education (UK) Limited,https://www.idp.com,ukclientpartnerships@idp.com,+61-3-9612-4400,"69-79 Fulham High Street, London SW6 3JW, UK"
Venezuela,AECC Global,https://www.aeccglobal.com,clientrelations@aeccglobal.com,+61-481739343,"20 Queen Street, Melbourne, Victoria 3000, Australia"
Venezuela,IECC trading as Campora,https://www.campora.co.uk,,,
Venezuela,KC Overseas Education Pvt. Ltd.,https://www.kcoverseas.com,,,
Venezuela,Leap GeeBee Edtech Pvt. Ltd,https://www.geebee.com,,,
Venezuela,QS StudentApply,https://www.qs.com,,,
Venezuela,Amber Education Services Ltd,https://www.ambereducation.co.uk,,,
Venezuela,Education International Cooperation (EIC) Group Limited,https://www.eic.org.cn,,,China
Venezuela,InterGreat Education Group Ltd,https://www.intergreateducation.com,,,
Venezuela,OxBridge Holdings Inc.,https://www.oxbridge.cn,,,China
Venezuela,UKEC,https://www.ukec.com,,,
Venezuela,Savvides Institute,https://www.savvides.com.cy,,,Cyprus
Venezuela,British Canadian International Education (BCIE),https://www.bcieglobal.com,,,
Venezuela,Aston Education,https://www.astonhongkong.com,info@aston.edu.hk,+852 2866 9933,"5th Floor, Office Plus @ Wanchai, 303 Hennessy Road, Wan Chai, Hong Kong"
Venezuela,Edwise International LLP,https://www.edwiseinternational.com,,,
Venezuela,IPC - International Placewell Consultants Pvt Ltd,https://www.ipcglobal.co.in,,,
Venezuela,GoStudy International,https://www.gostudy.co.id,,,Indonesia
Venezuela,ICAN Education,https://www.icaneducation.co.id,,,
Venezuela,Uniserv Education,https://www.uniserv.co.ke,,,Kenya
Venezuela,INTI Universal Holdings Sdn Bhd,https://www.inti.edu.my,,,"Nilai, Negeri Sembilan, Malaysia"
Venezuela,MABECS,https://www.mabecs.com,,,
Venezuela,Taylor's Malaysia Sdn Bhd,https://www.taylors.edu.my,,,"1 Jalan Taylor's, 47500 Subang Jaya, Selangor, Malaysia"
Venezuela,Global Study Partners Pty Ltd trading as upGrad GSP,https://www.upgradgsp.com,,,Australia
Vietnam,British Council Office,https://www.britishcouncil.org,,,
Vietnam,International Sporting Solutions Ltd,https://www.internationalsportingsolutions.com,,,United Kingdom
Vietnam,StudyIn,https://www.studyin-uk.com,,,
Vietnam,Acceptix,https://www.acceptix.com,,,
Vietnam,AHZ Associates,https://www.ahzassociates.com,info@ahzassociates.co.uk,,"London, United Kingdom"
Vietnam,Crizac Ltd (Gateway Abroad),https://www.crizac.co.uk,,,United Kingdom
Vietnam,Edvoy Educational Services Ltd.,https://www.edvoy.com,,,United Kingdom
Vietnam,Global Study UK,https://www.globalstudyuk.com,,,
Vietnam,AUG Study Services,https://www.aug.edu,,,
Vietnam,LCI Group (Liu Cheng International Group Ltd),https://www.lcieducation.com,,,
Vietnam,IDP Education (UK) Limited,https://www.idp.com,ukclientpartnerships@idp.com,+61-3-9612-4400,"69-79 Fulham High Street, London SW6 3JW, UK"
Vietnam,AECC Global,https://www.aeccglobal.com,clientrelations@aeccglobal.com,+61-481739343,"20 Queen Street, Melbourne, Victoria 3000, Australia"
Vietnam,IECC trading as Campora,https://www.campora.co.uk,,,
Vietnam,KC Overseas Education Pvt. Ltd.,https://www.kcoverseas.com,,,
Vietnam,Leap GeeBee Edtech Pvt. Ltd,https://www.geebee.com,,,
Vietnam,QS StudentApply,https://www.qs.com,,,
Vietnam,Amber Education Services Ltd,https://www.ambereducation.co.uk,,,
Vietnam,Education International Cooperation (EIC) Group Limited,https://www.eic.org.cn,,,China
Vietnam,InterGreat Education Group Ltd,https://www.intergreateducation.com,,,
Vietnam,OxBridge Holdings Inc.,https://www.oxbridge.cn,,,China
Vietnam,UKEC,https://www.ukec.com,,,
Vietnam,Savvides Institute,https://www.savvides.com.cy,,,Cyprus
Vietnam,British Canadian International Education (BCIE),https://www.bcieglobal.com,,,
Vietnam,Aston Education,https://www.astonhongkong.com,info@aston.edu.hk,+852 2866 9933,"5th Floor, Office Plus @ Wanchai, 303 Hennessy Road, Wan Chai, Hong Kong"
Vietnam,Edwise International LLP,https://www.edwiseinternational.com,,,
Vietnam,IPC - International Placewell Consultants Pvt Ltd,https://www.ipcglobal.co.in,,,
Vietnam,GoStudy International,https://www.gostudy.co.id,,,Indonesia
Vietnam,ICAN Education,https://www.icaneducation.co.id,,,
Vietnam,Uniserv Education,https://www.uniserv.co.ke,,,Kenya
Vietnam,INTI Universal Holdings Sdn Bhd,https://www.inti.edu.my,,,"Nilai, Negeri Sembilan, Malaysia"
Vietnam,MABECS,https://www.mabecs.com,,,
Vietnam,Taylor's Malaysia Sdn Bhd,https://www.taylors.edu.my,,,"1 Jalan Taylor's, 47500 Subang Jaya, Selangor, Malaysia"
Vietnam,Global Study Partners Pty Ltd trading as upGrad GSP,https://www.upgradgsp.com,,,Australia
Zambia,British Council Office,https://www.britishcouncil.org,,,
Zambia,International Sporting Solutions Ltd,https://www.internationalsportingsolutions.com,,,United Kingdom
Zambia,StudyIn,https://www.studyin-uk.com,,,
Zambia,Acceptix,https://www.acceptix.com,,,
Zambia,AHZ Associates,https://www.ahzassociates.com,info@ahzassociates.co.uk,,"London, United Kingdom"
Zambia,Crizac Ltd (Gateway Abroad),https://www.crizac.co.uk,,,United Kingdom
Zambia,Edvoy Educational Services Ltd.,https://www.edvoy.com,,,United Kingdom
Zambia,Global Study UK,https://www.globalstudyuk.com,,,
Zambia,AUG Study Services,https://www.aug.edu,,,
Zambia,LCI Group (Liu Cheng International Group Ltd),https://www.lcieducation.com,,,
Zambia,IDP Education (UK) Limited,https://www.idp.com,ukclientpartnerships@idp.com,+61-3-9612-4400,"69-79 Fulham High Street, London SW6 3JW, UK"
Zambia,AECC Global,https://www.aeccglobal.com,clientrelations@aeccglobal.com,+61-481739343,"20 Queen Street, Melbourne, Victoria 3000, Australia"
Zambia,IECC trading as Campora,https://www.campora.co.uk,,,
Zambia,KC Overseas Education Pvt. Ltd.,https://www.kcoverseas.com,,,
Zambia,Leap GeeBee Edtech Pvt. Ltd,https://www.geebee.com,,,
Zambia,QS StudentApply,https://www.qs.com,,,
Zambia,Amber Education Services Ltd,https://www.ambereducation.co.uk,,,
Zambia,Education International Cooperation (EIC) Group Limited,https://www.eic.org.cn,,,China
Zambia,InterGreat Education Group Ltd,https://www.intergreateducation.com,,,
Zambia,OxBridge Holdings Inc.,https://www.oxbridge.cn,,,China
Zambia,UKEC,https://www.ukec.com,,,
Zambia,Savvides Institute,https://www.savvides.com.cy,,,Cyprus
Zambia,British Canadian International Education (BCIE),https://www.bcieglobal.com,,,
Zambia,Aston Education,https://www.astonhongkong.com,info@aston.edu.hk,+852 2866 9933,"5th Floor, Office Plus @ Wanchai, 303 Hennessy Road, Wan Chai, Hong Kong"
Zambia,Edwise International LLP,https://www.edwiseinternational.com,,,
Zambia,IPC - International Placewell Consultants Pvt Ltd,https://www.ipcglobal.co.in,,,
Zambia,GoStudy International,https://www.gostudy.co.id,,,Indonesia
Zambia,ICAN Education,https://www.icaneducation.co.id,,,
Zambia,Uniserv Education,https://www.uniserv.co.ke,,,Kenya
Zambia,INTI Universal Holdings Sdn Bhd,https://www.inti.edu.my,,,"Nilai, Negeri Sembilan, Malaysia"
Zambia,MABECS,https://www.mabecs.com,,,
Zambia,Taylor's Malaysia Sdn Bhd,https://www.taylors.edu.my,,,"1 Jalan Taylor's, 47500 Subang Jaya, Selangor, Malaysia"
Zambia,Global Study Partners Pty Ltd trading as upGrad GSP,https://www.upgradgsp.com,,,Australia
Zimbabwe,British Council Office,https://www.britishcouncil.org,,,
Zimbabwe,International Sporting Solutions Ltd,https://www.internationalsportingsolutions.com,,,United Kingdom
Zimbabwe,StudyIn,https://www.studyin-uk.com,,,
Zimbabwe,Acceptix,https://www.acceptix.com,,,
Zimbabwe,AHZ Associates,https://www.ahzassociates.com,info@ahzassociates.co.uk,,"London, United Kingdom"
Zimbabwe,Crizac Ltd (Gateway Abroad),https://www.crizac.co.uk,,,United Kingdom
Zimbabwe,Edvoy Educational Services Ltd.,https://www.edvoy.com,,,United Kingdom
Zimbabwe,Global Study UK,https://www.globalstudyuk.com,,,
Zimbabwe,AUG Study Services,https://www.aug.edu,,,
Zimbabwe,LCI Group (Liu Cheng International Group Ltd),https://www.lcieducation.com,,,
Zimbabwe,IDP Education (UK) Limited,https://www.idp.com,ukclientpartnerships@idp.com,+61-3-9612-4400,"69-79 Fulham High Street, London SW6 3JW, UK"
Zimbabwe,AECC Global,https://www.aeccglobal.com,clientrelations@aeccglobal.com,+61-481739343,"20 Queen Street, Melbourne, Victoria 3000, Australia"
Zimbabwe,IECC trading as Campora,https://www.campora.co.uk,,,
Zimbabwe,KC Overseas Education Pvt. Ltd.,https://www.kcoverseas.com,,,
Zimbabwe,Leap GeeBee Edtech Pvt. Ltd,https://www.geebee.com,,,
Zimbabwe,QS StudentApply,https://www.qs.com,,,
Zimbabwe,Amber Education Services Ltd,https://www.ambereducation.co.uk,,,
Zimbabwe,Education International Cooperation (EIC) Group Limited,https://www.eic.org.cn,,,China
Zimbabwe,InterGreat Education Group Ltd,https://www.intergreateducation.com,,,
Zimbabwe,OxBridge Holdings Inc.,https://www.oxbridge.cn,,,China
Zimbabwe,UKEC,https://www.ukec.com,,,
Zimbabwe,Savvides Institute,https://www.savvides.com.cy,,,Cyprus
Zimbabwe,British Canadian International Education (BCIE),https://www.bcieglobal.com,,,
Zimbabwe,Aston Education,https://www.astonhongkong.com,info@aston.edu.hk,+852 2866 9933,"5th Floor, Office Plus @ Wanchai, 303 Hennessy Road, Wan Chai, Hong Kong"
Zimbabwe,Edwise International LLP,https://www.edwiseinternational.com,,,
Zimbabwe,IPC - International Placewell Consultants Pvt Ltd,https://www.ipcglobal.co.in,,,
Zimbabwe,GoStudy International,https://www.gostudy.co.id,,,Indonesia
Zimbabwe,ICAN Education,https://www.icaneducation.co.id,,,
Zimbabwe,Uniserv Education,https://www.uniserv.co.ke,,,Kenya
Zimbabwe,INTI Universal Holdings Sdn Bhd,https://www.inti.edu.my,,,"Nilai, Negeri Sembilan, Malaysia"
Zimbabwe,MABECS,https://www.mabecs.com,,,
Zimbabwe,Taylor's Malaysia Sdn Bhd,https://www.taylors.edu.my,,,"1 Jalan Taylor's, 47500 Subang Jaya, Selangor, Malaysia"
Zimbabwe,Global Study Partners Pty Ltd trading as upGrad GSP,https://www.upgradgsp.com,,,Australia
