agent_name,source_page,country,city,emails,phones
51 offer (iHorizon),https://www.51offer.com,,,,400-6152-656; 1007-1008; 0791-88337293; 13864840682; 15852611705; 13239668367; 208-209; 13331901383
51 offer (iHorizon),https://www.51offer.com,,,,400-6152-656
51 offer (iHorizon),https://www.51offer.com,,,,11021479
51 offer (iHorizon),https://www.51offer.com,,,,021-80203246
51 offer (iHorizon),https://www.51offer.com,,,,1007-1008; 0791-88337293
51 offer (iHorizon),https://www.51offer.com,,,,1007-1008
51 offer (iHorizon),https://www.51offer.com,,,,13864840682
51 offer (iHorizon),https://www.51offer.com,,,,15852611705
51 offer (iHorizon),https://www.51offer.com,,,,13239668367
51Liucheng,https://www.lcig.io/contact-us,Australia,Melbourne,support@lcig.io,+61 2 9182 5868
51Liucheng,https://www.lcig.io/contact-us,Australia,Sydney,support@lcig.io,+61 2 9182 5868
51Liucheng,https://www.lcig.io/contact-us,Bangladesh,,romana@lcig.io; support@lcig.io,+8801608910082
51Liucheng,https://www.lcig.io/contact-us,China,Beijing,hezuo@51liucheng.com,86-21-20575588
51Liucheng,https://www.lcig.io/contact-us,China,Guangzhou,hezuo@lcig.io,+86 - 20 - 89282003
51Liucheng,https://www.lcig.io/contact-us,China,Hong Kong,hezuo@lcig.io,+852 - 23112689
51Liucheng,https://www.lcig.io/contact-us,China,,hezuo@lcig.io,+86 - 21 - 20575588
51Liucheng,https://www.lcig.io/contact-us,China,,hezuo@lcig.io,+86 - 371 - 61283799
51Liucheng,https://www.lcig.io/contact-us,Ghana,,ovoke@lcig.io; support@lcig.io,+234-8035066086
51Liucheng,https://www.lcig.io/contact-us,Hong Kong,Kowloon,hezuo@lcig.io,+852 - 23112689
51Liucheng,https://www.lcig.io/contact-us,India,Bengaluru,support@lcig.io,8929029670
51Liucheng,https://www.lcig.io/contact-us,India,Gurgaon,support@lcig.io,9910794488
51Liucheng,https://www.lcig.io/contact-us,India,Gurgaon,support@lcig.io; zhaoqing@lcig.io; rukhma@lcig.io; alyona@lcig.io; mohammed@lcig.io; hezuo@lcig.io; saroj.dahal@lcig.io; romana@lcig.io; diluksha@lcig.io; dwiputri@lcig.io; vy.nguyen@lcig.io; dounia@lcig.io; hezuo@51liucheng.com; ovoke@lcig.io; mandela.sangura@lcig.io; jackson@lcig.io,9910794488; 8929029670; +64-2902210325; 923288222246; 44-7455957007; +234 8035066086; 901 - 903; +86 - 731 - 82241260; +86 - 21 - 20575588; +86 - 20 - 89282003; +852 - 23112689; 2603 - 04; +86 - 371 - 61283799; +61 2 9182 5868; +977 9706970161; +8801608910082; +94 715 808 222; 62-85143419476; 44-7748771777; 84-903929619; 20-1120955013; 86-21-20575588; +234-8035066086; +254737124149; +255-712003722
51Liucheng,https://www.lcig.io/in-country-office,India,,support@lcig.io,+61 2 9182 5868; +919910794488; +2348035066086; +254737124149; +923288222246
51Liucheng,https://www.lcig.io/contact-us,Kenya,,mandela.sangura@lcig.io; support@lcig.io,+254737124149
51Liucheng,https://www.lcig.io/contact-us,Nepal,,saroj.dahal@lcig.io; support@lcig.io,+977 9706970161
51Liucheng,https://www.lcig.io/contact-us,New Zealand,,zhaoqing@lcig.io; support@lcig.io,+64-2902210325
51Liucheng,https://www.lcig.io/contact-us,Nigeria,Lagos,support@lcig.io,+234 8035066086
51Liucheng,https://www.lcig.io/contact-us,Pakistan,,rukhma@lcig.io; support@lcig.io,923288222246
51Liucheng,https://www.lcig.io/contact-us,Sri Lanka,,diluksha@lcig.io; support@lcig.io,+94 715 808 222
51Liucheng,https://www.lcig.io/contact-us,Tanzania,,jackson@lcig.io; support@lcig.io,+255-712003722
51Liucheng,https://www.lcig.io/contact-us,UK,London,mohammed@lcig.io; support@lcig.io,44-7455957007
51Liucheng,https://www.lcig.io/in-country-office,USA,Dubai,support@lcig.io,+61 2 9182 5868; +919910794488; +2348035066086; +254737124149; +923288222246
51Liucheng,https://www.lcig.io/contact-us,Zimbabwe,,jackson@lcig.io; support@lcig.io,+255-712003722
51Liucheng,https://www.lcig.io/contact-us,,Cairo,dounia@lcig.io; support@lcig.io,20-1120955013
51Liucheng,https://www.lcig.io/contact-us,,Guangzhou,hezuo@lcig.io,+86 - 20 - 89282003
51Liucheng,https://www.lcig.io/contact-us,,Ho Chi Minh,vy.nguyen@lcig.io; support@lcig.io,84-903929619
51Liucheng,https://www.lcig.io/contact-us,,Jakarta,dwiputri@lcig.io; support@lcig.io,62-85143419476
51Liucheng,https://www.lcig.io/contact-us,,Kuala Lumpur,alyona@lcig.io; support@lcig.io,44-7748771777
51Liucheng,https://www.lcig.io/contact-us,,Manila,alyona@lcig.io; support@lcig.io,44-7748771777
51Liucheng,https://www.lcig.io/contact-us,,New Delhi,support@lcig.io,9910794488
51Liucheng,https://www.lcig.io/contact-us,,,rukhma@lcig.io; support@lcig.io,923288222246
51Liucheng,https://www.lcig.io/contact-us,,,zhaoqing@lcig.io; support@lcig.io,+64-2902210325
51Liucheng,https://www.lcig.io/contact-us,,,hezuo@lcig.io,+86 - 21 - 20575588
51Liucheng,https://www.lcig.io/contact-us,,,mohammed@lcig.io; support@lcig.io,44-7455957007
51Liucheng,https://www.lcig.io/contact-us,,,hezuo@lcig.io,+86 - 371 - 61283799
51Liucheng,https://www.lcig.io/contact-us,,,romana@lcig.io; support@lcig.io,+8801608910082
51Liucheng,https://www.lcig.io/contact-us,,,saroj.dahal@lcig.io; support@lcig.io,+977 9706970161
51Liucheng,https://www.lcig.io/contact-us,,,alyona@lcig.io; support@lcig.io,44-7748771777
51Liucheng,https://www.lcig.io/contact-us,,,dwiputri@lcig.io; support@lcig.io,62-85143419476
51Liucheng,https://www.lcig.io/contact-us,,,dounia@lcig.io; support@lcig.io,20-1120955013
51Liucheng,https://www.lcig.io/contact-us,,,vy.nguyen@lcig.io; support@lcig.io,84-903929619
51Liucheng,https://www.lcig.io/contact-us,,,ovoke@lcig.io; support@lcig.io,+234-8035066086
51Liucheng,https://www.lcig.io/contact-us,,,diluksha@lcig.io; support@lcig.io,+94 715 808 222
51Liucheng,https://www.lcig.io/contact-us,,,jackson@lcig.io; support@lcig.io,+255-712003722
51Liucheng,https://www.lcig.io/contact-us,,,mandela.sangura@lcig.io; support@lcig.io,+254737124149
AAS Education,https://aas.com.hk/contact-us,Australia,Sydney,enquiry@aaseducation.com.au,61) 493-990-155 (61; 493-990-155
AAS Education,https://aas.com.hk/contact-us,Australia,,enquiry@aaseducation.com.au,61) 7-3844-6845 (61; 4-8407-2658
AAS Education,https://aas.com.hk/contact-us,Hong Kong,Hong Kong,enquiry@aas.com.hk; enquiry@aas.com.mo; enquiry@aaseducation.com.au; enquiry@aaseducation.co.uk,852) 2323-3287 (852; 9389-9940; 852) 2570-5711 (852; 853) 2838-9074 (853; 6818-2718; 61) 7-3844-6845 (61; 4-8407-2658; 61) 493-990-155 (61; 493-990-155; 44) 0-7470-836-344
AAS Education,https://aas.com.hk/contact-us,Hong Kong,Hong Kong,enquiry@aas.com.hk,852) 2570-5711 (852; 9389-9940
AAS Education,https://www.aas.com.hk/contact,Hong Kong,Hong Kong,enquiry@aas.com.hk,852) 2323-3287 (852; 9389-9940
AAS Education,https://aas.com.hk/contact-us,Macau,,enquiry@aas.com.mo,853) 2838-9074 (853; 6818-2718
AAS Education,https://aas.com.hk/contact-us,uk,,enquiry@aaseducation.co.uk,44) 0-7470-836-344
AAS Education,https://aas.com.hk/contact-us,,,enquiry@aas.com.hk,852) 2323-3287 (852; 9389-9940
AAS Education,https://aas.com.hk/contact-us,,,enquiry@aaseducation.com.au,61) 7-3844-6845 (61; 4-8407-2658
AAS Education,https://aas.com.hk/contact-us,,,enquiry@aas.com.mo,853) 2838-9074 (853; 6818-2718
AAS Education,https://aas.com.hk/contact-us,,,enquiry@aas.com.hk,852) 2570-5711 (852; 9389-9940
AAS Education,https://aas.com.hk/contact-us,,,enquiry@aaseducation.com.au,61) 493-990-155 (61; 493-990-155
AAS Education,https://www.aas.com.hk/offices,,,,+852 2323 3287; +852 2570 5711; +853 2838 9074
AAS Education,https://www.aas.com.hk/offices,,,,28-06-2026
AAS Education,https://www.aas.com.hk/offices,,,,2323 3287; 2570 5711
AAS Education,https://www.aas.com.hk/offices,,,,05-06-2026; 06-06-2026; 13-06-2026; 28-06-2026
AAS Education,https://www.aas.com.hk/offices,,,,05-06-2026
AAS Education,https://www.aas.com.hk/offices,,,,13-06-2026
AAS Education,https://www.aas.com.hk/offices,,,,06-06-2026
AAS Education,https://www.aas.com.hk/offices,,,,05-06-2026; 06-06-2026; 13-06-2026; 28-06-2026; 2323 3287; 2570 5711 0
AHZ Associates,https://www.ahzassociates.com/global-offices/bangladesh,Bangladesh,Dhaka,gulshan@ahzassociates.co.uk; dhaka6@ahzassociates.co.uk; uttara@ahzassociates.co.uk; rajshahi1@ahzassociates.co.uk; sylh@ahzassociates.co.uk; ctg@ahzassociates.co.uk; khulna@ahzassociates.co.uk; mirpur@ahzassociates.co.uk; bogura@ahzassociates.co.uk,+8801321147373; +8801313444858; +8801321147366; +8801958049423; +880 1324-295224; +880 1755-614763; +8801755614778; +8801329668456; +8801321147368; +8801958049448
AHZ Associates,https://www.ahzassociates.com/global-offices/bangladesh,Bangladesh,Dhaka,gulshan@ahzassociates.co.uk,+8801321147373
AHZ Associates,https://www.ahzassociates.com/global-offices/bangladesh,Bangladesh,Dhaka,uttara@ahzassociates.co.uk,+8801321147366
AHZ Associates,https://www.ahzassociates.com/global-offices/bangladesh,Bangladesh,Dhaka,dhaka6@ahzassociates.co.uk,+8801313444858
AHZ Associates,https://www.ahzassociates.com/global-offices/bangladesh,Bangladesh,,sylh@ahzassociates.co.uk,+880 1324-295224
AHZ Associates,https://www.ahzassociates.com/global-offices/bangladesh,Bangladesh,,rajshahi1@ahzassociates.co.uk,+8801958049423
AHZ Associates,https://www.ahzassociates.com/global-offices/bangladesh,Bangladesh,,mirpur@ahzassociates.co.uk,+8801321147368
AHZ Associates,https://www.ahzassociates.com/global-offices/bangladesh,Bangladesh,,khulna@ahzassociates.co.uk,+8801329668456
AHZ Associates,https://www.ahzassociates.com/global-offices/bangladesh,Bangladesh,,ctg@ahzassociates.co.uk,+8801755614778
AHZ Associates,https://www.ahzassociates.com/global-offices/bangladesh,Bangladesh,,sylh@ahzassociates.co.uk,+880 1755-614763
AHZ Associates,https://www.ahzassociates.com/global-offices/bangladesh,Bangladesh,,bogura@ahzassociates.co.uk,+8801958049448
AHZ Associates,https://www.ahzassociates.com/global-offices/pakistan,Pakistan,Islamabad,isl@ahzassociates.co.uk,+923430777773
AHZ Associates,https://www.ahzassociates.com/global-offices/pakistan,Pakistan,Islamabad,ir@ahzassociates.co.uk,+923470999111
AHZ Associates,https://www.ahzassociates.com/global-offices/pakistan,Pakistan,Karachi,karachi16@ahzassociates.co.uk,+923400035666
AHZ Associates,https://www.ahzassociates.com/global-offices/pakistan,Pakistan,Lahore,dha14@ahzassociates.co.uk,+923477748999
AHZ Associates,https://www.ahzassociates.com/global-offices/pakistan,Pakistan,Lahore,lahore11@ahzassociates.co.uk,+923477752999
AHZ Associates,https://www.ahzassociates.com/global-offices/pakistan,Pakistan,Lahore,lahore11@ahzassociates.co.uk; dha14@ahzassociates.co.uk; ir@ahzassociates.co.uk; isl@ahzassociates.co.uk; multan10@ahzassociates.co.uk; fsd13@ahzassociates.co.uk; karachi16@ahzassociates.co.uk; grw@ahzassociates.co.uk; psw9@ahzassociates.co.uk; isl18@ahzassociates.co.uk,+923477752999; +923477748999; +923470999111; +923430777773; +923477741999; +923447966664; +923400035666; +923444685999; +923400050666; +92 344 8166667
AHZ Associates,https://www.ahzassociates.com/global-offices/pakistan,Pakistan,,fsd13@ahzassociates.co.uk,+923447966664
AHZ Associates,https://www.ahzassociates.com/global-offices/pakistan,Pakistan,,multan10@ahzassociates.co.uk,+923477741999
AHZ Associates,https://www.ahzassociates.com/global-offices/pakistan,Pakistan,,isl18@ahzassociates.co.uk,+92 344 8166667
AHZ Associates,https://www.ahzassociates.com/global-offices/pakistan,Pakistan,,psw9@ahzassociates.co.uk,+923400050666
AHZ Associates,https://www.ahzassociates.com/global-offices/pakistan,Pakistan,,grw@ahzassociates.co.uk,+923444685999
AHZ Associates,https://www.ahzassociates.com/global-offices/united-kingdom,United Kingdom,London,info@ahzassociates.co.uk,+442073779630
AHZ Associates,https://www.ahzassociates.com/contact-us,uk,,info@ahzassociates.co.uk; admission@ahzassociates.co.uk; zislam@ahzassociates.co.uk,+44 207 377 9630
AHZ Associates,https://www.ahzassociates.com/global-offices/united-kingdom,uk,,info@ahzassociates.co.uk,+442073779630
AHZ Associates,https://www.ahzassociates.com/global-offices/bangladesh,uk,,gulshan@ahzassociates.co.uk,+8801321147373
AHZ Associates,https://www.ahzassociates.com/global-offices/bangladesh,uk,,sylh@ahzassociates.co.uk,+880 1324-295224
AHZ Associates,https://www.ahzassociates.com/global-offices/bangladesh,uk,,rajshahi1@ahzassociates.co.uk,+8801958049423
AHZ Associates,https://www.ahzassociates.com/global-offices/bangladesh,uk,,uttara@ahzassociates.co.uk,+8801321147366
AHZ Associates,https://www.ahzassociates.com/global-offices/bangladesh,uk,,dhaka6@ahzassociates.co.uk,+8801313444858
AHZ Associates,https://www.ahzassociates.com/global-offices/bangladesh,uk,,mirpur@ahzassociates.co.uk,+8801321147368
AHZ Associates,https://www.ahzassociates.com/global-offices/bangladesh,uk,,khulna@ahzassociates.co.uk,+8801329668456
AHZ Associates,https://www.ahzassociates.com/global-offices/bangladesh,uk,,ctg@ahzassociates.co.uk,+8801755614778
AHZ Associates,https://www.ahzassociates.com/global-offices/bangladesh,uk,,sylh@ahzassociates.co.uk,+880 1755-614763
AHZ Associates,https://www.ahzassociates.com/global-offices/pakistan,uk,,dha14@ahzassociates.co.uk,+923477748999
AHZ Associates,https://www.ahzassociates.com/global-offices/pakistan,uk,,lahore11@ahzassociates.co.uk,+923477752999
AHZ Associates,https://www.ahzassociates.com/global-offices/bangladesh,uk,,bogura@ahzassociates.co.uk,+8801958049448
AHZ Associates,https://www.ahzassociates.com/global-offices/pakistan,uk,,fsd13@ahzassociates.co.uk,+923447966664
AHZ Associates,https://www.ahzassociates.com/global-offices/pakistan,uk,,multan10@ahzassociates.co.uk,+923477741999
AHZ Associates,https://www.ahzassociates.com/global-offices/pakistan,uk,,isl@ahzassociates.co.uk,+923430777773
AHZ Associates,https://www.ahzassociates.com/global-offices/pakistan,uk,,ir@ahzassociates.co.uk,+923470999111
AHZ Associates,https://www.ahzassociates.com/global-offices/pakistan,uk,,isl18@ahzassociates.co.uk,+92 344 8166667
AHZ Associates,https://www.ahzassociates.com/global-offices/pakistan,uk,,psw9@ahzassociates.co.uk,+923400050666
AHZ Associates,https://www.ahzassociates.com/global-offices/pakistan,uk,,grw@ahzassociates.co.uk,+923444685999
AHZ Associates,https://www.ahzassociates.com/global-offices/pakistan,uk,,karachi16@ahzassociates.co.uk,+923400035666
AOJI,https://www.aoji.cn,,,,2025-2026
AOJI,https://www.aoji.cn,,,,400-601-0022; 2000 - 2020; 11010102003094
AOJI,https://www.aoji.cn,,,,11010102003094
AOJI,https://www.aoji.cn,,,,2024-2025
AOJI,https://www.aoji.cn,,,,2025-2026; 611-620
AOJI,https://www.aoji.cn,,,,2024-2025; 2025-2026
AOJI,https://www.aoji.cn,,,,00 400-601-0022
AOJI,https://www.aoji.cn,,,,2026-2027; 2022-2026; 2025-2026; 6.5-7.0; 611-620; 2024-2025
AOJI,https://www.aoji.cn,,,,2026-2027; 2022-2026; 2025-2026
AOJI,https://www.aoji.cn,,,,2026-2027
AOJI,https://www.aoji.cn,,,,2022-2026
AUG Study Services,https://www.aug.edu,Greece,,admissions@acg.edu,+30) 210 896 4531; +30) 210 896 4737
AUG Study Services,https://www.aug.edu,Greece,,admissions@acg.edu; info@aug.edu,+30) 210 896 4531; +30) 210 896 4737; +30) 210 600 9800; +30) 210 600 9811; 02110 (857) 284-790
AUG Study Services,https://www.aug.edu,Greece,,admissions@acg.edu,+30) 210 600 9800; +30) 210 600 9811
AUG Study Services,https://aug.edu/contact/,Greece,,studentaccounts@acg.edu; financialassistance@acg.edu; info@alba.acg.edu,+30) 210 600 9800; +30) 210 600 9819; +30) 210 896 4531
AUG Study Services,https://aug.edu/contact/,Greece,,acprog@alba.acg.edu,+30) 210 896 4531-8; +30) 210 896 2139
AUG Study Services,https://aug.edu/contact/,Greece,,admissions@acg.edu,+30) 219 600 9800; +30) 210 6082344
AUG Study Services,https://aug.edu/contact/,Greece,,pierce@acg.edu,+30) 210 600 9800-9
AUG Study Services,https://aug.edu/contact/,Greece,,pierceelementarysecretariats@acg.edu,+30) 211 107 6800
AUG Study Services,https://aug.edu/contact/,Greece,,pierceelementarysecretariats@acg.edu; pierce@acg.edu; admissions@acg.edu; acprog@alba.acg.edu,+30) 211 107 6800; +30) 210 600 9800-9; +30) 219 600 9800; +30) 210 6082344; +30) 210 896 4531-8; +30) 210 896 2139
AUG Study Services,https://aug.edu/contact/,Greece,,pierceelementarysecretariats@acg.edu; pierce@acg.edu; admissions@acg.edu; info@alba.acg.edu,+30) 211 107 6800; +30) 210 600 9800; +30) 210 600 9811; +30) 210 896 4531
AUG Study Services,https://aug.edu/contact/,Greece,,development-alumni@acg.edu,+30) 210 600 9800
AUG Study Services,https://aug.edu/contact/,Greece,,development-alumni@acg.edu; development@acg.edu,+30) 210 600 9800; 857) 284-7908 (857; 284-7915
AUG Study Services,https://aug.edu/contact/,Greece,,info@alba.acg.edu,+30) 210 896 4531
AUG Study Services,https://aug.edu/contact/,Greece,,pierceelementarysecretariats@acg.edu; pierce@acg.edu; admissions@acg.edu; acprog@alba.acg.edu; studentaccounts@acg.edu; financialassistance@acg.edu; info@alba.acg.edu; development-alumni@acg.edu; development@acg.edu,+30) 211 107 6800; +30) 210 600 9800-9; +30) 219 600 9800; +30) 210 6082344; +30) 210 896 4531-8; +30) 210 896 2139; +30) 210 600 9800; +30) 210 600 9819; +30) 210 896 4531; 857) 284-7908 (857; 284-7915; +30) 210 600 9811
AUG Study Services,https://aug.edu/contact/,Greece,,pierceelementarysecretariats@acg.edu; pierce@acg.edu; admissions@acg.edu; acprog@alba.acg.edu; studentaccounts@acg.edu; financialassistance@acg.edu; info@alba.acg.edu; development-alumni@acg.edu; development@acg.edu; info@aug.edu,+30) 211 107 6800; +30) 210 600 9800-9; +30) 219 600 9800; +30) 210 6082344; +30) 210 896 4531-8; +30) 210 896 2139; +30) 210 600 9800; +30) 210 600 9819; +30) 210 896 4531; 857) 284-7908 (857; 284-7915; +30) 210 600 9811; +30) 210 896 4531; +30) 210 896 4737; 02110 (857) 284-790
AUG Study Services,https://aug.edu/contact/,Greece,,studentaccounts@acg.edu,+30) 210 600 9800; +30) 210 600 9819
AUG Study Services,https://aug.edu/alumni/advancement-office/,Greece,,development-alumni@acg.edu,+30 210 600 9800
AUG Study Services,https://aug.edu/alumni/services/career-office/,Greece,,career@acg.edu; admissions@acg.edu; info@aug.edu,+30 210 600 9800; +30) 210 896 4531; +30) 210 896 4737; +30) 210 600 9800; +30) 210 600 9811; 02110 (857) 284-790
AUG Study Services,https://aug.edu/contact/,USA,,development@acg.edu,857) 284-7908 (857; 284-7915
AUG Study Services,https://aug.edu/alumni/advancement-office/,USA,,development-alumni@acg.edu; agiannakopoulou@acg.edu; DToumpis@acg.edu; cchantzou@acg.edu; AKonstantopoulou@acg.edu; ndelli@acg.edu; MKoukas@acg.edu,857-284-7908; 857-284-7915; +30 210 600 9800; +30 210 6009800
AUG Study Services,https://aug.edu/alumni/advancement-office/,USA,,development-alumni@acg.edu; agiannakopoulou@acg.edu; DToumpis@acg.edu; cchantzou@acg.edu; AKonstantopoulou@acg.edu; ndelli@acg.edu; MKoukas@acg.edu; admissions@acg.edu; info@aug.edu,857-284-7908; 857-284-7915; +30 210 600 9800; +30 210 6009800; +30) 210 896 4531; +30) 210 896 4737; +30) 210 600 9800; +30) 210 600 9811; 02110 (857) 284-790
AUG Study Services,https://aug.edu/alumni/advancement-office/,USA,,,857-284-7908; 857-284-7915
AUG Study Services,https://www.aug.edu,,,info@aug.edu,02110 (857) 284-790
AUG Study Services,https://www.aug.edu,,,admissions@acg.edu,+30) 210 600 9800; +30) 210 600 9811
AUG Study Services,https://www.aug.edu,,,admissions@acg.edu,+30) 210 896 4531; +30) 210 896 4737
AUG Study Services,https://aug.edu/contact/,,,info@alba.acg.edu,+30) 210 896 4531
AUG Study Services,https://aug.edu/contact/,,,pierceelementarysecretariats@acg.edu,+30) 211 107 6800
AUG Study Services,https://aug.edu/alumni/advancement-office/,,,AKonstantopoulou@acg.edu,+30 210 6009800
AUG Study Services,https://aug.edu/alumni/advancement-office/,,,cchantzou@acg.edu,+30 210 600 9800
Academix Study Abroad Services,https://www.academix.com.tr/locations,Malta,Dubai,info@academix.com.tr,+90 212 249 94 89; +90 212 249 86 11; 1996 - 2026
Academix Study Abroad Services,https://www.academix.com.tr,,kabul,,05.05.2026 17
Academix Study Abroad Services,https://www.academix.com.tr,,kabul,,09.04.2026 19; 00 - 20
Academix Study Abroad Services,https://www.academix.com.tr,,kabul,,06.06.2026 16; 05.05.2026 17; 10.04.2026 19; 00 - 20; 09.04.2026 19
Academix Study Abroad Services,https://www.academix.com.tr/contact,,İSTANBUL,atasehir@academix.com.tr,41 34758; +90 541 828 47 23; +90 555 010 30 49; +90 555 010 30 48
Academix Study Abroad Services,https://www.academix.com.tr,,İSTANBUL,info@academix.com.tr,+90 212 249 94 89; +90 212 249 86 11
Academix Study Abroad Services,https://www.academix.com.tr/contact,,İSTANBUL,,41 34758
Academix Study Abroad Services,https://www.academix.com.tr/contact,,İstanbul,maslak@academix.com.tr,26 34396; +90 507 564 45 26
Academix Study Abroad Services,https://www.academix.com.tr/contact,,İstanbul,,26 34396
Academix Study Abroad Services,https://www.academix.com.tr/contact,,,izmir@academix.com.tr,107 35220; +90 232 464 60 70; 0545 837 58 19 0544; 464 78 64 0549 464; 60 70 0553 568 63 6; 5 0553 912 23 69 05; 53 812 23 69 0542 2; 71 26 74 0545 587 5
Academix Study Abroad Services,https://www.academix.com.tr/contact,,,gaziantep@academix.com.tr,+90 342 215 4588; 0549 125 31 99
Academix Study Abroad Services,https://www.academix.com.tr/contact,,,kayseri@academix.com.tr,+90 352 333 23 32; 0532 561 2365
Academix Study Abroad Services,https://www.academix.com.tr/contact,,,adana@academix.com.tr,+90 322 247 02 99; 0532 449 9601
Academix Study Abroad Services,https://www.academix.com.tr/contact,,,bodrum@academix.com.tr,+90 0551 504 22 34
Academix Study Abroad Services,https://www.academix.com.tr/contact,,,corlu@academix.com.tr,51 59850; +90 282 652 12 00; 0553 698 1800 0553; 407 1722
Academix Study Abroad Services,https://www.academix.com.tr/contact,,,kocaeli@academix.com.tr,57 41040; +90 262 502 03 54; 0545 294 24 98
Academix Study Abroad Services,https://www.academix.com.tr/contact,,,,51 59850
Academix Study Abroad Services,https://www.academix.com.tr/contact,,,,+90 541 828 47 23; +90 555 010 30 49; +90 555 010 30 48
Academix Study Abroad Services,https://www.academix.com.tr/contact,,,,0545 837 58 19 0544; 464 78 64 0549 464; 60 70 0553 568 63 6; 5 0553 912 23 69 05; 53 812 23 69 0542 2; 71 26 74 0545 587 5
Academix Study Abroad Services,https://www.academix.com.tr/contact,,,,+90 (544) 153 34 30; +90 (544) 153 34 96
Academix Study Abroad Services,https://www.academix.com.tr/contact,,,,0507 179 5961 0507; 797 5962 0507 179 5; 960 0505 089 4932 0; 505 089 4937
Academix Study Abroad Services,https://www.academix.com.tr/contact,,,,0542 339 5488 0507; 002 7109 0552 202 7; 781 0553 867 6702 0; 507 002 7136 0546 9; 02 2723
Academix Study Abroad Services,https://www.academix.com.tr/contact,,,,107 35220
Academix Study Abroad Services,https://www.academix.com.tr,,,,10.04.2026 19; 00 - 20
Academix Study Abroad Services,https://www.academix.com.tr/contact,,,,57 41040
Academix Study Abroad Services,https://www.academix.com.tr,,,,09.04.2026 19; 00 - 20
Academix Study Abroad Services,https://www.academix.com.tr/contact,,,,0506 584 4997 0541; 335 5596 0543 457 1; 660 0552 202 5812 0; 530 343 6088
Academix Study Abroad Services,https://www.academix.com.tr/contact,,,,0546 902 2731 0546; 902 2720 0541 335 5; 596 0553 406 0198
Academix Study Abroad Services,https://www.academix.com.tr/contact,,,,+90 552 207 17 00; +90 553 699 18 00
Academix Study Abroad Services,https://www.academix.com.tr,,,,06.06.2026 16
Amber Education,https://www.hugedomains.com/contact.cfm,,,,1-303-893-0552
Amber Education,https://www.hugedomains.com/contact.cfm,,,,303-893-0552; 303-893-0507
Amber Education,https://www.hugedomains.com/contact.cfm,,,,303-893-0552
Amber Education,https://www.hugedomains.com/contact.cfm,,,,+1-303-893-0552
Amber Education,https://www.hugedomains.com/contact.cfm,,,,1-303-893-0552; 303-893-0552; 303-893-0507
And Vision,https://www.andvision.net,Japan,Tokyo,,101-0052; +81-(0)3-5577-4500
And Vision,https://www.andvision.net,Japan,Tokyo,,101-0052; 03-5577-4500; +81-(0)3-5577-4500
And Vision,https://www.andvision.net,Japan,Tokyo,,101-0052; 03-5577-4500; +81-(0)3-5577-4500; 2005-2026
And Vision,https://www.andvision.net,,,,2005-2026
And Vision,https://www.andvision.net,,,,101-0052; 03-5577-4500
Azeri Student,https://azeristudent.az/contact,Azerbaijan,Baku,info@azeristudent.az; ulkar@azeristudent.az,+994 50 271 66 69; +994 50 254 03 28
Azeri Student,https://azeristudent.az/branches,Azerbaijan,Baku,info@azeristudent.az; info@studycare.ma; info@studycare.ge; info@studycare.kg; info@studycare.uz; kiev@studentstudy.com.ua,+994 50 271 66 69; +212 624 10 10 13; +995 593 99 00 00; +994 50 254 03 29; +998 95 829 11 11; +380 97 264 9764
Azeri Student,https://azeristudent.az/branches,Azerbaijan,Baku,info@azeristudent.az; info@studycare.ma; info@studycare.ge; info@studycare.kg; info@studycare.uz; kiev@studentstudy.com.ua; ulkar@azeristudent.az,+994 50 271 66 69; +212 624 10 10 13; +995 593 99 00 00; +994 50 254 03 29; +998 95 829 11 11; +380 97 264 9764; +994 50 254 03 28
Azeri Student,https://azeristudent.az/contact,UK,,info@azeristudent.az; ulkar@azeristudent.az,+994 50 271 66 69; +994 50 254 03 28
Azeri Student,https://azeristudent.az/contact,United States,London,info@azeristudent.az; ulkar@azeristudent.az,+994 50 271 66 69; +994 50 254 03 28
Azeri Student,https://www.azeristudent.az,,,info@azeristudent.az,+994 50 271 66 69; +994 50 254 03 28
BEO,https://www.beo.jp,,,,03-6427-9605; 03-6427-9607; 06-7777-7323
BEO,https://beo.jp/news/260202-osaka-office-tel/,,,,06-7777-7323
Baku City Academy,https://www.bakucityacademy.com/contact,,Baku,info@bakucityacademy.com,+994 50 277 11 23
Baku City Academy,https://www.bakucityacademy.com/contact,,,info@bakucityacademy.com,+994 50 277 11 23
Beach Education LTD,https://www.beacheducation.com,UK,,fiona@beacheducation.com,+44 7715 286 144
Beach Education LTD,https://www.beacheducation.com,UK,,fiona@beacheducation.com,+44 7715 286 144; 15567623
Beach Education LTD,https://www.beacheducation.com,,,fiona@beacheducation.com,+44 7715 286 144
Beach Education LTD,https://www.beacheducation.com,,,,15567623
Bridge House College,https://www.bridgehousecollege.com/contact/,Nigeria,Lagos,info@bridgehousecollege.com; admissions@bridgehousecollege.com; marketing@bridgehousecollege.com,08028427208; 08187553400; 08098008654
Bridge House College,https://www.bridgehousecollege.com/contact/,,,info@bridgehousecollege.com; admissions@bridgehousecollege.com; marketing@bridgehousecollege.com,08028427208; 08187553400; 08098008654
Bridge House College,https://www.bridgehousecollege.com/contact,,,,08187553400
Bright Can-Achieve,https://www.can-achieve.com,Vietnam,Beijing,Marketing@can-achieve.com,400-609-1118
Bright Can-Achieve,https://www.can-achieve.com,Vietnam,Beijing,Marketing@can-achieve.com,400-609-1118; 02 3000
Bright Can-Achieve,https://www.can-achieve.com/about/contact,,,,400-609-1118
British Side,https://www.britishside.com/contact-us,United States,İstanbul,info@britishside.com; pte@britishside.com,+90 (212) 327 27 01; +90 (312) 466 45 10; +90 (538) 472 31 13
British Side,https://www.britishside.com/contact-us,,Ankara,pte@britishside.com,+90 (312) 466 45 10; +90 (538) 472 31 13
British Side,https://www.britishside.com/contact-us,,İstanbul,info@britishside.com,+90 (212) 327 27 01
British Side,https://www.britishside.com/contact-us,,İstanbul,info@britishside.com; pte@britishside.com,+90 (212) 327 27 01; +90 (312) 466 45 10; +90 (538) 472 31 13
British Side,https://www.britishside.com/contact-us,,,,+90 (212) 327 27 01
British United,https://www.britishunited.net/contact-us/,Hong Kong,Hong Kong,info@britishunited.net,34269976; 3426 9976; 721-725; +44 01235; 2026 2027 2028 2029; 2030 2031 2032 2033
British United,https://www.BritishUnited.net,Hong Kong,Hong Kong,info@britishunited.net,34269976; 36 - 68; 18 - 68; 17 - 56; 2019-2025; 3426 9976; 721-725
British United,https://www.britishunited.net/contact-us/,,London,info@britishunited.net,3426 9976; 721-725; +44 01235; 2026 2027 2028 2029; 2030 2031 2032 2033
British United,https://www.BritishUnited.net,,London,,2019-2025
British United,https://www.britishunited.net/contact-us/,,,info@britishunited.net,3426 9976; 721-725; +44 01235; 2026 2027 2028 2029; 2030 2031 2032 2033
British United,https://www.britishunited.net/contact-us/,,,info@britishunited.net,3426 9976; 721-725
British United,https://www.BritishUnited.net,,,,34269976
British United,https://www.britishunited.net/contact-us/,,,,+44 01235; 2026 2027 2028 2029; 2030 2031 2032 2033
British United,https://www.britishunited.net/contact-us/,,,,+44 01235
British University Placements,https://www.britishuniversityplacements.com,UK,Paris,info@britishuniversityplacements.com,+44 1332 416414
British University Placements,https://www.britishuniversityplacements.com,,,info@britishuniversityplacements.com,+44 1332 416414
CEG (PP),https://www.cambridgeeducationgroup.com,United Kingdom,,,+44 1223 346180
CEG (PP),https://www.cambridgeeducationgroup.com,United Kingdom,,,06020370; +44 1223 346180
CEG (PP),https://www.cambridgeeducationgroup.com/contact-us/,,,,+44 1223 346180
CEG (PP),https://www.cambridgeeducationgroup.com/contact-us/#partner-with-us,,,,06020370
Chamberlain,https://www.chamberlain-edu.com,,,info@chamberlain-edu.com,"+852
		3426 8000"
Chamberlain,https://www.chamberlain-edu.com,,,,17.7.2024; 19.7.2023
Edcon,https://edcon-prj.com/contact-info/,,,,303) 980-6556
Edcon,https://edcon-prj.com/contact-info/,,,,303) 980-6556; 713-824-1897; 303-980-6556; 303-980- 6556
Edcon Education,https://www.edcon.com.tr,Malta,Dubai,edcon@edcon.com.tr,+90216 301 13 23; 1 2 3 4 5 6 7 8 9 1
Edcon Education,https://www.edcon.com.tr,TURKEY,İSTANBUL,edcon@edcon.com.tr,+90 216 301 1323; +90 541 234 4899
Edcon Education,https://www.edcon.com.tr,,,edcon@edcon.com.tr,+90216 301 13 23
Edcon Education,https://www.edcon.com.tr,,,,+90 541 234 4899
Edcon Education,https://www.edcon.com.tr,,,,1996-2026
Edlogica,https://www.edlogica.com,India,,hello@edlogica.com,+91 72260 33339
Edlogica,https://edlogica.com/contact,Nigeria,Lagos,hello@edlogica.com,+234 916 638 1923
Edlogica,https://edlogica.com/contact,Sri Lanka,Colombo,hello@edlogica.com,+94 70 555 0006
Edlogica,https://www.edlogica.com,UAE,Dubai,hello@edlogica.com,+97 158 961 4654
Edlogica,https://www.edlogica.com,UK,Dubai,hello@edlogica.com,+44 203 930 9666; +97 158 961 4654; +234 916 638 1923; +91 72260 33339
Edlogica,https://www.edlogica.com,UK,London,hello@edlogica.com,+44 203 930 9666; +97 158 961 4654; +234 916 638 1923; +91 72260 33339
Edlogica,https://www.edlogica.com,UK,London,hello@edlogica.com,+44 203 930 9666
Edlogica,https://edlogica.com/contact,UK,London,hello@edlogica.com,+44 203 930 9666; +97 158 961 4654; +234 916 638 1923; +94 70 555 0006; +91 72260 33339
Edroots,https://www.edroots.com/contact,India,Bengaluru,,9567041333
Edroots,https://www.edroots.com/contact,India,Kochi,info@edroots.in; calicut@edroots.com; kannur@edroots.com; kochi@edroots.com; ksd@edroots.com; mangalore@edroots.com; kjd.edroots@gmail.com; london@edroots.com; tvm@edroots.com; kottayam@edroots.com,0484 2941 333; +919349555333; 679 322; 04933 272333; 9349 555333; 673 004; 0495 233 4333; 8086 125333; 670 002; 0497 2702333; 9152 555333; 682 011; 0484 2941333; 8086 133333; 0499 4227444; 8593 040333; 575 001; 08244 267333; 8083 555333; 671 315; 8594 040333; +44 7403 467467; +44 7305 005367; 695 004; 0471 271 0333; 96567 55333; 686 001; 0481 2433333; 9747855333; 641 018; 0422 2773333; 9656 855 333; +97143997022; +971 56 9630 456; +91 95674 21333; 9567041333
Edroots,https://www.edroots.com/branch/kochi,India,Kochi,,04842941333; 8086133333
Edroots,https://www.edroots.com/branch/kannur,UK,London,,9000-15000
Edroots,https://www.edroots.com/branch/kannur,UK,,,9000-15000
Edroots,https://www.edroots.com/contact,United Arab Emirates,Dubai,,+97143997022; +971 56 9630 456
Edroots,https://www.edroots.com,United Kingdom,Dubai,info@edroots.in,0484 2941 333; +919349555333
Edroots,https://www.edroots.com/contact,United Kingdom,Dubai,info@edroots.in; calicut@edroots.com; kannur@edroots.com; kochi@edroots.com; ksd@edroots.com; mangalore@edroots.com; kjd.edroots@gmail.com; london@edroots.com; tvm@edroots.com; kottayam@edroots.com,0484 2941 333; +919349555333; 679 322; 04933 272333; 9349 555333; 673 004; 0495 233 4333; 8086 125333; 670 002; 0497 2702333; 9152 555333; 682 011; 0484 2941333; 8086 133333; 0499 4227444; 8593 040333; 575 001; 08244 267333; 8083 555333; 671 315; 8594 040333; +44 7403 467467; +44 7305 005367; 695 004; 0471 271 0333; 96567 55333; 686 001; 0481 2433333; 9747855333; 641 018; 0422 2773333; 9656 855 333; +97143997022; +971 56 9630 456; +91 95674 21333; 9567041333
Edroots,https://www.edroots.com,United Kingdom,Dubai,info@edroots.in,682 011 0484 2941 3; +919349555333; 682 011 04842941333
Edroots,https://www.edroots.com/branch/kannur,United Kingdom,Dubai,info@edroots.in,0484 2941 333; +919349555333; 9000-15000
Edroots,https://www.edroots.com/branch/kochi,United Kingdom,Dubai,info@edroots.in,0484 2941 333; +919349555333; 04842941333; 8086133333
Edroots,https://www.edroots.com/contact,United Kingdom,London,london@edroots.com,+44 7403 467467; +44 7305 005367
Edroots,https://www.edroots.com/branch/kochi,,Kochi,,04842941333; 8086133333
Edroots,https://www.edroots.com/branch/kochi,,,info@edroots.in,682 011 0484 2941 3; +919349555333
Edroots,https://www.edroots.com/branch/kochi,,,info@edroots.in,0484 2941 333; +919349555333
Edroots,https://www.edroots.com/contact,,,ksd@edroots.com,0499 4227444; 8593 040333
Edroots,https://www.edroots.com/contact,,,,+91 95674 21333
Edroots,https://www.edroots.com/branch/kannur,,,,9000-15000
EduGlobe,https://www.eduglobe.com/locations,,,,1913921
Eduabroad Consulting,https://www.eduabroad.in,India,Singapore,pratibha.eduabroad@gmail.com,+919820035030
Eduabroad Consulting,https://www.eduabroad.in,USA,Singapore,pratibha.eduabroad@gmail.com,+919820035030
Eduabroad Consulting,https://www.eduabroad.in/contact-us,,Mumbai,pratibha.eduabroad@gmail.com,+919820035030
Eduabroad Consulting,https://www.eduabroad.in/locations,,,pratibha.eduabroad@gmail.com,+919820035030
Education International Cooperation (EIC) Group Limited,https://www.eic.org.cn/eic/contact,China,Beijing,sydney@eiceducation.com.cn,400-1010-123; 1801-1802; +61 2 9281 5000; 801-802; 1 2 3 4 5 6 11
Education International Cooperation (EIC) Group Limited,https://www.eic.org.cn/eic/contact,China,Beijing,sydney@eiceducation.com.cn,400-1010-123; 1801-1802; +61 2 9281 5000; 801-802; 1 2 3 4 5 6 11; 00 400-1010-123; 1860086; 01059992; 400-002-9550; 952928233; 2003-2026; 2022002161; 37010202002903
Education International Cooperation (EIC) Group Limited,https://www.eic.org.cn/eic/contact,China,Guangzhou,,400-1010-123
Education International Cooperation (EIC) Group Limited,https://www.eic.org.cn,UK,Sydney,,"400-1010-123; 5 7 9 1 5; 2026.03.31; 2025.10.14; 2025-2026; 2025.9.23; 2025.10.16; 2026.06.04; 2026.06.04 27; 2026.06.03; 2026.06.03 2026; 2026.06.02; 2025-12-18; 2025-03-04; 2026-01-29; 2026-02-13; 2025-07-01; 2025-01-20; 2025-05-02; 2025-04-09; 2025-08-28; 2025-08-25; 2025-03-22; 2025-05-01; 2025-03-27; 2025-08-22; 2025-08-01; 2025-05-30; 2025-07-17; 2025-05-08; 2025-08-29; 2025-06-23; 2025-06-03; 2025-05-22; 2025-07-16; 2025-07-15; 2025-05-16; 2025-06-05; 2025-06-15; 2025-06-01; 2025-07-24; 2025-08-02; 2025-06-27; 2025-05-09; 2025-07-09; 2025-05-04; 2025-06-02; 2025-06-19; 2025-09-05; 2025-08-26; 2025-08-18; 2025-06-13; 2025-26; 500-550; 425-550; 425-500; 60-75

3; 40-50

4; 00 400-1010-123; 1860086; 01059992; 400-002-9550; 952928233; 2003-2026; 2022002161; 37010202002903"
Education International Cooperation (EIC) Group Limited,https://www.eic.org.cn/eic/contact,,Beijing,,400-1010-123; 1801-1802
Education International Cooperation (EIC) Group Limited,https://www.eic.org.cn/eic/contact,,Beijing,,1801-1802
Education International Cooperation (EIC) Group Limited,https://www.eic.org.cn/eic/contact,,Beijing,,400-1010-123
Education International Cooperation (EIC) Group Limited,https://www.eic.org.cn/eic/contact,,Beijing,,400-1010-123; 801-802
Education International Cooperation (EIC) Group Limited,https://www.eic.org.cn/eic/contact,,Guangzhou,,400-1010-123
Education International Cooperation (EIC) Group Limited,https://www.eic.org.cn/eic/contact,,sydney,sydney@eiceducation.com.cn,+61 2 9281 5000
Education International Cooperation (EIC) Group Limited,https://www.eic.org.cn/eic/contact,,,,2003-2026; 2022002161; 37010202002903
Education International Cooperation (EIC) Group Limited,https://www.eic.org.cn/eic/contact,,,,1801-1802
Education International Cooperation (EIC) Group Limited,https://www.eic.org.cn/eic/contact,,,,00 400-1010-123
Education International Cooperation (EIC) Group Limited,https://www.eic.org.cn/eic/contact,,,,1860086; 01059992
Education International Cooperation (EIC) Group Limited,https://www.eic.org.cn/eic/contact,,,,00 400-1010-123; 1860086; 01059992
Education International Cooperation (EIC) Group Limited,https://www.eic.org.cn,,,,400-002-9550; 952928233; 2003-2026; 2022002161; 37010202002903
Education International Cooperation (EIC) Group Limited,https://www.eic.org.cn,,,,400-002-9550
Education International Cooperation (EIC) Group Limited,https://www.eic.org.cn/eic/contact,,,,952928233
Education International Cooperation (EIC) Group Limited,https://www.eic.org.cn/eic/contact,,,,400-1010-123
Education International Cooperation (EIC) Group Limited,https://www.eic.org.cn/eic/contact,,,,400-1010-123; 801-802
Education International Cooperation (EIC) Group Limited,https://www.eic.org.cn,,,,2025-2026; 2025.9.23
Education Links,https://www.educationlinks.com.bh,Bahrain,,admissions@educationlinks.com.bh,+973 1725-5909
Education Links,https://educationlinks.com.bh/contact/,Bahrain,,admissions@educationlinks.com.bh,+973 1725-5909; +973 3820-5520; +973 3806-2020; +973 3877-0204; +973 3899-4082
Education Links,https://educationlinks.com.bh/contact/,UK,,admissions@educationlinks.com.bh,+973 1725-5909; +973 3820-5520; +973 3806-2020; +973 3877-0204; +973 3899-4082
Education Links,https://educationlinks.com.bh/contact/,,,,+973 3820-5520; +973 3806-2020; +973 3877-0204; +973 3899-4082
Education Resource Network (ERN) Pakistan,https://ernglobal.org/contact-us/,Bahrain,,bahrain@ernglobal.org,+973 6691 9081
Education Resource Network (ERN) Pakistan,https://ernglobal.org/contact-us/,Pakistan,Islamabad,o.mirza@ern.com.pk; marketing@ernglobal.org; o.mirza@ern-dubai.com; bahrain@ernglobal.org,+92 51 2824754; +92 51 2601602; +92 300-5007969; +92 315 8399663; +971 45890111; +971 50 8540515; +973 6691 9081
Education Resource Network (ERN) Pakistan,https://ernglobal.org/contact-us/,UAE,Dubai,o.mirza@ern-dubai.com,+971 45890111; +971 50 8540515
Education Resource Network (ERN) Pakistan,https://ernglobal.org/contact-us/,,Islamabad,o.mirza@ern.com.pk,+92 51 2824754; +92 51 2601602; +92 300-5007969
Education Resource Network (ERN) Pakistan,https://ernglobal.org/contact-us/,,Lahore,marketing@ernglobal.org,+92 315 8399663
Education Resource Network (ERN) Pakistan,https://ernglobal.org/contact-us/,,,,+971 45890111; +971 50 8540515
Education Resource Network (ERN) Pakistan,https://ernglobal.org/contact-us/,,,,+92 51 2824754; +92 51 2601602; +92 300-5007969
Education Tower,https://www.educationtower.com/about/contact,,,,114.129.14.183
Educativa Group,https://www.educativagroup.com,,,administracion@educativagroup.com,+51 968 794 259; 30 - 18
Educativa Group,https://www.educativagroup.com,,,administracion@educativagroup.com,104 968 794 259
Educativa Group,https://www.educativagroup.com,,,administracion@educativagroup.com,104 968 794 259; 054) 968 794 259; +51 968 794 259; 30 - 18
Educativa Group,https://www.educativagroup.com,,,administracion@educativagroup.com,054) 968 794 259
Educativa Group,https://www.educativagroup.com,,,administracion@educativagroup.com,104 968 794 259; 054) 968 794 259
Edumax,https://www.edumax.az/contact,Canada,Baku,info@edumax.az,1008 0703332111; 31134 (02; 98380 (03
Edumax,https://www.edumax.az/contact,Canada,Baku,info@edumax.az,1008 0703332111; 31134 (02; 98380 (03; 0703332111
Edumax,https://www.edumax.az/about/contact,Canada,,,31134 (02; 98380 (03
Edumax,https://www.edumax.az/locations,,Baku,info@edumax.az,1008 0703332111
Edumax,https://www.edumax.az/locations,,Baku,info@edumax.az,1008 0703332111; 0703332111
Edumax,https://www.edumax.az/offices,,,info@edumax.az,0703332111
Edvoy Educational Services Ltd.,https://edvoy.com/contact/study-abroad-consultant-in-vijayawada/,Afghanistan,Hong Kong,contact@edvoy.com,+918925512584; 2025 2026; +918925844459; 2020 - 2026
Edvoy Educational Services Ltd.,https://edvoy.com/contact/study-abroad-consultant-in-new-delhi/,Afghanistan,Hong Kong,,2025 2026
Edvoy Educational Services Ltd.,https://edvoy.com/contact/study-abroad-consultant-in-vijayawada/,Afghanistan,Hong Kong,,+918925512584; 2025 2026
Edvoy Educational Services Ltd.,https://edvoy.com/contact/study-abroad-consultant-in-new-delhi/,Afghanistan,New Delhi,contact@edvoy.com,+918925512584; 2025 2026; 08925844459; 2020 - 2026
Edvoy Educational Services Ltd.,https://edvoy.com/contact/study-abroad-consultant-in-new-delhi/,Afghanistan,New Delhi,,+918925512584; 2025 2026
Edvoy Educational Services Ltd.,https://edvoy.com/contact/,Bangladesh,Dhaka,dhaka@edvoy.com,+880 1767-696649
Edvoy Educational Services Ltd.,https://edvoy.com/contact/,China,,nicole.he@edvoy.com,+86 14702889781
Edvoy Educational Services Ltd.,https://edvoy.com/contact/,Pakistan,Lahore,lahore@edvoy.com; islamabad@edvoy.com; faisalabad@edvoy.com; peshawar@edvoy.com,+92 324 4466696; +92 302 8108333; +92 307 8108333; +92 306 8108333; +92 333 0180402; +92 333 0180405; +923260000262; +923260000290
Edvoy Educational Services Ltd.,https://edvoy.com/contact/,Sri Lanka,Colombo,srilanka@edvoy.com,+94 771731717
Edvoy Educational Services Ltd.,https://edvoy.com/contact/,Thailand,Bangkok,thailand@iecabroad.com,+66 (0) 250 4585-6
Edvoy Educational Services Ltd.,https://edvoy.com/contact/,United Kingdom,,admissions@edvoy.com,+44 (0) 161 233 4295
Edvoy Educational Services Ltd.,https://edvoy.com/contact/study-abroad-consultant-in-chennai/,,Chennai,contact@edvoy.com,8925844459
Edvoy Educational Services Ltd.,https://edvoy.com/contact/,,Dhaka,dhaka@edvoy.com,+880 1767-696649
Edvoy Educational Services Ltd.,https://edvoy.com/contact/,,Hyderabad,contact@edvoy.com,+918925512584
Edvoy Educational Services Ltd.,https://edvoy.com/contact/,,Islamabad,islamabad@edvoy.com,+92 307 8108333; +92 306 8108333
Edvoy Educational Services Ltd.,https://edvoy.com/contact/,,Lahore,lahore@edvoy.com,+92 324 4466696; +92 302 8108333
Edvoy Educational Services Ltd.,https://edvoy.com/contact/,,Lahore,lahore@edvoy.com; islamabad@edvoy.com; faisalabad@edvoy.com; peshawar@edvoy.com,+92 324 4466696; +92 302 8108333; +92 307 8108333; +92 306 8108333; +92 333 0180402; +92 333 0180405; +923260000262; +923260000290
Edvoy Educational Services Ltd.,https://edvoy.com/contact/,,New Delhi,contact@edvoy.com,+918925512584
Edvoy Educational Services Ltd.,https://edvoy.com/contact/study-abroad-consultant-in-new-delhi/,,New Delhi,contact@edvoy.com,08925844459
Edvoy Educational Services Ltd.,https://edvoy.com/contact/,,,contact@edvoy.com,+918925512584
Edvoy Educational Services Ltd.,https://edvoy.com/contact/,,,peshawar@edvoy.com,+923260000262; +923260000290
Edvoy Educational Services Ltd.,https://edvoy.com/contact/,,,faisalabad@edvoy.com,+92 333 0180402; +92 333 0180405
Edvoy Educational Services Ltd.,https://edvoy.com/contact/study-abroad-consultant-in-vijayawada/,,,contact@edvoy.com,+918925844459
Edvoy Educational Services Ltd.,https://edvoy.com/contact/study-abroad-consultant-in-new-delhi/,,,contact@edvoy.com,08925844459
Edvoy Educational Services Ltd.,https://edvoy.com/contact/study-abroad-consultant-in-new-delhi/,,,,2025 2026
Edvoy Educational Services Ltd.,https://edvoy.com/contact/,,,,+92 324 4466696; +92 302 8108333
Edvoy Educational Services Ltd.,https://edvoy.com/contact/,,,,+92 307 8108333; +92 306 8108333
Edwise International LLP,https://www.edwiseinternational.com,Australia,London,,2026 2027
Edwise International LLP,https://www.edwiseinternational.com,UK,Singapore,,2026 2027
Edwise International LLP,https://www.edwiseinternational.com,,,,2026 2027
Elite International Education,https://www.eliteinternationaleducation.com,,İstanbul,info@eliteinternationaleducation.com,+90 212 281 11 42-43; +90 530 558 91 38
GSE-BEO,https://www.gse.edu.vn,Australia,Sydney,,+61 450 620 896
GSE-BEO,https://www.gse.edu.vn,Australia,,,+61 450 620 896
GSE-BEO,https://www.gse.edu.vn/about/contact,Canada,Singapore,info@gse.edu.vn,1900 7211
GSE-BEO,https://www.gse.edu.vn/about/contact,United Kingdom,London,uk@gse.edu.vn,+44 7845 715 602
GSE-BEO,https://www.gse.edu.vn/about/contact,United Kingdom,London,uk@gse.edu.vn,1900 7211; 0104020995; +84 24 3771 3561; +84 92 363 5656; +84 28 3820 7759; +84 93 499 9329; +84 356 939 269; +44 7845 715 602; +61 450 620 896
GSE-BEO,https://www.gse.edu.vn,,,info@gse.edu.vn,1900 7211
GSE-BEO,https://www.gse.edu.vn/about/contact,,,,+84 24 3771 3561; +84 92 363 5656
GSE-BEO,https://www.gse.edu.vn/about/contact,,,,+84 28 3820 7759; +84 93 499 9329
GSE-BEO,https://www.gse.edu.vn/locations,,,,0104020995
GSE-BEO,https://www.gse.edu.vn/about/contact,,,,1900 72 11
GSE-BEO,https://www.gse.edu.vn/about/contact,,,,+84 356 939 269
GSE-BEO,https://www.gse.edu.vn,,,,2026-2027; 2026 18
GSE-BEO,https://www.gse.edu.vn,,,,2026-2027
GeeBee,https://www.geebeeworld.com/about-us#branches,USA,Mumbai,info@geebeeworld.com,2002 2005 1000; 2014 2001; 2005 1000; 2021 3800; 2005 2005 1000; 2005 2005 5
GeeBee,https://www.geebeeworld.com/about-us#branches,USA,Mumbai,,2005 2005 1000; 2005 2005 5
GeeBee,https://www.geebeeworld.com/about-us#branches,USA,Mumbai,,2005 1000; 2021 3800
GeeBee,https://www.geebeeworld.com/about-us#branches,USA,Mumbai,,2002 2005 1000
GeeBee,https://www.geebeeworld.com/about-us#contact-us,USA,Mumbai,,2002 2005 1000; 2014 2001; 2005 1000; 2021 3800
GeeBee,https://www.geebeeworld.com/about-us#branches,,,,2021 3800
Global Admission Center,https://globaladmissioncenter.com/contacto,mexico,,filler@godaddy.com; contacto@globaladmissioncenter.com; info@globaladmissioncenter.com,703 (51) 936296327; 52) 56 3752 4454; 51) 912440940
Global Admission Center,https://globaladmissioncenter.com/contacto,mexico,,,52) 56 3752 4454
Global Admission Center,https://www.globaladmissioncenter.com,,,filler@godaddy.com,51) 912440940
Global Admission Center,https://globaladmissioncenter.com/contacto,,,contacto@globaladmissioncenter.com; info@globaladmissioncenter.com,703 (51) 936296327
Global Admission Center,https://globaladmissioncenter.com/contacto,,,,52) 56 3752 4454
Global Colliance,https://www.globalcolliance.com/contact,Canada,Ahmedabad,inquiry@globalcolliance.com; baroda@globalcolliance.com; nvr.vadodara@globalcolliance.com; rajkot@globalcolliance.com; surat@globalcolliance.com; delhi@globalcolliance.com,+91 75740 33366; +91 75740 33377; +91 7574833304; +91 7574833303; +91 75740 33388; +91 75748 33366
Global Colliance,https://www.globalcolliance.com/contact.html,,AHMEDABAD,inquiry@globalcolliance.com,+91 75740 33366
Global Colliance,https://www.globalcolliance.com/contact.html,,AHMEDABAD,inquiry@globalcolliance.com; baroda@globalcolliance.com; nvr.vadodara@globalcolliance.com; rajkot@globalcolliance.com; surat@globalcolliance.com; delhi@globalcolliance.com,+91 75740 33366; +91 75740 33377; +91 7574833304; +91 7574833303; +91 75740 33388; +91 75748 33366
Global Colliance,https://www.globalcolliance.com/contact.html,,DELHI,delhi@globalcolliance.com,+91 75748 33366
Global Colliance,https://www.globalcolliance.com/contact.html,,,surat@globalcolliance.com,+91 75740 33388
Global Colliance,https://www.globalcolliance.com/contact.html,,,rajkot@globalcolliance.com,+91 7574833303
Global Colliance,https://www.globalcolliance.com/contact.html,,,nvr.vadodara@globalcolliance.com,+91 7574833304
Global Colliance,https://www.globalcolliance.com/contact.html,,,baroda@globalcolliance.com,+91 75740 33377
Global Degrees,https://www.globaldegrees.in,India,Bengaluru,,16-11-740; 31-3-1091; 443 445; 575 003
Global Degrees,https://www.globaldegrees.in,India,Dubai,,16-11-740; 31-3-1091; 443 445; 575 003
Global Degrees,https://globaldegrees.in/contact-us/,India,Hong Kong,info@globaldegrees.in,+91 70 36 37 38 39; 443 445; 16-11-740; 31-3-1091; 44-15-16
Global Degrees,https://www.globaldegrees.in,India,,,31-3-1091
Global Degrees,https://globaldegrees.in/contact-us/,USA,Bangalore,info@globaldegrees.in,+91 70 36 37 38 39
Global Degrees,https://globaldegrees.in/contact-us/,,Bengaluru,info@globaldegrees.in,+91 70 36 37 38 39
Global Degrees,https://www.globaldegrees.in,,Hyderabad,info@globaldegrees.in,+91 70 36 37 38 39
Global Degrees,https://globaldegrees.in/contact-us/,,Hyderabad,,16-11-740
Global Degrees,https://www.globaldegrees.in,,Hyderabad,,+91 70 36 37 38 39; +91-9505902476
Global Degrees,https://globaldegrees.in/contact-us/,,,,+91 70 36 37 38 39
Global Study UK,https://www.globalstudyuk.com/contact-us,Egypt,Cairo,,+20 114 228 8873
Global Study UK,https://www.globalstudyuk.com/contact-us,Egypt,Cairo,,+20 (0)2 2735 5773
Global Study UK,https://www.globalstudyuk.com/contact-us,Egypt,Cairo,,+20 111 499 9895
Global Study UK,https://www.globalstudyuk.com/contact-us,Egypt,Cairo,,+20 114 263 6664
Global Study UK,https://www.globalstudyuk.com/contact-us,Egypt,Cairo,,+20 114 263 6664; +20 111 499 9895; +20 238 653 821; 5452056; +20 10 07037555; +20 (0)2 2735 5773; +20 114 228 8873
Global Study UK,https://www.globalstudyuk.com/contact-us,Egypt,London,,+44 (0)20 7486 4762; +20 114 263 6664; +20 111 499 9895; +20 238 653 821; 5452056; +20 10 07037555; +20 (0)2 2735 5773; +20 114 228 8873; +961 (0)1 322 695; +961 (0)1 751 780; +961 (0)9 542 806; +212 522 051 440; +212 766 309 607; +212 531 078 666; +968 958 272 672; +97316637736; +971 44543600; +21323468194
Global Study UK,https://www.globalstudyuk.com/contact-us,Egypt,,,5452056
Global Study UK,https://www.globalstudyuk.com/contact-us,Egypt,,,5452056; +20 10 07037555
Global Study UK,https://www.globalstudyuk.com/contact-us,Egypt,,,+20 238 653 821
Global Study UK,https://www.globalstudyuk.com/contact-us,Lebanon,Beirut,,+961 (0)1 751 780
Global Study UK,https://www.globalstudyuk.com/contact-us,Lebanon,Beirut,,+961 (0)1 322 695
Global Study UK,https://www.globalstudyuk.com/contact-us,Lebanon,Beirut,,+961 (0)1 322 695; +961 (0)1 751 780; +961 (0)9 542 806
Global Study UK,https://www.globalstudyuk.com/contact-us,Lebanon,,,+961 (0)9 542 806
Global Study UK,https://www.globalstudyuk.com/contact-us,Morocco,Casablanca,,+212 522 051 440
Global Study UK,https://www.globalstudyuk.com/contact-us,Morocco,Casablanca,,+212 522 051 440; +212 766 309 607; +212 531 078 666
Global Study UK,https://www.globalstudyuk.com/contact-us,Morocco,,,+212 531 078 666
Global Study UK,https://www.globalstudyuk.com/contact-us,Morocco,,,+212 766 309 607
Global Study UK,https://www.globalstudyuk.com/contact-us,UK,London,,07519266
Global Study UK,https://www.globalstudyuk.com/contact-us,UK,,,07519266
Global Study UK,https://www.globalstudyuk.com/contact-us,United Kingdom,London,,+44 (0)20 7486 4762; +20 114 263 6664; +20 111 499 9895; +20 238 653 821; 5452056; +20 10 07037555; +20 (0)2 2735 5773; +20 114 228 8873; +961 (0)1 322 695; +961 (0)1 751 780; +961 (0)9 542 806; +212 522 051 440; +212 766 309 607; +212 531 078 666; +968 958 272 672; +97316637736; +971 44543600; +21323468194
Global Study UK,https://www.globalstudyuk.com/contact-us,United Kingdom,London,,+44 (0)20 7486 4762
Global Study UK,https://www.globalstudyuk.com/contact-us,,Algiers,,+21323468194
Global Study UK,https://www.globalstudyuk.com/contact,,Dubai,,+971 44543600
Global Study UK,https://www.globalstudyuk.com/contact,,,,+97316637736
Global Study UK,https://www.globalstudyuk.com/contact-us,,,,+968 958 272 672
Golden Arrow,https://www.goldenarrow.com,Japan,,info@goldenarrow.com,+408-868-4400
Golden Arrow,https://www.goldenarrow.com,,,info@goldenarrow.com,+408-868-4400
H ong Kong Education Web,https://www.education.com.hk/contact/,,,ieu@education.com.hk,852) 2272 2800 (852; 9778 2800 (852) 227
H ong Kong Education Web,https://www.education.com.hk/contact/,,,,852) 2272 2800 (852; 9778 2800
HALO,https://www.halo.edu.gr/contact,,,halok@otenet.gr; halok@halo.edu.gr,210 42 94 344; 210 42 94 342
HTI,https://www.huatong.org.cn/t/zt/aboutus/contact.html,,,lydia.xu@ht-international.net; app2@ht-international.net; hr@ht-international.net; rosy.zhu@ht-international.net,021 - 51506887; 021-51506887; 021-51506209; 021-51506282; 010-85637221; 0574-87518777; 0551-63650372; 0816-2322970; 18035123380; 0577-88125222; 027-87611878; 0576-88698866; 0451-55733999; 0580-8231171
HTI,http://www.huatong.org.cn/t/zt/aboutus/contact.html,,,hr@ht-international.net,021-51506887
HTI,https://www.huatong.org.cn,,,,0551-63650372; 1895609234
HTI,https://www.huatong.org.cn/t/zt/aboutus/contact.html,,,,10001620
HTI,https://www.huatong.org.cn/t/zt/aboutus/contact.html,,,,021 - 51506887
HTI,https://www.huatong.org.cn,,,,10000-14999
HTI,http://www.huatong.org.cn/t/zt/aboutus/contact.html,,,,021-51506887; 010-85637221; 0574-87518777; 0551-63650372; 0816-2322970; 18035123380; 0577-88125222; 027-87611878; 0576-88698866; 0451-55733999; 0580-8231171
HTI,https://www.huatong.org.cn,,,,021-51506887; 010-85637221; 0574-87518777; 027-87611878; 0551-63650372; 1895609234; 0816-2322970; 18035123380; 0577-88125222; 0580-8231171; 0576-88698866
HTI,https://www.huatong.org.cn,,,,2016-2-20
HTI,https://www.huatong.org.cn,,,,2026-2028; 10000-14999; 7.16-7.24; 2016-2-20
HTI,https://www.huatong.org.cn,,,,2026-2028
HTI,https://www.huatong.org.cn,,,,1491683457
Hands On Education Consultants,https://www.hands-on.co.th/en/events/branches/pinklao-en/,UK,Singapore,,2019-2026
Hands On Education Consultants,https://www.hands-on.co.th/en/events/branches/pinklao-en/,,,,2019-2026
Hands on (BEO),https://www.handson-beo.vn/contact,,Ho Chi Minh,info.hcm@handson-beo.vn,096.407.4447 - 096; 507.4446 - 096.390; 028 2200 0580
Hands on (BEO),https://www.handson-beo.vn/offices,,,,096.407.4447 - 096; 507.4446 - 096.390
Hkies,https://www.hkies.com/contact,,,,+1-303-893-0552
Hkies,https://www.hugedomains.com/contact.cfm,,,,1-303-893-0552; 303-893-0552; 303-893-0507
Hkies,https://www.hugedomains.com/contact.cfm,,,,1-303-893-0552
Hkies,https://www.hugedomains.com/contact.cfm,,,,303-893-0552; 303-893-0507
Hkies,https://www.hugedomains.com/contact.cfm,,,,303-893-0552
Hope Study Abroad,https://www.hope-studyabroad.com/en/contactUs,China,Shanghai,event@hope-studyabroad.com; c.zhang@hope-studyabroad.com; d.zheng@hope-studyabroad.com; London@hope-studyabroad.com,021-33634525; 54252961; 021-37667418; 021-37667419; 0571-85774162; 0571-86918491; 0571-86918490; 025-84721289; 01245 968 493
Hope Study Abroad,https://www.hope-studyabroad.com/en/contactUs,China,Shanghai,,021-37667418; 021-37667419
Hope Study Abroad,https://www.hope-studyabroad.com/en/contactUs,China,Shanghai,,021-33634525; 021-54252961; 021-37667418; 021-37667419; 025-84721289; 0571-85774162; 0571-86918491; 0574-27866260; 1245 968 493; 7305 020013
Hope Study Abroad,https://www.hope-studyabroad.com/en/contactUs,UK,Shanghai,,021-33634525; 021-54252961; 021-37667418; 021-37667419; 025-84721289; 0571-85774162; 0571-86918491; 0574-27866260; 1245 968 493; 7305 020013
Hope Study Abroad,https://www.hope-studyabroad.com/en/contactUs,UK,,,1245 968 493; 7305 020013
Hope Study Abroad,https://www.hope-studyabroad.com/en/contactUs,UK,,,01245 968 493
Hope Study Abroad,https://www.hope-studyabroad.com/en/contactUs,,Shanghai,,021-33634525; 021-54252961
Hope Study Abroad,https://www.hope-studyabroad.com/en/contactUs,,,,0571-86918491
Hope Study Abroad,https://www.hope-studyabroad.com/en/contactUs,,,,0574-27866260
Hope Study Abroad,https://www.hope-studyabroad.com/en/contactUs,,,,0571-85774162
Hope Study Abroad,https://www.hope-studyabroad.com/en/contactUs,,,,021-37667418; 021-37667419
Hope Study Abroad,https://www.hope-studyabroad.com/en/contactUs,,,,0571-86918491; 0571-86918490
Hope Study Abroad,https://www.hope-studyabroad.com/en,,,,025-84721289
Hope Study Abroad,https://www.hope-studyabroad.com/en/contactUs,,,,021-33634525; 54252961
IDE Education,https://www.ideeducation.com/contact_us,,,info@ide-sa.com,1203 454 56 966
IDE Education,https://www.ideeducation.com/contact_us,,,info@ide-sa.com,+966 2 6615670
IDE Education,https://www.ideeducation.com/contact_us,,,info@ide-sa.com,126615670 966
IDP UK aka IDP/ Hotcourses,https://www.idpuk.com/contact-us,,,,+1-303-893-0552
IDP UK aka IDP/ Hotcourses,https://www.hugedomains.com/contact.cfm,,,,1-303-893-0552; 303-893-0552; 303-893-0507
IDP UK aka IDP/ Hotcourses,https://www.hugedomains.com/contact.cfm,,,,1-303-893-0552
IDP UK aka IDP/ Hotcourses,https://www.hugedomains.com/contact.cfm,,,,303-893-0552; 303-893-0507
IDP UK aka IDP/ Hotcourses,https://www.hugedomains.com/contact.cfm,,,,303-893-0552
INTO (PP),https://www.intoglobal.com,United Kingdom,Hong Kong,,+1 858 356 4400; +44 (0)1273 665200; 152-158
INTO (PP),https://www.intoglobal.com,United Kingdom,,,+44 (0)1273 665200
INTO (PP),https://www.intoglobal.com,,,,+1 858 356 4400
IPC,https://www.ipc.com/support/contact-us/,Germany,,,164 60314
IPC,https://www.ipc.com/support/contact-us/,Switzerland,,,104 8152
IPC,https://www.ipc.com/support/contact-us/,United Kingdom,London,,164 60314
IPC,https://www.ipc.com/support/contact-us/,United Kingdom,London,,164 60314; 12 1213; 104 8152
IPC,https://www.ipc.com/support/contact-us/,United States,New York,gsoc@ipc.com; HR@ipc.com,201-253-2000; 164 60314; 12 1213; 104 8152; 5-12-13; 105-0001
IPC,https://www.ipc.com/support/contact-us/,United States,New York,,201-253-2000
ISC Education,https://www.hugedomains.com/contact.cfm,,,,303-893-0552
ISC Education,https://www.hugedomains.com/contact.cfm,,,,+1-303-893-0552
ISC Education,https://www.hugedomains.com/contact.cfm,,,,303-893-0552; 303-893-0507
ISC Education,https://www.hugedomains.com/contact.cfm,,,,1-303-893-0552; 303-893-0552; 303-893-0507
ISC Education,https://www.hugedomains.com/contact.cfm,,,,1-303-893-0552
ITEC,https://itec.com/about/contact,Argentina,Hong Kong,,+1-717-626-9571; +44-208-208-6000; +971 4 422 6889; +852 39748628
ITEC,https://itec.com/about/contact,UK,Hong Kong,,+1-717-626-9571; +44-208-208-6000; +971 4 422 6889; +852 39748628
ITEC,https://itec.com/offices,UK,,,+1-717-626-9571; +44-208-208-6000; +971 4 422 6889; +852 39748628
Index Education,https://www.soweredu.com/locations,Thailand,Bangkok,,+66 944879887
Index Education,https://www.soweredu.com/about/contact,United Kingdom,London,,0044 7999157290; +86 021-52821990; +86 010-65836056; 19-1905; +86 020-85200153; +86 0755-88326888; +86 025-86502334; +86 0532-86667756; +84 086 2181 655; +84 081 4962 515; +66 944879887
Index Education,https://www.soweredu.com/offices,United Kingdom,London,,0044 7999157290
Index Education,https://www.soweredu.com/locations,Vietnam,Hanoi,,+84 086 2181 655
Index Education,https://www.soweredu.com/locations,Vietnam,Ho Chi Minh,,+84 081 4962 515
Index Education,https://www.soweredu.com/about/contact,,,,1992-2021; 15008752
Index Education,https://www.soweredu.com/locations,,,,+86 0532-86667756
Index Education,https://www.soweredu.com/about/contact,,,,+86 021-52821990
Index Education,https://www.soweredu.com/about/contact,,,,+86 010-65836056
Index Education,https://www.soweredu.com/about/contact,,,,+86 0755-88326888
Index Education,https://www.soweredu.com/about/contact,,,,+86 025-86502334
Indigo Consultancy,https://www.hugedomains.com/contact.cfm,,,,+1-303-893-0552
Indigo Consultancy,https://www.hugedomains.com/contact.cfm,,,,1-303-893-0552; 303-893-0552; 303-893-0507
Indigo Consultancy,https://www.hugedomains.com/contact.cfm,,,,1-303-893-0552
Indigo Consultancy,https://www.hugedomains.com/contact.cfm,,,,303-893-0552; 303-893-0507
Indigo Consultancy,https://www.hugedomains.com/contact.cfm,,,,303-893-0552
Integral,https://www.integral.com/contact,Afghanistan,Singapore,,+1 (212) 252 2243; +44 (20) 7154 8000; 100-0006; +81 (3) 6747 7905; 37-02 80; +65 3158 0800; 560 001; +91 (80) 4511 3810
Integral,https://www.integral.com/contact/,Japan,Tokyo,,100-0006
Integral,https://www.integral.com/contact,Japan,Tokyo,,100-0006; +81 (3) 6747 7905
Integral,https://www.integral.com/contact,Singapore,Singapore,,+1 (212) 252 2243; +44 (20) 7154 8000; 100-0006; +81 (3) 6747 7905; 37-02 80; +65 3158 0800; 560 001; +91 (80) 4511 3810
Integral,https://www.integral.com/contact,UK,London,,+44 (20) 7154 8000
Integral,https://www.integral.com/contact,USA,New York,,+1 (212) 252 2243
Integral,https://www.integral.com/contact,USA,New York,,+1 (212) 252 2243; +44 (20) 7154 8000; 100-0006; +81 (3) 6747 7905; 37-02 80; +65 3158 0800; 560 001; +91 (80) 4511 3810
Integral Educational Programs Ltd (IEP),https://www.integral.bg,,,integral@integral.bg,80 50 600
Integral Educational Programs Ltd (IEP),https://www.integral.bg/about/contact,,,,2026 2026 2027; 1 2 3 4 5 6 7 8 9 1; 0 11 12 13 14 15 16; 17 18 19 20 21 22 2; 3 24 25 26 27 28 29; 30 1 2 3 4 5
Integral Educational Programs Ltd (IEP),https://www.integral.bg/about/contact,,,,2026 2026 2027
Integral Educational Programs Ltd (IEP),https://www.integral.bg,,,,21.04.2026
Integral Educational Programs Ltd (IEP),https://www.integral.bg,,,,20.04.2026
Integral Educational Programs Ltd (IEP),https://www.integral.bg,,,,02.04.2026
Integral Educational Programs Ltd (IEP),https://www.integral.bg,,,,01.06.2026
Integral Educational Programs Ltd (IEP),https://www.integral.bg,,,,24.04.2026
Integral Educational Programs Ltd (IEP),https://www.integral.bg,,,,23.04.2026
Integral Educational Programs Ltd (IEP),https://www.integral.bg,,,,22.04.2026
Integral Educational Programs Ltd (IEP),https://www.integral.bg,,,,20.04.2026; 14.04.2026; 02.04.2026; 01.06.2026; 24.04.2026; 23.04.2026; 22.04.2026; 21.04.2026
Integral Educational Programs Ltd (IEP),https://www.integral.bg,,,,14.04.2026
Integral Educational Programs Ltd (IEP),https://www.integral.bg,,,,20.04.2026; 14.04.2026; 02.04.2026; 01.06.2026; 24.04.2026; 23.04.2026; 22.04.2026; 21.04.2026; 1 2 3 4 5 6 7 8
International Learning Center,https://www.internationallearningcenter.com/contact-us,,,,+1-303-893-0552
International Learning Center,https://www.hugedomains.com/contact.cfm,,,,1-303-893-0552
International Learning Center,https://www.hugedomains.com/contact.cfm,,,,303-893-0552; 303-893-0507
International Learning Center,https://www.hugedomains.com/contact.cfm,,,,1-303-893-0552; 303-893-0552; 303-893-0507
International Learning Center,https://www.hugedomains.com/contact.cfm,,,,303-893-0552
JACK Study Abroad Singapore,https://www.studyabroad.sg/contact-us/,Singapore,Singapore,,+65) 67376734
JACK Study Abroad Singapore,https://www.StudyAbroad.sg,Singapore,Singapore,,+65) 6737 6734; 9.30-17.00
JACK Study Abroad Singapore,https://www.studyabroad.sg/contact-us/,UK,Singapore,,+65) 6737 6734; +65) 67376734
JACK Study Abroad Singapore,https://www.StudyAbroad.sg,UK,Singapore,,+65) 6737 6734; 9.30-17.00
JACK Study Abroad Singapore,https://www.StudyAbroad.sg,UK,,,+65) 6737 6734
JACK Study Abroad Singapore,https://www.StudyAbroad.sg/contact,,,,+65) 6737 6734
JACK Study Abroad Singapore,https://www.StudyAbroad.sg,,,,+65) 6737 6734; 9.30-17.00
JJL Overseas Education,https://www.jjl.cn/about/contact.html#Suggestions,AUSTRALIA,Melbourne,,010-56836688; 116.459553 39.91341; 0471-3817676; 2501 111.676773 40; 0315-6328566; 118.17619 39.63081; 0351-7668080; 112.57460706131172; 37.831243252253195; 0311-85368866; 114.483193 38.05250; 022-23263399; 117.205598 39.12347; 010-65055520; 116.457184 39.91117; 0591-83625656; 119.312656 26.09796; 0510-81805656; 4103-4106; 120.304612 31.58699; 0571-28887999; 706 120.147107 30.2; 0535-6275656; 121.392327 37.54966; 0592-2115656; 118.079169 24.46442; 0512-62893339; 120.680253 31.32127; 0551-62866565; 1508-1510 117.30899; 3 31.863211; 025-85552299; 118.786862 32.04875; 0532-86667776; 1101 120.3939362659; 3866 36.07115141162; 0531-81851155; 117.003593 36.66558; 021-61581818; 121.472734 31.20788; 0379-65165656; 1211 112.434053 34; 0791-86665966; 115.913399 28.67649; 0731-82563355; 112.990669 28.20006; 027-83805656; 114.272541 30.58529; 0371-60228686; 1525 113.69861 34.8; 0898-68635656; 110.315375 20.03198; 0755-82931818; 114.057959 22.54255; 020-38036568; 113.325661 23.12209; 0757-82030588; 113.115709 23.03316; 0931-8185656; 103.838191 36.06472; 029-87995656; 808 108.952843 34.2; 0991-2655656; 87.614261 43.810634; 0971-4925656; 2603-2604; 101.782443 36.62773; 0951-7616655; 106.275982 38.47569; 0431-81811818; 125.323536 43.89597; 0451-53611777; 2203-2204; 126.604992 45.77128; 024-22812866; 123.423113 41.79952; 0871-63536688; 2402-3 102.728581 2; 5.044978; 023-60335656; 37-8 106.581556 29; 028-85595757; 104.086948 30.66206; 038-319-9956; 144.963235 -37.8103; 0064-9-9751777; 174.765368 -36.8479; 416-389-8868; 3 -79.416841 43.782; 604-559-5969; 300-4388; 7 -123.003923 49.22
JJL Overseas Education,https://www.jjl.cn/about/contact.html#Suggestions,AUSTRALIA,Melbourne,,038-319-9956; 144.963235 -37.8103; 0064-9-9751777; 174.765368 -36.8479; 416-389-8868; 3 -79.416841 43.782; 604-559-5969; 300-4388; 7 -123.003923 49.22
JJL Overseas Education,https://www.jjl.cn/about/contact.html#Suggestions,AUSTRALIA,Melbourne,,038-319-9956; 144.963235 -37.8103
JJL Overseas Education,https://www.jjl.cn/about/contact.html#Suggestions,New Zealand,,,0064-9-9751777; 174.765368 -36.8479
JJL Overseas Education,https://www.jjl.cn,USA,,,05010035; 11010502038474
JJL Overseas Education,https://www.jjl.cn,,Madrid,,800-4000; 2025.5.5
JJL Overseas Education,https://www.jjl.cn/about#contactUs,,,或发送邮件至marketingJJL@jjl.cn,010-56836688
JJL Overseas Education,https://www.jjl.cn/contact-us,,,,027-83805656; 027-67811600
JJL Overseas Education,https://www.jjl.cn/contact,,,,010-56836688; 027-83805656; 027-67811600
JJL Overseas Education,https://www.jjl.cn/about/contact.html#Suggestions,,,,05010035; 11010502038474
JJL Overseas Education,https://www.jjl.cn/about/contact.html#Suggestions,,,,0431-81811818; 125.323536 43.89597
JJL Overseas Education,https://www.jjl.cn/about/contact.html#Suggestions,,,,0451-53611777; 2203-2204; 126.604992 45.77128
JJL Overseas Education,https://www.jjl.cn/about/contact.html#Suggestions,,,,416-389-8868; 3 -79.416841 43.782
JJL Overseas Education,https://www.jjl.cn/about/contact.html#Suggestions,,,,604-559-5969; 300-4388; 7 -123.003923 49.22
JJL Overseas Education,https://www.jjl.cn/about/contact.html#Suggestions,,,,300-4388
JJL Overseas Education,https://www.jjl.cn/about/contact.html#Suggestions,,,,400-010-8000; 010-56836688
JJL Overseas Education,https://www.jjl.cn/about/contact.html#Suggestions,,,,2203-2204
JJL Overseas Education,https://www.jjl.cn/about/contact.html#Suggestions,,,,024-22812866; 123.423113 41.79952
JJL Overseas Education,https://www.jjl.cn/about/contact.html#Suggestions,,,,0871-63536688; 2402-3 102.728581 2; 5.044978; 023-60335656; 37-8 106.581556 29; 028-85595757; 104.086948 30.66206
JJL Overseas Education,https://www.jjl.cn/about/contact.html#Suggestions,,,,0871-63536688; 2402-3 102.728581 2; 5.044978
JJL Overseas Education,https://www.jjl.cn/about/contact.html#Suggestions,,,,023-60335656; 37-8 106.581556 29
JJL Overseas Education,https://www.jjl.cn/about/contact.html#Suggestions,,,,028-85595757; 104.086948 30.66206
JJL Overseas Education,https://www.jjl.cn/about/contact.html#Suggestions,,,,0931-8185656; 103.838191 36.06472; 029-87995656; 808 108.952843 34.2; 0991-2655656; 87.614261 43.810634; 0971-4925656; 2603-2604; 101.782443 36.62773; 0951-7616655; 106.275982 38.47569
JJL Overseas Education,https://www.jjl.cn/about/contact.html#Suggestions,,,,0931-8185656; 103.838191 36.06472
JJL Overseas Education,https://www.jjl.cn/about/contact.html#Suggestions,,,,029-87995656; 808 108.952843 34.2
JJL Overseas Education,https://www.jjl.cn/about/contact.html#Suggestions,,,,0991-2655656; 87.614261 43.810634
JJL Overseas Education,https://www.jjl.cn/about/contact.html#Suggestions,,,,0971-4925656; 2603-2604; 101.782443 36.62773
JJL Overseas Education,https://www.jjl.cn/about/contact.html#Suggestions,,,,2603-2604
JJL Overseas Education,https://www.jjl.cn/about/contact.html#Suggestions,,,,0951-7616655; 106.275982 38.47569
JJL Overseas Education,https://www.jjl.cn/about/contact.html#Suggestions,,,,0431-81811818; 125.323536 43.89597; 0451-53611777; 2203-2204; 126.604992 45.77128; 024-22812866; 123.423113 41.79952
JJL Overseas Education,https://www.jjl.cn/about/contact.html#Suggestions,,,,0731-82563355; 112.990669 28.20006
JJL Overseas Education,https://www.jjl.cn/about/contact.html#Suggestions,,,,027-83805656; 114.272541 30.58529
JJL Overseas Education,https://www.jjl.cn/about/contact.html#Suggestions,,,,0371-60228686; 1525 113.69861 34.8
JJL Overseas Education,https://www.jjl.cn/about/contact.html#Suggestions,,,,0898-68635656; 110.315375 20.03198; 0755-82931818; 114.057959 22.54255; 020-38036568; 113.325661 23.12209; 0757-82030588; 113.115709 23.03316
JJL Overseas Education,https://www.jjl.cn/about/contact.html#Suggestions,,,,0898-68635656; 110.315375 20.03198
JJL Overseas Education,https://www.jjl.cn/about/contact.html#Suggestions,,,,0755-82931818; 114.057959 22.54255
JJL Overseas Education,https://www.jjl.cn/about/contact.html#Suggestions,,,,020-38036568; 113.325661 23.12209
JJL Overseas Education,https://www.jjl.cn/about/contact.html#Suggestions,,,,0757-82030588; 113.115709 23.03316
JJL Overseas Education,https://www.jjl.cn/about/contact.html#Suggestions,,,,0551-62866565; 1508-1510 117.30899; 3 31.863211
JJL Overseas Education,https://www.jjl.cn/about/contact.html#Suggestions,,,,025-85552299; 118.786862 32.04875
JJL Overseas Education,https://www.jjl.cn/about/contact.html#Suggestions,,,,0591-83625656; 119.312656 26.09796
JJL Overseas Education,https://www.jjl.cn/about/contact.html#Suggestions,,,,010-56836688; 116.459553 39.91341
JJL Overseas Education,https://www.jjl.cn/about/contact.html#Suggestions,,,,0532-86667776; 1101 120.3939362659; 3866 36.07115141162
JJL Overseas Education,https://www.jjl.cn/about/contact.html#Suggestions,,,,0531-81851155; 117.003593 36.66558
JJL Overseas Education,https://www.jjl.cn/about/contact.html#Suggestions,,,,021-61581818; 121.472734 31.20788
JJL Overseas Education,https://www.jjl.cn/about/contact.html#Suggestions,,,,0379-65165656; 1211 112.434053 34; 0791-86665966; 115.913399 28.67649; 0731-82563355; 112.990669 28.20006; 027-83805656; 114.272541 30.58529; 0371-60228686; 1525 113.69861 34.8
JJL Overseas Education,https://www.jjl.cn/about/contact.html#Suggestions,,,,0379-65165656; 1211 112.434053 34
JJL Overseas Education,https://www.jjl.cn/about/contact.html#Suggestions,,,,0791-86665966; 115.913399 28.67649
JJL Overseas Education,https://www.jjl.cn/about/contact.html#Suggestions,,,,0591-83625656; 119.312656 26.09796; 0510-81805656; 4103-4106; 120.304612 31.58699; 0571-28887999; 706 120.147107 30.2; 0535-6275656; 121.392327 37.54966; 0592-2115656; 118.079169 24.46442; 0512-62893339; 120.680253 31.32127; 0551-62866565; 1508-1510 117.30899; 3 31.863211; 025-85552299; 118.786862 32.04875; 0532-86667776; 1101 120.3939362659; 3866 36.07115141162; 0531-81851155; 117.003593 36.66558; 021-61581818; 121.472734 31.20788
JJL Overseas Education,https://www.jjl.cn/about/contact.html#Suggestions,,,,0510-81805656; 4103-4106; 120.304612 31.58699
JJL Overseas Education,https://www.jjl.cn/about/contact.html#Suggestions,,,,4103-4106
JJL Overseas Education,https://www.jjl.cn/about/contact.html#Suggestions,,,,0571-28887999; 706 120.147107 30.2
JJL Overseas Education,https://www.jjl.cn/about/contact.html#Suggestions,,,,0535-6275656; 121.392327 37.54966
JJL Overseas Education,https://www.jjl.cn/about/contact.html#Suggestions,,,,0592-2115656; 118.079169 24.46442
JJL Overseas Education,https://www.jjl.cn/about/contact.html#Suggestions,,,,0512-62893339; 120.680253 31.32127
JJL Overseas Education,https://www.jjl.cn/about/contact.html#Suggestions,,,,010-56836688; 116.459553 39.91341; 0471-3817676; 2501 111.676773 40; 0315-6328566; 118.17619 39.63081; 0351-7668080; 112.57460706131172; 37.831243252253195; 0311-85368866; 114.483193 38.05250; 022-23263399; 117.205598 39.12347; 010-65055520; 116.457184 39.91117
JJL Overseas Education,https://www.jjl.cn/about/contact.html#Suggestions,,,,0471-3817676; 2501 111.676773 40
JJL Overseas Education,https://www.jjl.cn/about/contact.html#Suggestions,,,,0315-6328566; 118.17619 39.63081
JJL Overseas Education,https://www.jjl.cn/about/contact.html#Suggestions,,,,0351-7668080; 112.57460706131172; 37.831243252253195
JJL Overseas Education,https://www.jjl.cn/about/contact.html#Suggestions,,,,0311-85368866; 114.483193 38.05250
JJL Overseas Education,https://www.jjl.cn/about/contact.html#Suggestions,,,,022-23263399; 117.205598 39.12347
JJL Overseas Education,https://www.jjl.cn/about/contact.html#Suggestions,,,,010-65055520; 116.457184 39.91117
JJL Overseas Education,https://www.jjl.cn,,,,2026-2027
JJL Overseas Education,https://www.jjl.cn/about/contact.html#Suggestions,,,,400-010-8000
JJL Overseas Education,https://www.jjl.cn,,,,800-4000
JJL Overseas Education,https://www.jjl.cn,,,,2026-2027; 06 07 08 09 10
JJL Overseas Education,https://www.jjl.cn,,,,06 07 08 09 10
Jack Study Abroad,https://www.jackstudyabroad.com.au,Australia,,,+61) 0499818721
Jack Study Abroad,https://www.jackstudyabroad.com.au/contact,,,,+61) 0499818721
LAE,https://www.lae.com,,,moreinfo@lae.com,805) 987-8274
LEO Global Overseas,https://www.leoglobaloverseas.com/contact-us,India,London,info@leoglobaloverseas.com,2 292-294; +44 7888812233 02035; +91 8749922299; +91 8749933399; +91 8749955599; +91 8749911199; +91 8848038079; +91 6238736033; +91 98435 47999; +91 9054485999; +917286955599; 503003 07729922299; +918984715999; 11-23-1; +91 77299 44499; +91 79014 95599
LEO Global Overseas,https://www.leoglobaloverseas.com,India,London,,2 292-294; +447888812233 020350; +91 8749922299; +91 8749933399; +91 8749955599; +91 8749911199
LEO Global Overseas,https://www.leoglobaloverseas.com/contact-us,India,Mumbai,info@leoglobaloverseas.com,+918984715999
LEO Global Overseas,https://www.leoglobaloverseas.com/contact-us,UK,London,,2 292-294; +447888812233 020350
LEO Global Overseas,https://www.leoglobaloverseas.com/contact-us,UK,London,,2 292-294; +447888812233 020350; +91 8749922299; +91 8749933399; +91 8749955599; +91 8749911199
LEO Global Overseas,https://www.leoglobaloverseas.com/contact-us,,Chennai,info@leoglobaloverseas.com,+91 79014 95599
LEO Global Overseas,https://www.leoglobaloverseas.com/contact-us,,Hyderabad,info@leoglobaloverseas.com,+91 8749933399
LEO Global Overseas,https://www.leoglobaloverseas.com/contact-us,,London,info@leoglobaloverseas.com,2 292-294; +44 7888812233 02035
LEO Global Overseas,https://www.leoglobaloverseas.com/contact,,London,,2 292-294
LEO Global Overseas,https://www.leoglobaloverseas.com/contact-us,,,info@leoglobaloverseas.com,+91 8749955599
LEO Global Overseas,https://www.leoglobaloverseas.com/contact-us,,,info@leoglobaloverseas.com,+91 9054485999; +917286955599
LEO Global Overseas,https://www.leoglobaloverseas.com/contact-us,,,info@leoglobaloverseas.com,+91 98435 47999
LEO Global Overseas,https://www.leoglobaloverseas.com/contact-us,,,info@leoglobaloverseas.com,+91 8848038079; +91 6238736033
LEO Global Overseas,https://www.leoglobaloverseas.com/contact-us,,,info@leoglobaloverseas.com,+91 8749911199
LEO Global Overseas,https://www.leoglobaloverseas.com/contact-us,,,info@leoglobaloverseas.com,+91 8749922299
Let's Talk,https://www.letstalkedu.in/contact-us,India,Kolkata,talk.lets2012@gmail.com,+91 9903725959; +91 33 40037887
Let's Talk,https://www.letstalkedu.in/contact-us,India,Kolkata,talk.lets2012@gmail.com,+91 9903 725 959; +91 33 4003 7887
Let's Talk,https://www.letstalkedu.in/contact-us,India,Kolkata,talk.lets2012@gmail.com,+91 9903 725 959; +91 33 4003 7887; +91 9903725959; +91 33 40037887
Let's Talk,https://www.letstalkedu.in,,,,+91 9903725959; +91 33 40037887
Leverage EDU,https://leverageedu.com/study-locations/study-in-netherlands/,Netherlands,,,2025-2026
Leverage EDU,https://leverageedu.com/study-locations/study-in-australia/,UK,Dubai,hello@leverageedu.com; press@leverageedu.com,1800-572-000; 2026-27; 000 - 24; 000 - 45; 000 - 48; 000 - 70; 000 - 42; 200 - 3; 000 - 3; 800 - 2; 700 - 2; 600 - 2
Leverage EDU,https://leverageedu.com/study-locations/study-in-france/,UK,Dubai,hello@leverageedu.com; press@leverageedu.com,1800-572-000; 2026-27
Leverage EDU,https://leverageedu.com/study-locations/study-in-netherlands/,UK,Dubai,hello@leverageedu.com; press@leverageedu.com,1800-572-000; 2026). 16; 2026-27; 210-228; 2025-2026
Leverage EDU,https://leverageedu.com/study-locations/study-in-canada/,UK,Dubai,hello@leverageedu.com; press@leverageedu.com,1800-572-000; 2026-27; 000 - 18; 000 - 38; 000 - 28; 000 - 80; 000 - 15; 800 - 2; 900 - 2; 300 - 2; 400 - 2; 500 - 2; 300 - 1; 2026). 03
Leverage EDU,https://www.leverageedu.com,UK,Dubai,hello@leverageedu.com; press@leverageedu.com,1800-572-000
Leverage EDU,https://leverageedu.com/study-locations/study-in-australia/,,,hello@leverageedu.com; press@leverageedu.com,1800-572-000
MA Consultants,https://www.hugedomains.com/contact.cfm,,,,303-893-0552; 303-893-0507
MA Consultants,https://www.hugedomains.com/contact.cfm,,,,303-893-0552
MA Consultants,https://www.maconsultants.com,,,,+1-303-893-0552
MA Consultants,https://www.hugedomains.com/contact.cfm,,,,1-303-893-0552; 303-893-0552; 303-893-0507
MA Consultants,https://www.hugedomains.com/contact.cfm,,,,1-303-893-0552
MAS Education,https://www.hugedomains.com/contact.cfm,,,,303-893-0552; 303-893-0507
MAS Education,https://www.maseducation.com,,,,+1-303-893-0552
MAS Education,https://www.hugedomains.com/contact.cfm,,,,1-303-893-0552; 303-893-0552; 303-893-0507
MAS Education,https://www.hugedomains.com/contact.cfm,,,,1-303-893-0552
MAS Education,https://www.hugedomains.com/contact.cfm,,,,303-893-0552
MEC Study Group,https://www.bangor.ac.uk/international/countries/kuwait#contactsagents,Australia,Sydney,partnership@lcig.io,+61 2 91825868
MEC Study Group,https://www.bangor.ac.uk/international/countries/kuwait#contactsagents,Australia,Sydney,institutions@globalstudypartners.com,+61) 286440649
MEC Study Group,https://www.bangor.ac.uk/international/countries/kuwait#contactsagents,Australia,Sydney,institutions@globalstudypartners.com; partnership@lcig.io,+61) 286440649; +61 2 91825868
MEC Study Group,https://www.bangor.ac.uk/international/countries/kuwait#contactsagents,Australia,,info.kuwait@idp.com,+965 25743843
MEC Study Group,https://www.bangor.ac.uk/international/countries/kuwait#contactsagents,Bahrain,,bahrain@visionedu.co.uk,97317720281
MEC Study Group,https://www.bangor.ac.uk/international/countries/kuwait#contactsagents,Bahrain,,apply@ezone.ae,+973 32 000 559
MEC Study Group,https://www.bangor.ac.uk/international/countries/kuwait#contactsagents,Bahrain,,apply@ezone.ae; bahrain@visionedu.co.uk,+973 32 000 559; 97317720281
MEC Study Group,https://www.bangor.ac.uk/international/countries/kuwait#contactsagents,Bangladesh,Dhaka,bangladesh@win-ed.com; bangladesh@campora.global; uttara@ahzassociates.co.uk; applications.bd@shabujglobal.com; uttara@tclglobal.co.uk; dhanmondi@tclglobal.co.uk; gulshan@tclglobal.co.uk,+880-1721 016 158; +880 197 003 3288; +88 1905 695 335; +8801321147366; 1321182535; +8801407076522; +8801407076512; +8801407076551
MEC Study Group,https://www.bangor.ac.uk/international/countries/kuwait#contactsagents,Bangladesh,Dhaka,uttara@ahzassociates.co.uk,+8801321147366
MEC Study Group,https://www.bangor.ac.uk/international/countries/kuwait#contactsagents,Bangladesh,Dhaka,bangladesh@campora.global,+88 1905 695 335
MEC Study Group,https://www.bangor.ac.uk/international/countries/kuwait#contactsagents,Bangladesh,Dhaka,bangladesh@win-ed.com,+880 197 003 3288
MEC Study Group,https://www.bangor.ac.uk/international/countries/kuwait#contactsagents,Bangladesh,Dhaka,,+880-1721 016 158
MEC Study Group,https://www.bangor.ac.uk/international/countries/kuwait#contactsagents,Bangladesh,,ctg@ahzassociates.co.uk,+8801755614778
MEC Study Group,https://www.bangor.ac.uk/international/countries/kuwait#contactsagents,Bangladesh,,sylh@ahzassociates.co.uk; sylhet@tclglobal.co.uk,+8801755-614758; +8801407076540
MEC Study Group,https://www.bangor.ac.uk/international/countries/kuwait#contactsagents,Bangladesh,,sylh@ahzassociates.co.uk,+8801755-614758
MEC Study Group,https://www.bangor.ac.uk/international/countries/kuwait#contactsagents,Canada,London,info@studentconnect.org,+44(0)2072479009
MEC Study Group,https://www.bangor.ac.uk/international/countries/kuwait#contactsagents,Canada,Toronto,info@mericler.net,+1 647-933-9098
MEC Study Group,https://www.bangor.ac.uk/international/countries/kuwait#contactsagents,Canada,Toronto,applicationsUK@applyboard.com; info@mericler.net,+1 (519) 900-6001; +1 647-933-9098
MEC Study Group,https://www.bangor.ac.uk/international/countries/kuwait#contactsagents,Canada,Toronto,applications@studyin-uk.com,+1 416- 998-8532
MEC Study Group,https://www.bangor.ac.uk/international/countries/kuwait#contactsagents,Canada,,applicationsUK@applyboard.com,+1 (519) 900-6001
MEC Study Group,https://www.bangor.ac.uk/international/countries/kuwait#contactsagents,China,Beijing,partnership@lcig.io,86-21-20575588
MEC Study Group,https://www.bangor.ac.uk/international/countries/kuwait#contactsagents,China,Beijing,amberbj@amberedu.com,+86-10-6566 1010
MEC Study Group,https://www.bangor.ac.uk/international/countries/kuwait#contactsagents,China,Beijing,beijing@ukec.net.cn,0086 010 6266 6844
MEC Study Group,https://www.bangor.ac.uk/international/countries/kuwait#contactsagents,China,Beijing,beijing@ukec.net.cn; amberbj@amberedu.com; beijing@studyin-uk.cn; partnership@lcig.io,0086 010 6266 6844; +86-10-6566 1010; +86 15721283391; 86-21-20575588
MEC Study Group,https://www.bangor.ac.uk/international/countries/kuwait#contactsagents,China,Guangzhou,partnership@lcig.io,86-21-20575588
MEC Study Group,https://www.bangor.ac.uk/international/countries/kuwait#contactsagents,China,Guangzhou,wallacehe@amberedu.com,+86-20-2237 9900
MEC Study Group,https://www.bangor.ac.uk/international/countries/kuwait#contactsagents,China,Guangzhou,guangzhou@studyin-uk.cn; wallacehe@amberedu.com; partnership@lcig.io,+02152838680; +86-20-2237 9900; 86-21-20575588
MEC Study Group,https://www.bangor.ac.uk/international/countries/kuwait#contactsagents,China,Shanghai,Index_HQ@agentsedu.com,+010 586 95742
MEC Study Group,https://www.bangor.ac.uk/international/countries/kuwait#contactsagents,China,Shanghai,Index_HQ@agentsedu.com; shanghai@studyin-uk.cn; partnership@lcig.io,+010 586 95742; +86 15601601917; 2603-04; 86-21-20575588; 86 21 5150 6887; 5150 6210
MEC Study Group,https://www.bangor.ac.uk/international/countries/kuwait#contactsagents,China,Shanghai,,86 21 5150 6887; 5150 6210
MEC Study Group,https://www.bangor.ac.uk/international/countries/kuwait#contactsagents,China,Shenzhen,marketing@amberedu.com,+86-755-2518 1511
MEC Study Group,https://www.bangor.ac.uk/international/countries/kuwait#contactsagents,China,Shenzhen,marketing@amberedu.com; shenzhen@amberedu.com,+86-755-2518 1511; +86-755-3398 1100
MEC Study Group,https://www.bangor.ac.uk/international/countries/kuwait#contactsagents,China,Shenzhen,shenzhen@amberedu.com,+86-755-3398 1100
MEC Study Group,https://www.bangor.ac.uk/international/countries/kuwait#contactsagents,China,,chongqing@ukec.net.cn,0086 23 65105071
MEC Study Group,https://www.bangor.ac.uk/international/countries/kuwait#contactsagents,China,,amberdl@amberedu.com,+86-411-8284 2288
MEC Study Group,https://www.bangor.ac.uk/international/countries/kuwait#contactsagents,China,,hezuo@51liucheng.com,86-21-20575588
MEC Study Group,https://www.bangor.ac.uk/international/countries/kuwait#contactsagents,China,,Chengdu@ukec.net.cn,0086 028 8540 1376
MEC Study Group,https://www.bangor.ac.uk/international/countries/kuwait#contactsagents,China,,Chengdu@ukec.net.cn; hezuo@51liucheng.com,0086 028 8540 1376; 86-21-20575588
MEC Study Group,https://www.bangor.ac.uk/international/countries/kuwait#contactsagents,China,,china@ukec.net.cn,028-6133 3945
MEC Study Group,https://www.bangor.ac.uk/international/countries/kuwait#contactsagents,China,,xian@ukec.net.cn,0086 029 8522 1018
MEC Study Group,https://www.bangor.ac.uk/international/countries/kuwait#contactsagents,China,,xian@ukec.net.cn; partnership@lcig.io,0086 029 8522 1018; 86-21-20575588
MEC Study Group,https://www.bangor.ac.uk/international/countries/kuwait#contactsagents,China,,amberwh@amberedu.com,+86-27-5960 1122
MEC Study Group,https://www.bangor.ac.uk/international/countries/kuwait#contactsagents,China,,wuhan@ukec.net.cn; amberwh@amberedu.com,0086 23 65105071; +86-27-5960 1122
MEC Study Group,https://www.bangor.ac.uk/international/countries/kuwait#contactsagents,Colombia,,bogota@studyin-uk.com,+57 318 3499429
MEC Study Group,https://www.bangor.ac.uk/international/countries/kuwait#contactsagents,Cyprus,,cyprus@studyin-uk.com,+90 548 853 58 88
MEC Study Group,https://www.bangor.ac.uk/international/countries/kuwait#contactsagents,Egypt,Cairo,info@globalstudyuk.com,+20 225 260 970; +20 110 105 2556
MEC Study Group,https://www.bangor.ac.uk/international/countries/kuwait#contactsagents,Egypt,Cairo,info.egypt@idp.com,+202 385 90; +202 281 338 39
MEC Study Group,https://www.bangor.ac.uk/international/countries/kuwait#contactsagents,Egypt,Cairo,info@globalstudyuk.com; info.egypt@idp.com,+20 2 2306 7394; +202 385 90; +202 281 338 39
MEC Study Group,https://www.bangor.ac.uk/international/countries/kuwait#contactsagents,Egypt,,info@globalstudyuk.com,+20 30428 3100
MEC Study Group,https://www.bangor.ac.uk/international/countries/kuwait#contactsagents,Egypt,,info@globalstudyuk.com,+20 23865 3821
MEC Study Group,https://www.bangor.ac.uk/international/countries/kuwait#contactsagents,Hong Kong,Hong Kong,partnership@lcig.io,852-23112689
MEC Study Group,https://www.bangor.ac.uk/international/countries/kuwait#contactsagents,Hong Kong,Hong Kong,premier@amberedu.com.hk,+852-2377 7888
MEC Study Group,https://www.bangor.ac.uk/international/countries/kuwait#contactsagents,Hong Kong,Hong Kong,premier@amberedu.com.hk; partners@uvic.co.uk; hongkong@studyin-uk.com; joy.lui@amberedu.com.hk; partnership@lcig.io,+852-2377 7888; 1908-09; 44) 203 7577211; +852 29678009; +852-2377 7880; 852-23112689
MEC Study Group,https://www.bangor.ac.uk/international/countries/kuwait#contactsagents,Hong Kong,Kowloon,joy.lui@amberedu.com.hk,+852-2377 7880
MEC Study Group,https://www.bangor.ac.uk/international/countries/kuwait#contactsagents,Hong Kong,Kowloon,hezuo@51liucheng.com,861-20575588-866
MEC Study Group,https://www.bangor.ac.uk/international/countries/kuwait#contactsagents,India,Bangalore,bangalore@studyin-uk.com; juhij@chopras.com,+91 80 4168 8282; 9341577145
MEC Study Group,https://www.bangor.ac.uk/international/countries/kuwait#contactsagents,India,Bangalore,juhij@chopras.com,9341577145
MEC Study Group,https://www.bangor.ac.uk/international/countries/kuwait#contactsagents,India,Chandigarh,sweetyp@chopras.com,117-118-119; 9646233820
MEC Study Group,https://www.bangor.ac.uk/international/countries/kuwait#contactsagents,India,Chandigarh,,117-118-119
MEC Study Group,https://www.bangor.ac.uk/international/countries/kuwait#contactsagents,India,Chennai,reenaj@thechopras.com,9160002712
MEC Study Group,https://www.bangor.ac.uk/international/countries/kuwait#contactsagents,India,Chennai,Ruchi@studyin-uk.com; contact@edvoy.com; reenaj@thechopras.com,+91 93817 08282; 600 018; +91 9962595004; 9160002712
MEC Study Group,https://www.bangor.ac.uk/international/countries/kuwait#contactsagents,India,Hyderabad,juhij@chopras.com,9654127212
MEC Study Group,https://www.bangor.ac.uk/international/countries/kuwait#contactsagents,India,Jaipur,kanushreeb@chopras.com,7290054333
MEC Study Group,https://www.bangor.ac.uk/international/countries/kuwait#contactsagents,India,Kochi,rosem@chopras.com,9048406426
MEC Study Group,https://www.bangor.ac.uk/international/countries/kuwait#contactsagents,India,Kolkata,kamnac@chopras.com,9836411828
MEC Study Group,https://www.bangor.ac.uk/international/countries/kuwait#contactsagents,India,Mumbai,shazeeyab@chopras.com,9930423332
MEC Study Group,https://www.bangor.ac.uk/international/countries/kuwait#contactsagents,India,Mumbai,india@ahzassociates.co.uk,+91 84509 87755
MEC Study Group,https://www.bangor.ac.uk/international/countries/kuwait#contactsagents,India,Mumbai,india@ahzassociates.co.uk; mumbai@studyin-uk.com; shazeeyab@chopras.com,+91 84509 87755; +91 93549 38639; 9930423332
MEC Study Group,https://www.bangor.ac.uk/international/countries/kuwait#contactsagents,India,New Delhi,ajitpal@iaeglobalindia.net,91 11 4175 2288
MEC Study Group,https://www.bangor.ac.uk/international/countries/kuwait#contactsagents,India,New Delhi,partnership@lcig.io,91-7986413418
MEC Study Group,https://www.bangor.ac.uk/international/countries/kuwait#contactsagents,India,New Delhi,alishaa@chopras.com,9654127202
MEC Study Group,https://www.bangor.ac.uk/international/countries/kuwait#contactsagents,India,Pune,prasadk@chopras.com,9371145820
MEC Study Group,https://www.bangor.ac.uk/international/countries/kuwait#contactsagents,India,Pune,pune@studyin-uk.com; prasadk@chopras.com,+91 1800 309 9008; 9371145820
MEC Study Group,https://www.bangor.ac.uk/international/countries/kuwait#contactsagents,India,,tamilnadu@ahzassociates.co.uk,+917663949494
MEC Study Group,https://www.bangor.ac.uk/international/countries/kuwait#contactsagents,India,,tamilnadu@ahzassociates.co.uk; coimbatore@studyin-uk.com,+917663949494; +91 99724 84782
MEC Study Group,https://www.bangor.ac.uk/international/countries/kuwait#contactsagents,India,,ksd@ahzassociates.co.uk,+91 76639 49494
MEC Study Group,https://www.bangor.ac.uk/international/countries/kuwait#contactsagents,India,,sweetyp@chopras.com,9370253971
MEC Study Group,https://www.bangor.ac.uk/international/countries/kuwait#contactsagents,India,,info@studies-overseas.com,+91 91759 33761
MEC Study Group,https://www.bangor.ac.uk/international/countries/kuwait#contactsagents,India,,contact@edvoy.com,+91 9150024988
MEC Study Group,https://www.bangor.ac.uk/international/countries/kuwait#contactsagents,Indonesia,Jakarta,jakarta@studyin-uk.com,+62 838 11141214
MEC Study Group,https://www.bangor.ac.uk/international/countries/kuwait#contactsagents,Indonesia,,info.surabaya@idp.com,+62 (31) 99141224
MEC Study Group,https://www.bangor.ac.uk/international/countries/kuwait#contactsagents,Indonesia,,michaelbarnes@iaeglobal.net,62 22 8606 0625
MEC Study Group,https://www.bangor.ac.uk/international/countries/kuwait#contactsagents,Iran,Tehran,tehran@studyin-uk.com,+98 021 88104776
MEC Study Group,https://www.bangor.ac.uk/international/countries/kuwait#contactsagents,Japan,Tokyo,admin@iaeuk.net,150-0022; +81 (0)3 6871 9422
MEC Study Group,https://www.bangor.ac.uk/international/countries/kuwait#contactsagents,Japan,Tokyo,admin@iaeuk.net; tokyo@ukeducation.jp; h.koyama@iae-ryugaku.net,150-0022; +81 (0)3 6871 9422; 2-15-14; 141-0021; +81 03 5272 9143; 160-0022; 81353616066
MEC Study Group,https://www.bangor.ac.uk/international/countries/kuwait#contactsagents,Japan,Tokyo,h.koyama@iae-ryugaku.net,160-0022; 81353616066
MEC Study Group,https://www.bangor.ac.uk/international/countries/kuwait#contactsagents,Japan,Tokyo,,160-0022
MEC Study Group,https://www.bangor.ac.uk/international/countries/kuwait#contactsagents,Japan,Tokyo,,150-0022
MEC Study Group,https://www.bangor.ac.uk/international/countries/kuwait#contactsagents,Japan,,osaka@ukeducation.jp,5300012; +81 0 66 147 5681
MEC Study Group,https://www.bangor.ac.uk/international/countries/kuwait#contactsagents,Japan,,,5300012
MEC Study Group,https://www.bangor.ac.uk/international/countries/kuwait#contactsagents,Jordan,Amman,jordan@igec.com.au,966 2698 4112
MEC Study Group,https://www.bangor.ac.uk/international/countries/kuwait#contactsagents,Jordan,Amman,publicrelations@gescoedu.com,0096265562022
MEC Study Group,https://www.bangor.ac.uk/international/countries/kuwait#contactsagents,Jordan,Amman,admin@visiondu.co.uk,96265814936
MEC Study Group,https://www.bangor.ac.uk/international/countries/kuwait#contactsagents,Jordan,Amman,bridge@bridge.jo,16553.25639
MEC Study Group,https://www.bangor.ac.uk/international/countries/kuwait#contactsagents,Jordan,Amman,bridge@bridge.jo; admin@visiondu.co.uk; publicrelations@gescoedu.com; jordan@igec.com.au,16553.25639; 96265814936; 0096265562022; 966 2698 4112
MEC Study Group,https://www.bangor.ac.uk/international/countries/kuwait#contactsagents,Kenya,,mombasa@studyin-uk.com,+254 (0) 780 450 642
MEC Study Group,https://www.mecstudygroup.com,Kuwait,Jeddah,,+966-0536249609; 0573544272; 0505129056; 0506446327
MEC Study Group,https://www.bangor.ac.uk/international/countries/kuwait#contactsagents,Kuwait,London,elebdaa.kuwait@gmail.com; alshamlan.edu@gmail.com; mecstudygroup@outlook.com; info.kuwait@idp.com; info@acceptix.com; kwt@tclglobal.co.uk; kuwait@ahzassociates.co.uk; kuwait@visionedu.co.uk; information@b2-ik.com; admin@ulearnkw.com; info@prime-apply.com; ug-pg@easyapplyedu.com; info@altijaria.com; kuwait@ukec.com; admissions.kw@jnsedu.com; birmingham@ukec.com; info@universalstudentuk.com; uk@idp.com; cardiff@ukec.com; international@helpustrade.com; apply@knowledgewell.co.uk; edinburgh@ukec.com; marketinguk@jjl.cn; info@chglobal.co.uk; huddersfield@iecabroad.com; info@studyinternational.co.uk; info@educonsortium.org; admin@esbm.org.uk; liverpool@edvoy.com; liverpool@ukec.com; info@ahzassociates.co.uk; marketing@amberedu.co.uk; admission@bwbsolutions.co.uk; vikash@crizac.co.uk; info@globalstudyuk.com; partnership@hglobal25.com; studentservices@kaplan.co.uk; info@mariaconsultancy.co.uk; info@oxfordinternational.com; omar@psgraduates.com; scarter@studentapply.org; info@shabujglobal.com; info@studentconnect.org; info@studyin-uk.com; studywiseabroad@gmail.com; london@ukec.com; ask@win-ed.com; admin@iaeuk.net; study@educationcareuk.com; admissions@edvoy.com; admin@studyadvisers.com; manchester@studyin-uk.com; manchester@ukec.net; Manchester@ukec.com; newcastle@ukec.com; offers@edutrend.co.uk; info@tclglobal.co.uk; preston@ukec.net; application@campora.global; nairobi@studyin-uk.com; abuja@ahzassociates.co.uk; Abuja@tclglobal.co.uk; bridge@bridge.jo; admin@visiondu.co.uk; publicrelations@gescoedu.com; jordan@igec.com.au; ankara@edukas.com.tr; ankara@studyin-uk.com; oytun@edcon.com.tr; athens@studyin-uk.com; partnership@lcig.io; enquiry@findlaybsb.com; bangalore@studyin-uk.com; juhij@chopras.com; bangkok@studyin-uk.com; iae-thai@iaeglobal.net; srilanka@tclglobal.co.uk; beijing@ukec.net.cn; amberbj@amberedu.com; beijing@studyin-uk.cn; bogota@studyin-uk.com; tugba@edcon.com.tr; info@casaeducation.com; casablanca@studyin-uk.com; info.morocco@ahzassociates.co.uk; sweetyp@chopras.com; changsha@studyin-uk.cn; ctg@ahzassociates.co.uk; Chengdu@ukec.net.cn; hezuo@51liucheng.com; Ruchi@studyin-uk.com; contact@edvoy.com; reenaj@thechopras.com; chiangmai@studyin-uk.com; chongqing@ukec.net.cn; rosem@chopras.com; tamilnadu@ahzassociates.co.uk; coimbatore@studyin-uk.com; colombo@ahzassociates.co.uk; colombo@studyin-uk.com; amberdl@amberedu.com; Syria@visionedu.co.uk; dammam@studyin-uk.com; daressalaam@studyin-uk.com; bangladesh@win-ed.com; bangladesh@campora.global; uttara@ahzassociates.co.uk; applications.bd@shabujglobal.com; uttara@tclglobal.co.uk; dhanmondi@tclglobal.co.uk; gulshan@tclglobal.co.uk; qatar@studyin-uk.com; info@glinksgroup.com; uae@igec.com.au; admissions@jnsedu.com; uae@tclglobal.co.uk; humair.ahmed@ieodkv.com; faisalabad@studyin-uk.com; guangzhou@studyin-uk.cn; wallacehe@amberedu.com; hanoi@isc.education; iae-viet@iaeglobal.net; info.hanoi@idp.com; hanoi@studyin-uk.com; hochiminh@isc.education; hochiminh@studyin-uk.com; premier@amberedu.com.hk; partners@uvic.co.uk; hongkong@studyin-uk.com; joy.lui@amberedu.com.hk; lagosisland@ahzassociates.co.uk; nigeria@tclglobal.co.uk; usama.asad@ieodkv.com; islamabad@edvoy.com; isl@ahzassociates.co.uk; info.islamabad@idp.com; banu@edcon.com.tr; istanbul@edukas.com.tr; besiktas@edukas.com.tr; info@icesturkey.com; istanbul@studyin-uk.com; edcon@edcon.com.tr; oya@edcon.com.tr; izmir@edukas.com.tr; info@myeducoach.com; kadriye@edcon.com.tr; kanushreeb@chopras.com; jakarta@studyin-uk.com; jeddah@igec.com.au; Jeddah@visionedu.co.uk; jeddah@edvoy.com; jeddah@tclglobal.co.uk; romania@ahzassociates.co.uk; ksd@ahzassociates.co.uk; kampala@studyin-uk.com; karachi@studyin-uk.com; info.karachi@idp.com; kathmandu@edvoy.com; asim.ghimire@idp.com; nepal@ahzassociates.co.uk; nepal@tclglobal.co.uk; info@iaeglobalnepal.net; kamnac@chopras.com; malaysia@isc.education; kuching@isc.education; lagos@studyin-uk.com; nigeria@win-ed.com; lagosmain@ahzassociates.co.uk; nigeria@ahzassociates.co.uk; Lagos@tclglobal.co.uk; lahore@studyin-uk.com; lahore@edvoy.com; lahore2@ahzassociates.co.uk; info.lahore@idp.com; pakistan@tclglobal.co.uk; apply@ezone.ae; bahrain@visionedu.co.uk; manila@studyin-uk.com; mombasa@studyin-uk.com; india@ahzassociates.co.uk; mumbai@studyin-uk.com; shazeeyab@chopras.com; Oman@visionedu.co.uk; info@studies-overseas.com; info.egypt@idp.com; alishaa@chopras.com; delhi@ahzassociates.co.uk; delhi@studyin-uk.com; ajitpal@iaeglobalindia.net; cyprus@studyin-uk.com; applicationsUK@applyboard.com; info@mericler.net; osaka@ukeducation.jp; peshawar@studyin-uk.com; info@ieodkv.com; malaysia@studyin-uk.com; info.nigeria@ahzassociates.co.uk; pune@studyin-uk.com; prasadk@chopras.com; rawalpindi@studyin-uk.com; futureplan222@gmail.com; sat@sat-edu.com; saudi.arabia@ukec.com; riyadh@iecabroad.com; middleeast@ahzassociates.co.uk; ksa@tclglobal.co.uk; lauren.kim@idp.com; korea@iaeglobal.net; info@jinanoverseas.com; Index_HQ@agentsedu.com; shanghai@studyin-uk.cn; shenyang@ukec.net.cn; marketing@amberedu.com; shenzhen@amberedu.com; china@ukec.net.cn; info@cialfo.com.sg; info@geebeeworld.com; debasish@thechoprasglobal.com; singapore@ahzassociates.co.uk; malaysia@ukec.com; info.surabaya@idp.com; institutions@globalstudypartners.com; sylh@ahzassociates.co.uk; sylhet@tclglobal.co.uk; service@oxbridge.com.tw; taipei@studyin-uk.com; ask@win-ed.com.tw; info@iae-taiwan.net; michaelbarnes@iaeglobal.net; tashkent@studyin-uk.com; tehran@studyin-uk.com; tokyo@ukeducation.jp; h.koyama@iae-ryugaku.net; applications@studyin-uk.com; soumyas@chopras.com; vientiane@studyin-uk.com; harpreet.kaur@thechopras.com; wuhan@ukec.net.cn; amberwh@amberedu.com; xian@ukec.net.cn; xiamen@ukec.net.cn,0096599038490; 96555544784; +965 50272509; +965 25743843; +965 66830010; +965 51586525; +965 51344562; +966 539626555; +96555353633; 965 55114766; 51712233; +965 66687847; +965 1883388; 965) 65040893; 00965 99 33 4010; +965 6993 3430; 0121 237 6017; 0121 679 0822; 029 2010 9129; 0292 132 4782; 07969076534; +962 7 9731 7755; 0131 5589000; +86-010-56836688; 01484 437440; +44 (0) 148 453 0544; +662 2606033; 0044 1698 688998; 0116 429 6607; +44 (0) 151 482 9480; +44 2073779630; 122-124; +44-20-7734 0274; +44 (0)20 7476 7066; 8002508191; +44 20 7486 4762; 07928262793; 01202 752 200; 20368909042; 0208 3128067; +44 7947455105; 66847000736; 2077904894; +44(0)2072479009; 211-213; 44-020-7287-7040; 4.47425; 020 7383 2000; 0203 008 8162; +44 20 7953 0235; 0161 900 3378; +44 (0) 161 233 4295; +44 7481 502735; 0161 209 3311; 1612360660; 44) 161236 0660; 0191 230 6464; 4.47455; +44 (0)23 9283 9210; 01772 903 498; +44 114 272 5444; +66 0 2 260 6033; +234 814 060 3377; 23408165885629; +234 80 6829 0705; +20 30428 3100; 16553.25639; 96265814936; 0096265562022; 966 2698 4112; 9.03125; 72 - 76; 02129950735; 0090 312 427 90 00; 260-262; 210 675 3000; 64-2902210325; +673 242 8658; +91 80 4168 8282; 9341577145; +66-2-661-7495; +66 2 117 9564; +94 72 072 8698; 0086 010 6266 6844; +86-10-6566 1010; +86 15721283391; 86-21-20575588; +961 1 751 780; +961 1 811 432; +57 318 3499429; 0090 224 223 03 30; +20 225 260 970; +20 110 105 2556; 20-1120955013; +212 666 131738; +212601671995; 4.47803; +212 522 051 440; 117-118-119; 9646233820; 901-903; +86 13974886786; +8801755614778; 0086 028 8540 1376; +91 93817 08282; 600 018; +91 9962595004; 9160002712; +66 (0)910799303; +66 52 010073; 0086 23 65105071; 9048406426; +917663949494; +91 99724 84782; +94 77 703 4630; +94 740011814; +86-411-8284 2288; +963113344887; +963944883099; +966 138154244; +255 677 500 800; +880-1721 016 158; +880 197 003 3288; +88 1905 695 335; +8801321147366; 1321182535; +8801407076522; +8801407076512; +8801407076551; +974 5076 0041; +971507037747; +971 508421646; +44 (0) 23 9283 9210; 0092-51-5154939; +92-41-8554200; +02152838680; +86-20-2237 9900; +84 2439411906; 0084 2466 818285; 00 84 4 3943 9739; +84 24 3972 6849; 84838246622; +84 28 3929 3998; +852-2377 7888; 1908-09; 44) 203 7577211; +852 29678009; +852-2377 7880; 852-23112689; 6-3-1090; +91 9150024989; 9654127212; +234(0)7042246364; +234 80 7877 3100; 0092-0332 3693747; 051-8897051; +923439555591; +92 335 4747002; 0090 212 234 48 99; 0 (216) 408 22 20; 902 122606072; +90 533 5792494; 0090  216 301 13 23; 0090 212 669 29 29; 0 537 778 45 71; +905556818035; 0090 232 425 25 56; 7290054333; +62 838 11141214; +961 4544 737; +966 2 2611202; +966 2 2614122; +966 (0) 12 682 1285; +966 (0) 503059575; +40 7771 677 231; +91 76639 49494; +256 770688532; 9.17903; +92-21-37120268; +92 340 8659201; 021-35633233-2; +977 0159 03391; +977 1 4217400; 91-9884042244; +977 980-2346898; +977 9802344148; 62 22 8606 0625; 9836411828; +60 14-552 2727; 861-20575588-866; 06) 106647218; +234 8104841013; +234 818 888 1394; +234(0)7061179668; 234-8035066086; +234(0)7018696248; 2.34081; +234 913 776 1525; +92-301-4434942; +92-326-8001137; +92 42 35872333; +923408882225; +92 322 7888828; 042-35771862-3; +923102289352; 9370253971; +973 32 000 559; 97317720281; +63 2 88179437; +254 (0) 780 450 642; +91 84509 87755; +91 93549 38639; 9930423332; +91 91759 33761; +20 2 2306 7394; +202 385 90; +202 281 338 39; 110 001; +91 7299912335; 9654127202; 91-7986413418; 9.19205; +917827800565; 91 11 4175 2288; +90 548 853 58 88; +1 (519) 900-6001; +1 647-933-9098; 5300012; +81 0 66 147 5681; +92-311 1934444; 0321-5888595; 60378861936; +234(0)8111509481; +91 1800 309 9008; 9371145820; +212 766 309 607; +92 51 4264181; +92 308 1814264; 9.66559; 10 4516; 12282-6849; +966555934849; 9.66545; +966 (0) 11 810 4444; 4.40783; +966 50 544 4945; +92-40-4550137; +968 9521 2672; +82 2 550 0303; +82 10 3766 9037; +010 586 95742; +86 15601601917; 2603-04; 86 21 5150 6887; 5150 6210; +20 23865 3821; +86-755-2518 1511; +86-755-3398 1100; 028-6133 3945; +65 9723 8594; +91-8420886581; +91 9811432228; +6567815850; +603 5612 7213; +62 (31) 99141224; +61) 286440649; +61 2 91825868; +8801755-614758; +8801407076540; +886-2-2779-0801; +886 227556365; +886 912752989; +886 2 23830638; +998 97 170 00 66; +98 021 88104776; 150-0022; +81 (0)3 6871 9422; 2-15-14; 141-0021; +81 03 5272 9143; 160-0022; 81353616066; +1 416- 998-8532; 1022 (1; 8589016426; +856 20595 14229; +91 9150024988; +86-27-5960 1122; 0086 029 8522 1018; 0086 0571 8536 5130
MEC Study Group,https://www.bangor.ac.uk/international/countries/kuwait#contactsagents,Kuwait,,info@acceptix.com,+965 66830010; +965 51586525; +965 51344562
MEC Study Group,https://www.bangor.ac.uk/international/countries/kuwait#contactsagents,Kuwait,,info@acceptix.com; kwt@tclglobal.co.uk; kuwait@ahzassociates.co.uk; kuwait@visionedu.co.uk; information@b2-ik.com; admin@ulearnkw.com; info@prime-apply.com; ug-pg@easyapplyedu.com; info@altijaria.com; kuwait@ukec.com,+965 66830010; +965 51586525; +965 51344562; +966 539626555; +96555353633; 965 55114766; 51712233; +965 66687847; +965 1883388; 965) 65040893; 00965 99 33 4010
MEC Study Group,https://www.bangor.ac.uk/international/countries/kuwait#contactsagents,Kuwait,,admissions.kw@jnsedu.com,+965 6993 3430
MEC Study Group,https://www.bangor.ac.uk/international/countries/kuwait#contactsagents,Kuwait,,kuwait@ukec.com,00965 99 33 4010
MEC Study Group,https://www.bangor.ac.uk/international/countries/kuwait#contactsagents,Kuwait,,info@altijaria.com,965) 65040893
MEC Study Group,https://www.bangor.ac.uk/international/countries/kuwait#contactsagents,Kuwait,,info@prime-apply.com,+965 1883388
MEC Study Group,https://www.bangor.ac.uk/international/countries/kuwait#contactsagents,Kuwait,,admin@ulearnkw.com,+965 66687847
MEC Study Group,https://www.bangor.ac.uk/international/countries/kuwait#contactsagents,Kuwait,,information@b2-ik.com,965 55114766; 51712233
MEC Study Group,https://www.bangor.ac.uk/international/countries/kuwait#contactsagents,Kuwait,,kuwait@ahzassociates.co.uk,+96555353633
MEC Study Group,https://www.bangor.ac.uk/international/countries/kuwait#contactsagents,Kuwait,,mecstudygroup@outlook.com,+965 50272509
MEC Study Group,https://www.bangor.ac.uk/international/countries/kuwait#contactsagents,Kuwait,,alshamlan.edu@gmail.com,96555544784
MEC Study Group,https://www.bangor.ac.uk/international/countries/kuwait#contactsagents,Kuwait,,elebdaa.kuwait@gmail.com,0096599038490
MEC Study Group,https://www.bangor.ac.uk/international/countries/kuwait#contactsagents,Kuwait,,elebdaa.kuwait@gmail.com; alshamlan.edu@gmail.com; mecstudygroup@outlook.com; info.kuwait@idp.com,0096599038490; 96555544784; +965 50272509; +965 25743843
MEC Study Group,https://www.bangor.ac.uk/international/countries/kuwait#contactsagents,Kuwait,,elebdaa.kuwait@gmail.com; alshamlan.edu@gmail.com; mecstudygroup@outlook.com; info.kuwait@idp.com; info@acceptix.com; kwt@tclglobal.co.uk; kuwait@ahzassociates.co.uk; kuwait@visionedu.co.uk; information@b2-ik.com; admin@ulearnkw.com; info@prime-apply.com; ug-pg@easyapplyedu.com; info@altijaria.com; kuwait@ukec.com; admissions.kw@jnsedu.com,0096599038490; 96555544784; +965 50272509; +965 25743843; +965 66830010; +965 51586525; +965 51344562; +966 539626555; +96555353633; 965 55114766; 51712233; +965 66687847; +965 1883388; 965) 65040893; 00965 99 33 4010; +965 6993 3430
MEC Study Group,https://www.mecstudygroup.com/offices,Kuwait,,,+965-50272509; 55305115; 51257991; 51067487; 98700181
MEC Study Group,https://www.bangor.ac.uk/international/countries/kuwait#contactsagents,Lebanon,Beirut,info@globalstudyuk.com,+961 1 751 780; +961 1 811 432
MEC Study Group,https://www.bangor.ac.uk/international/countries/kuwait#contactsagents,Lebanon,,info@globalstudyuk.com,+961 4544 737
MEC Study Group,https://www.bangor.ac.uk/international/countries/kuwait#contactsagents,Malaysia,,kuching@isc.education,06) 106647218
MEC Study Group,https://www.bangor.ac.uk/international/countries/kuwait#contactsagents,Malaysia,,malaysia@isc.education,+60 14-552 2727
MEC Study Group,https://www.bangor.ac.uk/international/countries/kuwait#contactsagents,Malaysia,,malaysia@studyin-uk.com,60378861936
MEC Study Group,https://www.bangor.ac.uk/international/countries/kuwait#contactsagents,Malaysia,,malaysia@ukec.com,+603 5612 7213
MEC Study Group,https://www.bangor.ac.uk/international/countries/kuwait#contactsagents,Morocco,Casablanca,info@casaeducation.com,+212 666 131738
MEC Study Group,https://www.bangor.ac.uk/international/countries/kuwait#contactsagents,Morocco,Casablanca,info@casaeducation.com; casablanca@studyin-uk.com; info.morocco@ahzassociates.co.uk; info@globalstudyuk.com,+212 666 131738; +212601671995; 4.47803; +212 522 051 440
MEC Study Group,https://www.bangor.ac.uk/international/countries/kuwait#contactsagents,Morocco,,info@globalstudyuk.com,+212 766 309 607
MEC Study Group,https://www.bangor.ac.uk/international/countries/kuwait#contactsagents,Nepal,Kathmandu,info@iaeglobalnepal.net,62 22 8606 0625
MEC Study Group,https://www.bangor.ac.uk/international/countries/kuwait#contactsagents,Nepal,Kathmandu,nepal@ahzassociates.co.uk,+977 980-2346898
MEC Study Group,https://www.bangor.ac.uk/international/countries/kuwait#contactsagents,Nepal,Kathmandu,partnership@lcig.io,91-9884042244
MEC Study Group,https://www.bangor.ac.uk/international/countries/kuwait#contactsagents,Nepal,Kathmandu,asim.ghimire@idp.com,+977 1 4217400
MEC Study Group,https://www.bangor.ac.uk/international/countries/kuwait#contactsagents,Nepal,Kathmandu,kathmandu@edvoy.com,+977 0159 03391
MEC Study Group,https://www.bangor.ac.uk/international/countries/kuwait#contactsagents,Nepal,Kathmandu,kathmandu@edvoy.com; asim.ghimire@idp.com; partnership@lcig.io; nepal@ahzassociates.co.uk; nepal@tclglobal.co.uk; info@iaeglobalnepal.net,+977 0159 03391; +977 1 4217400; 91-9884042244; +977 980-2346898; +977 9802344148; 62 22 8606 0625
MEC Study Group,https://www.bangor.ac.uk/international/countries/kuwait#contactsagents,New Zealand,,partnership@lcig.io,64-2902210325
MEC Study Group,https://www.bangor.ac.uk/international/countries/kuwait#contactsagents,Nigeria,Abuja,nairobi@studyin-uk.com; abuja@ahzassociates.co.uk; Abuja@tclglobal.co.uk,+66 0 2 260 6033; +234 814 060 3377; 23408165885629; +234 80 6829 0705
MEC Study Group,https://www.bangor.ac.uk/international/countries/kuwait#contactsagents,Nigeria,Abuja,abuja@ahzassociates.co.uk,23408165885629
MEC Study Group,https://www.bangor.ac.uk/international/countries/kuwait#contactsagents,Nigeria,Abuja,nairobi@studyin-uk.com; abuja@ahzassociates.co.uk; Abuja@tclglobal.co.uk; info@globalstudyuk.com; bridge@bridge.jo; admin@visiondu.co.uk; publicrelations@gescoedu.com; jordan@igec.com.au; ankara@edukas.com.tr; ankara@studyin-uk.com; oytun@edcon.com.tr; athens@studyin-uk.com; partnership@lcig.io; enquiry@findlaybsb.com; bangalore@studyin-uk.com; juhij@chopras.com; bangkok@studyin-uk.com; ask@win-ed.com; iae-thai@iaeglobal.net; srilanka@tclglobal.co.uk; beijing@ukec.net.cn; amberbj@amberedu.com; beijing@studyin-uk.cn; bogota@studyin-uk.com; tugba@edcon.com.tr; information@b2-ik.com; info@casaeducation.com; casablanca@studyin-uk.com; info.morocco@ahzassociates.co.uk; sweetyp@chopras.com; changsha@studyin-uk.cn; ctg@ahzassociates.co.uk; Chengdu@ukec.net.cn; hezuo@51liucheng.com; Ruchi@studyin-uk.com; contact@edvoy.com; reenaj@thechopras.com; chiangmai@studyin-uk.com; chongqing@ukec.net.cn; rosem@chopras.com; tamilnadu@ahzassociates.co.uk; coimbatore@studyin-uk.com; colombo@ahzassociates.co.uk; colombo@studyin-uk.com; amberdl@amberedu.com; Syria@visionedu.co.uk; dammam@studyin-uk.com; daressalaam@studyin-uk.com; bangladesh@win-ed.com; bangladesh@campora.global; uttara@ahzassociates.co.uk; applications.bd@shabujglobal.com; uttara@tclglobal.co.uk; dhanmondi@tclglobal.co.uk; gulshan@tclglobal.co.uk; qatar@studyin-uk.com; info@glinksgroup.com; uae@igec.com.au; admissions@jnsedu.com; uae@tclglobal.co.uk; humair.ahmed@ieodkv.com; faisalabad@studyin-uk.com; guangzhou@studyin-uk.cn; wallacehe@amberedu.com; hanoi@isc.education; iae-viet@iaeglobal.net; info.hanoi@idp.com; hanoi@studyin-uk.com; hochiminh@isc.education; hochiminh@studyin-uk.com; premier@amberedu.com.hk; partners@uvic.co.uk; hongkong@studyin-uk.com; joy.lui@amberedu.com.hk; lagosisland@ahzassociates.co.uk; nigeria@tclglobal.co.uk; usama.asad@ieodkv.com; islamabad@edvoy.com; isl@ahzassociates.co.uk; info.islamabad@idp.com; banu@edcon.com.tr; istanbul@edukas.com.tr; besiktas@edukas.com.tr; info@icesturkey.com; istanbul@studyin-uk.com; edcon@edcon.com.tr; oya@edcon.com.tr; izmir@edukas.com.tr; info@myeducoach.com; kadriye@edcon.com.tr; kanushreeb@chopras.com; jakarta@studyin-uk.com; jeddah@igec.com.au; Jeddah@visionedu.co.uk; jeddah@edvoy.com; jeddah@tclglobal.co.uk; romania@ahzassociates.co.uk; ksd@ahzassociates.co.uk; kampala@studyin-uk.com; karachi@studyin-uk.com; info.karachi@idp.com; kathmandu@edvoy.com; asim.ghimire@idp.com; nepal@ahzassociates.co.uk; nepal@tclglobal.co.uk; info@iaeglobalnepal.net; kamnac@chopras.com; malaysia@isc.education; kuching@isc.education; lagos@studyin-uk.com; nigeria@win-ed.com; lagosmain@ahzassociates.co.uk; nigeria@ahzassociates.co.uk; Lagos@tclglobal.co.uk; lahore@studyin-uk.com; lahore@edvoy.com; lahore2@ahzassociates.co.uk; info.lahore@idp.com; pakistan@tclglobal.co.uk; apply@ezone.ae; bahrain@visionedu.co.uk; manila@studyin-uk.com; mombasa@studyin-uk.com; india@ahzassociates.co.uk; mumbai@studyin-uk.com; shazeeyab@chopras.com; Oman@visionedu.co.uk; info@studies-overseas.com; info.egypt@idp.com; alishaa@chopras.com; delhi@ahzassociates.co.uk; delhi@studyin-uk.com; ajitpal@iaeglobalindia.net; cyprus@studyin-uk.com; applicationsUK@applyboard.com; info@mericler.net; osaka@ukeducation.jp; peshawar@studyin-uk.com; info@ieodkv.com; malaysia@studyin-uk.com; info.nigeria@ahzassociates.co.uk; pune@studyin-uk.com; prasadk@chopras.com; rawalpindi@studyin-uk.com; futureplan222@gmail.com; sat@sat-edu.com; saudi.arabia@ukec.com; riyadh@iecabroad.com; middleeast@ahzassociates.co.uk; ksa@tclglobal.co.uk; lauren.kim@idp.com; korea@iaeglobal.net; info@jinanoverseas.com; Index_HQ@agentsedu.com; shanghai@studyin-uk.cn; shenyang@ukec.net.cn; marketing@amberedu.com; shenzhen@amberedu.com; china@ukec.net.cn; info@cialfo.com.sg; info@geebeeworld.com; debasish@thechoprasglobal.com; singapore@ahzassociates.co.uk; malaysia@ukec.com; info.surabaya@idp.com; institutions@globalstudypartners.com; sylh@ahzassociates.co.uk; sylhet@tclglobal.co.uk; service@oxbridge.com.tw; taipei@studyin-uk.com; ask@win-ed.com.tw; info@iae-taiwan.net; michaelbarnes@iaeglobal.net; tashkent@studyin-uk.com; tehran@studyin-uk.com; admin@iaeuk.net; tokyo@ukeducation.jp; h.koyama@iae-ryugaku.net; applications@studyin-uk.com; soumyas@chopras.com; vientiane@studyin-uk.com; harpreet.kaur@thechopras.com; wuhan@ukec.net.cn; amberwh@amberedu.com; xian@ukec.net.cn; xiamen@ukec.net.cn,+66 0 2 260 6033; +234 814 060 3377; 23408165885629; +234 80 6829 0705; +20 30428 3100; 16553.25639; 96265814936; 0096265562022; 966 2698 4112; 9.03125; 72 - 76; 02129950735; 0090 312 427 90 00; 260-262; 210 675 3000; 64-2902210325; +673 242 8658; +91 80 4168 8282; 9341577145; +66-2-661-7495; +66 2 117 9564; +94 72 072 8698; 0086 010 6266 6844; +86-10-6566 1010; +86 15721283391; 86-21-20575588; +961 1 751 780; +961 1 811 432; +57 318 3499429; 0090 224 223 03 30; +20 225 260 970; +20 110 105 2556; 20-1120955013; +212 666 131738; +212601671995; 4.47803; +212 522 051 440; 117-118-119; 9646233820; 901-903; +86 13974886786; +8801755614778; 0086 028 8540 1376; +91 93817 08282; 600 018; +91 9962595004; 9160002712; +66 (0)910799303; +66 52 010073; 0086 23 65105071; 9048406426; +917663949494; +91 99724 84782; +94 77 703 4630; +94 740011814; +86-411-8284 2288; +963113344887; +963944883099; +966 138154244; +255 677 500 800; +880-1721 016 158; +880 197 003 3288; +88 1905 695 335; +8801321147366; 1321182535; +8801407076522; +8801407076512; +8801407076551; +974 5076 0041; +971507037747; +971 508421646; +44 (0) 23 9283 9210; 0092-51-5154939; +92-41-8554200; +02152838680; +86-20-2237 9900; +84 2439411906; 0084 2466 818285; 00 84 4 3943 9739; +84 24 3972 6849; 84838246622; +84 28 3929 3998; +852-2377 7888; 1908-09; 44) 203 7577211; +852 29678009; +852-2377 7880; 852-23112689; 6-3-1090; +91 9150024989; 9654127212; +234(0)7042246364; +234 80 7877 3100; 0092-0332 3693747; 051-8897051; +923439555591; +92 335 4747002; 0090 212 234 48 99; 0 (216) 408 22 20; 902 122606072; +90 533 5792494; 0090  216 301 13 23; 0090 212 669 29 29; 0 537 778 45 71; +905556818035; 0090 232 425 25 56; 7290054333; +62 838 11141214; +961 4544 737; +966 2 2611202; +966 2 2614122; +966 (0) 12 682 1285; +966 (0) 503059575; +40 7771 677 231; +91 76639 49494; +256 770688532; 9.17903; +92-21-37120268; +92 340 8659201; 021-35633233-2; +977 0159 03391; +977 1 4217400; 91-9884042244; +977 980-2346898; +977 9802344148; 62 22 8606 0625; 9836411828; +60 14-552 2727; 861-20575588-866; 06) 106647218; +234 8104841013; +234 818 888 1394; +234(0)7061179668; 234-8035066086; +234(0)7018696248; 2.34081; +234 913 776 1525; +92-301-4434942; +92-326-8001137; +92 42 35872333; +923408882225; +92 322 7888828; 042-35771862-3; +923102289352; 9370253971; +973 32 000 559; 97317720281; +63 2 88179437; +254 (0) 780 450 642; +91 84509 87755; +91 93549 38639; 9930423332; +91 91759 33761; +20 2 2306 7394; +202 385 90; +202 281 338 39; 110 001; +91 7299912335; 9654127202; 91-7986413418; 9.19205; +917827800565; 91 11 4175 2288; +90 548 853 58 88; +1 (519) 900-6001; +1 647-933-9098; 5300012; +81 0 66 147 5681; +92-311 1934444; 0321-5888595; 60378861936; +234(0)8111509481; +91 1800 309 9008; 9371145820; +212 766 309 607; +92 51 4264181; +92 308 1814264; 9.66559; 10 4516; 12282-6849; +966555934849; 9.66545; +966 (0) 11 810 4444; 4.40783; +966 50 544 4945; +92-40-4550137; +968 9521 2672; +82 2 550 0303; +82 10 3766 9037; +010 586 95742; +86 15601601917; 2603-04; 86 21 5150 6887; 5150 6210; +20 23865 3821; +86-755-2518 1511; +86-755-3398 1100; 028-6133 3945; +65 9723 8594; +91-8420886581; +91 9811432228; +6567815850; +603 5612 7213; +62 (31) 99141224; +61) 286440649; +61 2 91825868; +8801755-614758; +8801407076540; +886-2-2779-0801; +886 227556365; +886 912752989; +886 2 23830638; +998 97 170 00 66; +98 021 88104776; 150-0022; +81 (0)3 6871 9422; 2-15-14; 141-0021; +81 03 5272 9143; 160-0022; 81353616066; +1 416- 998-8532; 1022 (1; 8589016426; +856 20595 14229; +91 9150024988; +86-27-5960 1122; 0086 029 8522 1018; 0086 0571 8536 5130
MEC Study Group,https://www.bangor.ac.uk/international/countries/kuwait#contactsagents,Nigeria,Abuja,,+234 814 060 3377
MEC Study Group,https://www.bangor.ac.uk/international/countries/kuwait#contactsagents,Nigeria,Lagos,lagos@studyin-uk.com; nigeria@win-ed.com; lagosmain@ahzassociates.co.uk; partnership@lcig.io; lagosisland@ahzassociates.co.uk; nigeria@ahzassociates.co.uk; Lagos@tclglobal.co.uk,+234 8104841013; +234 818 888 1394; +234(0)7061179668; 234-8035066086; +234(0)7018696248; 2.34081; +234 913 776 1525
MEC Study Group,https://www.bangor.ac.uk/international/countries/kuwait#contactsagents,Nigeria,Lagos,lagosisland@ahzassociates.co.uk,+234(0)7018696248
MEC Study Group,https://www.bangor.ac.uk/international/countries/kuwait#contactsagents,Nigeria,Lagos,lagosmain@ahzassociates.co.uk,+234(0)7061179668
MEC Study Group,https://www.bangor.ac.uk/international/countries/kuwait#contactsagents,Nigeria,Lagos,nigeria@win-ed.com,+234 818 888 1394
MEC Study Group,https://www.bangor.ac.uk/international/countries/kuwait#contactsagents,Nigeria,London,partnership@lcig.io,234-8035066086
MEC Study Group,https://www.bangor.ac.uk/international/countries/kuwait#contactsagents,Nigeria,,lagosisland@ahzassociates.co.uk,+234(0)7042246364
MEC Study Group,https://www.bangor.ac.uk/international/countries/kuwait#contactsagents,Nigeria,,lagosisland@ahzassociates.co.uk; nigeria@tclglobal.co.uk,+234(0)7042246364; +234 80 7877 3100
MEC Study Group,https://www.bangor.ac.uk/international/countries/kuwait#contactsagents,Nigeria,,info.nigeria@ahzassociates.co.uk,+234(0)8111509481
MEC Study Group,https://www.bangor.ac.uk/international/countries/kuwait#contactsagents,Oman,,info@globalstudyuk.com,+968 9521 2672
MEC Study Group,https://www.bangor.ac.uk/international/countries/kuwait#contactsagents,Pakistan,Islamabad,info.islamabad@idp.com,+92 335 4747002
MEC Study Group,https://www.bangor.ac.uk/international/countries/kuwait#contactsagents,Pakistan,Islamabad,isl@ahzassociates.co.uk,+923439555591
MEC Study Group,https://www.bangor.ac.uk/international/countries/kuwait#contactsagents,Pakistan,Islamabad,islamabad@edvoy.com,051-8897051
MEC Study Group,https://www.bangor.ac.uk/international/countries/kuwait#contactsagents,Pakistan,Islamabad,usama.asad@ieodkv.com,0092-0332 3693747
MEC Study Group,https://www.bangor.ac.uk/international/countries/kuwait#contactsagents,Pakistan,Islamabad,usama.asad@ieodkv.com; islamabad@edvoy.com; isl@ahzassociates.co.uk; info.islamabad@idp.com,0092-0332 3693747; 051-8897051; +923439555591; +92 335 4747002
MEC Study Group,https://www.bangor.ac.uk/international/countries/kuwait#contactsagents,Pakistan,Islamabad,rawalpindi@studyin-uk.com,+92 51 4264181; +92 308 1814264
MEC Study Group,https://www.bangor.ac.uk/international/countries/kuwait#contactsagents,Pakistan,Karachi,usama.asad@ieodkv.com,021-35633233-2
MEC Study Group,https://www.bangor.ac.uk/international/countries/kuwait#contactsagents,Pakistan,Karachi,info.karachi@idp.com,+92 340 8659201
MEC Study Group,https://www.bangor.ac.uk/international/countries/kuwait#contactsagents,Pakistan,Karachi,karachi@studyin-uk.com; info.karachi@idp.com; usama.asad@ieodkv.com,+92-21-37120268; +92 340 8659201; 021-35633233-2
MEC Study Group,https://www.bangor.ac.uk/international/countries/kuwait#contactsagents,Pakistan,Lahore,usama.asad@ieodkv.com,042-35771862-3
MEC Study Group,https://www.bangor.ac.uk/international/countries/kuwait#contactsagents,Pakistan,Lahore,info.lahore@idp.com,+92 322 7888828
MEC Study Group,https://www.bangor.ac.uk/international/countries/kuwait#contactsagents,Pakistan,Lahore,lahore2@ahzassociates.co.uk,+923408882225
MEC Study Group,https://www.bangor.ac.uk/international/countries/kuwait#contactsagents,Pakistan,Lahore,lahore@edvoy.com,+92 42 35872333
MEC Study Group,https://www.bangor.ac.uk/international/countries/kuwait#contactsagents,Pakistan,Lahore,lahore@studyin-uk.com; lahore@edvoy.com; lahore2@ahzassociates.co.uk; info.lahore@idp.com; usama.asad@ieodkv.com; pakistan@tclglobal.co.uk,+92-301-4434942; +92-326-8001137; +92 42 35872333; +923408882225; +92 322 7888828; 042-35771862-3; +923102289352
MEC Study Group,https://www.bangor.ac.uk/international/countries/kuwait#contactsagents,Pakistan,,faisalabad@studyin-uk.com,+92-41-8554200
MEC Study Group,https://www.bangor.ac.uk/international/countries/kuwait#contactsagents,Pakistan,,info@ieodkv.com,0321-5888595
MEC Study Group,https://www.bangor.ac.uk/international/countries/kuwait#contactsagents,Pakistan,,peshawar@studyin-uk.com; info@ieodkv.com,+92-311 1934444; 0321-5888595
MEC Study Group,https://www.bangor.ac.uk/international/countries/kuwait#contactsagents,Pakistan,,,+92-40-4550137
MEC Study Group,https://www.bangor.ac.uk/international/countries/kuwait#contactsagents,Philippines,Manila,manila@studyin-uk.com,+63 2 88179437
MEC Study Group,https://www.bangor.ac.uk/international/countries/kuwait#contactsagents,Qatar,Doha,qatar@studyin-uk.com,+974 5076 0041
MEC Study Group,https://www.bangor.ac.uk/international/countries/kuwait#contactsagents,Romania,,romania@ahzassociates.co.uk,+40 7771 677 231
MEC Study Group,https://www.bangor.ac.uk/international/countries/kuwait#contactsagents,Saudi Arabia,Jeddah,jeddah@edvoy.com,+966 (0) 12 682 1285
MEC Study Group,https://www.mecstudygroup.com,Saudi Arabia,Jeddah,admissions@mecstudygroup.com,+966-0536249609; 0573544272; 0505129056; 0506446327; +965-50272509; 55305115; 51257991; 51067487; 98700181
MEC Study Group,https://www.bangor.ac.uk/international/countries/kuwait#contactsagents,Saudi Arabia,Jeddah,Jeddah@visionedu.co.uk,+966 2 2611202; +966 2 2614122
MEC Study Group,https://www.bangor.ac.uk/international/countries/kuwait#contactsagents,Saudi Arabia,Jeddah,jeddah@igec.com.au,966 2698 4112
MEC Study Group,https://www.bangor.ac.uk/international/countries/kuwait#contactsagents,Saudi Arabia,Jeddah,jeddah@igec.com.au; Jeddah@visionedu.co.uk; jeddah@edvoy.com; jeddah@tclglobal.co.uk,966 2698 4112; +966 2 2611202; +966 2 2614122; +966 (0) 12 682 1285; +966 (0) 503059575
MEC Study Group,https://www.mecstudygroup.com/locations,Saudi Arabia,Jeddah,,+966-0536249609; 0573544272; 0505129056; 0506446327
MEC Study Group,https://www.bangor.ac.uk/international/countries/kuwait#contactsagents,Saudi Arabia,Riyadh,riyadh@iecabroad.com,+966 (0) 11 810 4444
MEC Study Group,https://www.bangor.ac.uk/international/countries/kuwait#contactsagents,Saudi Arabia,,dammam@studyin-uk.com,+966 138154244
MEC Study Group,https://www.bangor.ac.uk/international/countries/kuwait#contactsagents,Singapore,Singapore,singapore@ahzassociates.co.uk,+6567815850
MEC Study Group,https://www.bangor.ac.uk/international/countries/kuwait#contactsagents,Singapore,Singapore,debasish@thechoprasglobal.com,+91 9811432228
MEC Study Group,https://www.bangor.ac.uk/international/countries/kuwait#contactsagents,Singapore,Singapore,info@geebeeworld.com,+91-8420886581
MEC Study Group,https://www.bangor.ac.uk/international/countries/kuwait#contactsagents,Singapore,Singapore,info@cialfo.com.sg,+65 9723 8594
MEC Study Group,https://www.bangor.ac.uk/international/countries/kuwait#contactsagents,Singapore,Singapore,info@cialfo.com.sg; info@geebeeworld.com; debasish@thechoprasglobal.com; singapore@ahzassociates.co.uk,+65 9723 8594; +91-8420886581; +91 9811432228; +6567815850
MEC Study Group,https://www.bangor.ac.uk/international/countries/kuwait#contactsagents,South Korea,Seoul,korea@iaeglobal.net,+82 10 3766 9037
MEC Study Group,https://www.bangor.ac.uk/international/countries/kuwait#contactsagents,South Korea,Seoul,lauren.kim@idp.com,+82 2 550 0303
MEC Study Group,https://www.bangor.ac.uk/international/countries/kuwait#contactsagents,South Korea,Seoul,lauren.kim@idp.com; korea@iaeglobal.net,+82 2 550 0303; +82 10 3766 9037
MEC Study Group,https://www.bangor.ac.uk/international/countries/kuwait#contactsagents,Sri Lanka,Colombo,colombo@ahzassociates.co.uk,+94 77 703 4630
MEC Study Group,https://www.bangor.ac.uk/international/countries/kuwait#contactsagents,Sri Lanka,Colombo,colombo@ahzassociates.co.uk; colombo@studyin-uk.com,+94 77 703 4630; +94 740011814
MEC Study Group,https://www.bangor.ac.uk/international/countries/kuwait#contactsagents,Sri Lanka,,srilanka@tclglobal.co.uk,+94 72 072 8698
MEC Study Group,https://www.bangor.ac.uk/international/countries/kuwait#contactsagents,Taiwan,Cairo,partnership@lcig.io,20-1120955013
MEC Study Group,https://www.bangor.ac.uk/international/countries/kuwait#contactsagents,Taiwan,,info@iae-taiwan.net,+886 2 23830638
MEC Study Group,https://www.bangor.ac.uk/international/countries/kuwait#contactsagents,Taiwan,,ask@win-ed.com.tw,+886 912752989
MEC Study Group,https://www.bangor.ac.uk/international/countries/kuwait#contactsagents,Taiwan,,service@oxbridge.com.tw,+886-2-2779-0801
MEC Study Group,https://www.bangor.ac.uk/international/countries/kuwait#contactsagents,Taiwan,,service@oxbridge.com.tw; taipei@studyin-uk.com; ask@win-ed.com.tw,+886-2-2779-0801; +886 227556365; +886 912752989
MEC Study Group,https://www.bangor.ac.uk/international/countries/kuwait#contactsagents,Tanzania,Dar es Salaam,daressalaam@studyin-uk.com,+255 677 500 800
MEC Study Group,https://www.bangor.ac.uk/international/countries/kuwait#contactsagents,Thailand,Bangkok,iae-thai@iaeglobal.net,+66 2 117 9564
MEC Study Group,https://www.bangor.ac.uk/international/countries/kuwait#contactsagents,Thailand,Bangkok,ask@win-ed.com,+66-2-661-7495
MEC Study Group,https://www.bangor.ac.uk/international/countries/kuwait#contactsagents,Thailand,Bangkok,bangkok@studyin-uk.com; ask@win-ed.com; iae-thai@iaeglobal.net,+66 0 2 260 6033; +66-2-661-7495; +66 2 117 9564
MEC Study Group,https://www.bangor.ac.uk/international/countries/kuwait#contactsagents,Thailand,,ask@win-ed.com,+66 52 010073
MEC Study Group,https://www.bangor.ac.uk/international/countries/kuwait#contactsagents,Thailand,,chiangmai@studyin-uk.com; ask@win-ed.com,+66 (0)910799303; +66 52 010073
MEC Study Group,https://www.bangor.ac.uk/international/countries/kuwait#contactsagents,Turkey,Ankara,oytun@edcon.com.tr,0090 312 427 90 00
MEC Study Group,https://www.bangor.ac.uk/international/countries/kuwait#contactsagents,Turkey,Istanbul,edcon@edcon.com.tr,0090  216 301 13 23
MEC Study Group,https://www.bangor.ac.uk/international/countries/kuwait#contactsagents,Turkey,Istanbul,banu@edcon.com.tr,0090 212 234 48 99
MEC Study Group,https://www.bangor.ac.uk/international/countries/kuwait#contactsagents,Turkey,Istanbul,banu@edcon.com.tr; istanbul@edukas.com.tr; besiktas@edukas.com.tr; info@icesturkey.com; istanbul@studyin-uk.com; edcon@edcon.com.tr; oya@edcon.com.tr,0090 212 234 48 99; 0 (216) 408 22 20; 902 122606072; +90 533 5792494; 02129950735; 0090  216 301 13 23; 0090 212 669 29 29
MEC Study Group,https://www.bangor.ac.uk/international/countries/kuwait#contactsagents,Turkey,Istanbul,info@icesturkey.com,+90 533 5792494
MEC Study Group,https://www.bangor.ac.uk/international/countries/kuwait#contactsagents,Turkey,Istanbul,besiktas@edukas.com.tr,902 122606072
MEC Study Group,https://www.bangor.ac.uk/international/countries/kuwait#contactsagents,Turkey,Istanbul,istanbul@edukas.com.tr,0 (216) 408 22 20
MEC Study Group,https://www.bangor.ac.uk/international/countries/kuwait#contactsagents,Turkey,Istanbul,oya@edcon.com.tr,0090 212 669 29 29
MEC Study Group,https://www.bangor.ac.uk/international/countries/kuwait#contactsagents,Turkey,,tugba@edcon.com.tr,0090 224 223 03 30
MEC Study Group,https://www.bangor.ac.uk/international/countries/kuwait#contactsagents,Turkey,,kadriye@edcon.com.tr,0090 232 425 25 56
MEC Study Group,https://www.bangor.ac.uk/international/countries/kuwait#contactsagents,Turkey,,info@myeducoach.com,+905556818035
MEC Study Group,https://www.bangor.ac.uk/international/countries/kuwait#contactsagents,Turkey,,izmir@edukas.com.tr,0 537 778 45 71
MEC Study Group,https://www.bangor.ac.uk/international/countries/kuwait#contactsagents,Turkey,,izmir@edukas.com.tr; info@myeducoach.com; kadriye@edcon.com.tr,0 537 778 45 71; +905556818035; 0090 232 425 25 56
MEC Study Group,https://www.bangor.ac.uk/international/countries/kuwait#contactsagents,UK,Abuja,nairobi@studyin-uk.com,+66 0 2 260 6033
MEC Study Group,https://www.bangor.ac.uk/international/countries/kuwait#contactsagents,UK,Abuja,Abuja@tclglobal.co.uk,+234 80 6829 0705
MEC Study Group,https://www.bangor.ac.uk/international/countries/kuwait#contactsagents,UK,Bangalore,bangalore@studyin-uk.com,+91 80 4168 8282
MEC Study Group,https://www.bangor.ac.uk/international/countries/kuwait#contactsagents,UK,Bangkok,bangkok@studyin-uk.com,+66 0 2 260 6033
MEC Study Group,https://www.bangor.ac.uk/international/countries/kuwait#contactsagents,UK,Beijing,beijing@studyin-uk.cn,+86 15721283391
MEC Study Group,https://www.bangor.ac.uk/international/countries/kuwait#contactsagents,UK,Beirut,info@globalstudyuk.com,+961 1 811 432
MEC Study Group,https://www.bangor.ac.uk/international/countries/kuwait#contactsagents,UK,Beirut,info@globalstudyuk.com,+961 1 751 780
MEC Study Group,https://www.bangor.ac.uk/international/countries/kuwait#contactsagents,UK,Cairo,info@globalstudyuk.com,+20 110 105 2556
MEC Study Group,https://www.bangor.ac.uk/international/countries/kuwait#contactsagents,UK,Cairo,info@globalstudyuk.com,+20 225 260 970
MEC Study Group,https://www.bangor.ac.uk/international/countries/kuwait#contactsagents,UK,Cairo,info@globalstudyuk.com,+20 2 2306 7394
MEC Study Group,https://www.bangor.ac.uk/international/countries/kuwait#contactsagents,UK,Casablanca,info@globalstudyuk.com,+212 522 051 440
MEC Study Group,https://www.bangor.ac.uk/international/countries/kuwait#contactsagents,UK,Casablanca,casablanca@studyin-uk.com,+212601671995
MEC Study Group,https://www.bangor.ac.uk/international/countries/kuwait#contactsagents,UK,Chennai,Ruchi@studyin-uk.com,+91 93817 08282
MEC Study Group,https://www.bangor.ac.uk/international/countries/kuwait#contactsagents,UK,Colombo,colombo@studyin-uk.com,+94 740011814
MEC Study Group,https://www.bangor.ac.uk/international/countries/kuwait#contactsagents,UK,Dar es Salaam,daressalaam@studyin-uk.com,+255 677 500 800
MEC Study Group,https://www.bangor.ac.uk/international/countries/kuwait#contactsagents,UK,Dhaka,gulshan@tclglobal.co.uk,+8801407076551
MEC Study Group,https://www.bangor.ac.uk/international/countries/kuwait#contactsagents,UK,Dhaka,dhanmondi@tclglobal.co.uk,+8801407076512
MEC Study Group,https://www.bangor.ac.uk/international/countries/kuwait#contactsagents,UK,Dhaka,uttara@tclglobal.co.uk,+8801407076522
MEC Study Group,https://www.bangor.ac.uk/international/countries/kuwait#contactsagents,UK,Dhaka,applications.bd@shabujglobal.com,1321182535
MEC Study Group,https://www.bangor.ac.uk/international/countries/kuwait#contactsagents,UK,Doha,qatar@studyin-uk.com,+974 5076 0041
MEC Study Group,https://www.bangor.ac.uk/international/countries/kuwait#contactsagents,UK,Dubai,uae@tclglobal.co.uk,+44 (0) 23 9283 9210
MEC Study Group,https://www.bangor.ac.uk/international/countries/kuwait#contactsagents,UK,Guangzhou,guangzhou@studyin-uk.cn,+02152838680
MEC Study Group,https://www.bangor.ac.uk/international/countries/kuwait#contactsagents,UK,Hanoi,hanoi@studyin-uk.com,+84 24 3972 6849
MEC Study Group,https://www.bangor.ac.uk/international/countries/kuwait#contactsagents,UK,Ho Chi Minh,hochiminh@studyin-uk.com,+84 28 3929 3998
MEC Study Group,https://www.bangor.ac.uk/international/countries/kuwait#contactsagents,UK,Hong Kong,hongkong@studyin-uk.com,+852 29678009
MEC Study Group,https://www.bangor.ac.uk/international/countries/kuwait#contactsagents,UK,Islamabad,rawalpindi@studyin-uk.com,+92 51 4264181; +92 308 1814264
MEC Study Group,https://www.bangor.ac.uk/international/countries/kuwait#contactsagents,UK,Istanbul,istanbul@studyin-uk.com,02129950735
MEC Study Group,https://www.bangor.ac.uk/international/countries/kuwait#contactsagents,UK,Jakarta,jakarta@studyin-uk.com,+62 838 11141214
MEC Study Group,https://www.bangor.ac.uk/international/countries/kuwait#contactsagents,UK,Jeddah,jeddah@tclglobal.co.uk,+966 (0) 503059575
MEC Study Group,https://www.bangor.ac.uk/international/countries/kuwait#contactsagents,UK,Kampala,kampala@studyin-uk.com,+256 770688532
MEC Study Group,https://www.bangor.ac.uk/international/countries/kuwait#contactsagents,UK,Karachi,karachi@studyin-uk.com,+92-21-37120268
MEC Study Group,https://www.bangor.ac.uk/international/countries/kuwait#contactsagents,UK,Kathmandu,nepal@tclglobal.co.uk,+977 9802344148
MEC Study Group,https://www.bangor.ac.uk/international/countries/kuwait#contactsagents,UK,Lagos,Lagos@tclglobal.co.uk,+234 913 776 1525
MEC Study Group,https://www.bangor.ac.uk/international/countries/kuwait#contactsagents,UK,Lagos,lagos@studyin-uk.com,+234 8104841013
MEC Study Group,https://www.bangor.ac.uk/international/countries/kuwait#contactsagents,UK,Lahore,pakistan@tclglobal.co.uk,+923102289352
MEC Study Group,https://www.bangor.ac.uk/international/countries/kuwait#contactsagents,UK,Lahore,lahore@studyin-uk.com,+92-301-4434942; +92-326-8001137
MEC Study Group,https://www.bangor.ac.uk/international/countries/kuwait#contactsagents,UK,London,studentservices@kaplan.co.uk,01202 752 200
MEC Study Group,https://www.bangor.ac.uk/international/countries/kuwait#contactsagents,UK,London,info@globalstudyuk.com,+44 20 7486 4762
MEC Study Group,https://www.bangor.ac.uk/international/countries/kuwait#contactsagents,UK,London,info@shabujglobal.com,2077904894
MEC Study Group,https://www.bangor.ac.uk/international/countries/kuwait#contactsagents,UK,London,birmingham@ukec.com; info@universalstudentuk.com; uk@idp.com; cardiff@ukec.com; international@helpustrade.com; apply@knowledgewell.co.uk; edinburgh@ukec.com; marketinguk@jjl.cn; info@chglobal.co.uk; huddersfield@iecabroad.com; info@studyinternational.co.uk; info@educonsortium.org; admin@esbm.org.uk; liverpool@edvoy.com; liverpool@ukec.com; info@ahzassociates.co.uk; marketing@amberedu.co.uk; admission@bwbsolutions.co.uk; vikash@crizac.co.uk; info@globalstudyuk.com; partnership@hglobal25.com; studentservices@kaplan.co.uk; info@mariaconsultancy.co.uk; info@oxfordinternational.com; omar@psgraduates.com; scarter@studentapply.org; info@shabujglobal.com; info@studentconnect.org; info@studyin-uk.com; studywiseabroad@gmail.com; london@ukec.com; ask@win-ed.com; admin@iaeuk.net; study@educationcareuk.com; admissions@edvoy.com; admin@studyadvisers.com; manchester@studyin-uk.com; manchester@ukec.net; Manchester@ukec.com; newcastle@ukec.com; offers@edutrend.co.uk; info@tclglobal.co.uk; preston@ukec.net; application@campora.global,0121 237 6017; 0121 679 0822; 029 2010 9129; 0292 132 4782; 07969076534; +962 7 9731 7755; 0131 5589000; +86-010-56836688; 01484 437440; +44 (0) 148 453 0544; +662 2606033; 0044 1698 688998; 0116 429 6607; +44 (0) 151 482 9480; +44 2073779630; 122-124; +44-20-7734 0274; +44 (0)20 7476 7066; 8002508191; +44 20 7486 4762; 07928262793; 01202 752 200; 20368909042; 0208 3128067; +44 7947455105; 66847000736; 2077904894; +44(0)2072479009; 211-213; 44-020-7287-7040; 4.47425; 020 7383 2000; 0203 008 8162; +44 20 7953 0235; 0161 900 3378; +44 (0) 161 233 4295; +44 7481 502735; 0161 209 3311; 1612360660; 44) 161236 0660; 0191 230 6464; 4.47455; +44 (0)23 9283 9210; 01772 903 498; +44 114 272 5444
MEC Study Group,https://www.bangor.ac.uk/international/countries/kuwait#contactsagents,UK,London,admission@bwbsolutions.co.uk,+44 (0)20 7476 7066
MEC Study Group,https://www.bangor.ac.uk/international/countries/kuwait#contactsagents,UK,Manila,manila@studyin-uk.com,+63 2 88179437
MEC Study Group,https://www.bangor.ac.uk/international/countries/kuwait#contactsagents,UK,Mumbai,mumbai@studyin-uk.com,+91 93549 38639
MEC Study Group,https://www.bangor.ac.uk/international/countries/kuwait#contactsagents,UK,New Delhi,delhi@studyin-uk.com,+917827800565
MEC Study Group,https://www.bangor.ac.uk/international/countries/kuwait#contactsagents,UK,Pune,pune@studyin-uk.com,+91 1800 309 9008
MEC Study Group,https://www.bangor.ac.uk/international/countries/kuwait#contactsagents,UK,Riyadh,ksa@tclglobal.co.uk,+966 50 544 4945
MEC Study Group,https://www.bangor.ac.uk/international/countries/kuwait#contactsagents,UK,Shanghai,shanghai@studyin-uk.cn,+86 15601601917
MEC Study Group,https://www.bangor.ac.uk/international/countries/kuwait#contactsagents,UK,Tashkent,tashkent@studyin-uk.com,+998 97 170 00 66
MEC Study Group,https://www.bangor.ac.uk/international/countries/kuwait#contactsagents,UK,Tehran,tehran@studyin-uk.com,+98 021 88104776
MEC Study Group,https://www.bangor.ac.uk/international/countries/kuwait#contactsagents,UK,Toronto,applications@studyin-uk.com,+1 416- 998-8532
MEC Study Group,https://www.bangor.ac.uk/international/countries/kuwait#contactsagents,UK,,nigeria@tclglobal.co.uk,+234 80 7877 3100
MEC Study Group,https://www.bangor.ac.uk/international/countries/kuwait#contactsagents,UK,,faisalabad@studyin-uk.com,+92-41-8554200
MEC Study Group,https://www.bangor.ac.uk/international/countries/kuwait#contactsagents,UK,,dammam@studyin-uk.com,+966 138154244
MEC Study Group,https://www.bangor.ac.uk/international/countries/kuwait#contactsagents,UK,,coimbatore@studyin-uk.com,+91 99724 84782
MEC Study Group,https://www.bangor.ac.uk/international/countries/kuwait#contactsagents,UK,,chiangmai@studyin-uk.com,+66 (0)910799303
MEC Study Group,https://www.bangor.ac.uk/international/countries/kuwait#contactsagents,UK,,changsha@studyin-uk.cn,+86 13974886786
MEC Study Group,https://www.bangor.ac.uk/international/countries/kuwait#contactsagents,UK,,bogota@studyin-uk.com,+57 318 3499429
MEC Study Group,https://www.bangor.ac.uk/international/countries/kuwait#contactsagents,UK,,srilanka@tclglobal.co.uk,+94 72 072 8698
MEC Study Group,https://www.bangor.ac.uk/international/countries/kuwait#contactsagents,UK,,manchester@studyin-uk.com,0161 209 3311
MEC Study Group,https://www.bangor.ac.uk/international/countries/kuwait#contactsagents,UK,,info@globalstudyuk.com,+20 30428 3100
MEC Study Group,https://www.bangor.ac.uk/international/countries/kuwait#contactsagents,UK,,info@tclglobal.co.uk,+44 (0)23 9283 9210
MEC Study Group,https://www.bangor.ac.uk/international/countries/kuwait#contactsagents,UK,,birmingham@ukec.com; info@universalstudentuk.com,0121 237 6017; 0121 679 0822
MEC Study Group,https://www.bangor.ac.uk/international/countries/kuwait#contactsagents,UK,,info@educonsortium.org,0044 1698 688998
MEC Study Group,https://www.bangor.ac.uk/international/countries/kuwait#contactsagents,UK,,info@studyinternational.co.uk,+662 2606033
MEC Study Group,https://www.bangor.ac.uk/international/countries/kuwait#contactsagents,UK,,uk@idp.com,029 2010 9129
MEC Study Group,https://www.bangor.ac.uk/international/countries/kuwait#contactsagents,UK,,uk@idp.com; cardiff@ukec.com,029 2010 9129; 0292 132 4782
MEC Study Group,https://www.bangor.ac.uk/international/countries/kuwait#contactsagents,UK,,info@universalstudentuk.com,0121 679 0822
MEC Study Group,https://www.bangor.ac.uk/international/countries/kuwait#contactsagents,UK,,kwt@tclglobal.co.uk,+966 539626555
MEC Study Group,https://www.bangor.ac.uk/international/countries/kuwait#contactsagents,UK,,mombasa@studyin-uk.com,+254 (0) 780 450 642
MEC Study Group,https://www.bangor.ac.uk/international/countries/kuwait#contactsagents,UK,,peshawar@studyin-uk.com,+92-311 1934444
MEC Study Group,https://www.bangor.ac.uk/international/countries/kuwait#contactsagents,UK,,osaka@ukeducation.jp,5300012; +81 0 66 147 5681
MEC Study Group,https://www.bangor.ac.uk/international/countries/kuwait#contactsagents,UK,,cyprus@studyin-uk.com,+90 548 853 58 88
MEC Study Group,https://www.bangor.ac.uk/international/countries/kuwait#contactsagents,UK,,info@globalstudyuk.com,+212 766 309 607
MEC Study Group,https://www.bangor.ac.uk/international/countries/kuwait#contactsagents,UK,,malaysia@studyin-uk.com,60378861936
MEC Study Group,https://www.bangor.ac.uk/international/countries/kuwait#contactsagents,UK,,info@globalstudyuk.com,+20 23865 3821
MEC Study Group,https://www.bangor.ac.uk/international/countries/kuwait#contactsagents,UK,,info@globalstudyuk.com,+968 9521 2672
MEC Study Group,https://www.bangor.ac.uk/international/countries/kuwait#contactsagents,UK,,taipei@studyin-uk.com,+886 227556365
MEC Study Group,https://www.bangor.ac.uk/international/countries/kuwait#contactsagents,UK,,sylhet@tclglobal.co.uk,+8801407076540
MEC Study Group,https://www.bangor.ac.uk/international/countries/kuwait#contactsagents,UK,,vientiane@studyin-uk.com,+856 20595 14229
MEC Study Group,https://www.bangor.ac.uk/international/countries/kuwait#contactsagents,UK,,info@globalstudyuk.com,+961 4544 737
MEC Study Group,https://www.bangor.ac.uk/international/countries/kuwait#contactsagents,UK,,,+44 1248 351 151
MEC Study Group,https://www.bangor.ac.uk/international/countries/kuwait#contactsagents,UK,,,+44 1248 351 151; 1141565
MEC Study Group,https://www.bangor.ac.uk/international/countries/kuwait#contactsagents,UK,,,+92-40-4550137
MEC Study Group,https://www.bangor.ac.uk/international/countries/kuwait#contactsagents,Uganda,Kampala,kampala@studyin-uk.com,+256 770688532
MEC Study Group,https://www.bangor.ac.uk/international/countries/kuwait#contactsagents,United Arab Emirates,Dubai,admissions@jnsedu.com,+971 508421646
MEC Study Group,https://www.bangor.ac.uk/international/countries/kuwait#contactsagents,United Arab Emirates,Dubai,uae@igec.com.au,966 2698 4112
MEC Study Group,https://www.bangor.ac.uk/international/countries/kuwait#contactsagents,United Arab Emirates,Dubai,info@glinksgroup.com,+971507037747
MEC Study Group,https://www.bangor.ac.uk/international/countries/kuwait#contactsagents,United Arab Emirates,Dubai,info@glinksgroup.com; uae@igec.com.au; admissions@jnsedu.com; uae@tclglobal.co.uk; humair.ahmed@ieodkv.com,+971507037747; 966 2698 4112; +971 508421646; +44 (0) 23 9283 9210; 0092-51-5154939
MEC Study Group,https://www.bangor.ac.uk/international/countries/kuwait#contactsagents,United Kingdom,London,partnership@hglobal25.com,07928262793
MEC Study Group,https://www.bangor.ac.uk/international/countries/kuwait#contactsagents,United Kingdom,London,scarter@studentapply.org,66847000736
MEC Study Group,https://www.bangor.ac.uk/international/countries/kuwait#contactsagents,United Kingdom,London,omar@psgraduates.com,+44 7947455105
MEC Study Group,https://www.bangor.ac.uk/international/countries/kuwait#contactsagents,United Kingdom,London,vikash@crizac.co.uk,8002508191
MEC Study Group,https://www.bangor.ac.uk/international/countries/kuwait#contactsagents,United Kingdom,,admin@studyadvisers.com,+44 7481 502735
MEC Study Group,https://www.bangor.ac.uk/international/countries/kuwait#contactsagents,United Kingdom,,study@educationcareuk.com; admissions@edvoy.com; admin@studyadvisers.com; manchester@studyin-uk.com; manchester@ukec.net; Manchester@ukec.com,0161 900 3378; +44 (0) 161 233 4295; +44 7481 502735; 0161 209 3311; 1612360660; 44) 161236 0660
MEC Study Group,https://www.bangor.ac.uk/international/countries/kuwait#contactsagents,United Kingdom,,admin@esbm.org.uk,0116 429 6607
MEC Study Group,https://www.bangor.ac.uk/international/countries/kuwait#contactsagents,United Kingdom,,marketinguk@jjl.cn,+86-010-56836688
MEC Study Group,https://www.bangor.ac.uk/international/countries/kuwait#contactsagents,United Kingdom,,apply@knowledgewell.co.uk,+962 7 9731 7755
MEC Study Group,https://www.bangor.ac.uk/international/countries/kuwait#contactsagents,United Kingdom,,international@helpustrade.com,07969076534
MEC Study Group,https://www.bangor.ac.uk/international/countries/kuwait#contactsagents,Uzbekistan,Tashkent,tashkent@studyin-uk.com,+998 97 170 00 66
MEC Study Group,https://www.bangor.ac.uk/international/countries/kuwait#contactsagents,Vietnam,Hanoi,info.hanoi@idp.com,00 84 4 3943 9739
MEC Study Group,https://www.bangor.ac.uk/international/countries/kuwait#contactsagents,Vietnam,Hanoi,iae-viet@iaeglobal.net,0084 2466 818285
MEC Study Group,https://www.bangor.ac.uk/international/countries/kuwait#contactsagents,Vietnam,Hanoi,hanoi@isc.education,+84 2439411906
MEC Study Group,https://www.bangor.ac.uk/international/countries/kuwait#contactsagents,Vietnam,Hanoi,hanoi@isc.education; iae-viet@iaeglobal.net; info.hanoi@idp.com; hanoi@studyin-uk.com,+84 2439411906; 0084 2466 818285; 00 84 4 3943 9739; +84 24 3972 6849
MEC Study Group,https://www.bangor.ac.uk/international/countries/kuwait#contactsagents,Vietnam,Ho Chi Minh,hochiminh@isc.education,84838246622
MEC Study Group,https://www.bangor.ac.uk/international/countries/kuwait#contactsagents,Vietnam,Ho Chi Minh,hochiminh@isc.education; hochiminh@studyin-uk.com,84838246622; +84 28 3929 3998
MEC Study Group,https://www.bangor.ac.uk/international/countries/kuwait#contactsagents,uk,London,info@mariaconsultancy.co.uk,20368909042
MEC Study Group,https://www.bangor.ac.uk/international/countries/kuwait#contactsagents,uk,London,info@ahzassociates.co.uk,+44 2073779630
MEC Study Group,https://www.bangor.ac.uk/international/countries/kuwait#contactsagents,uk,London,info@ahzassociates.co.uk; marketing@amberedu.co.uk; admission@bwbsolutions.co.uk; vikash@crizac.co.uk; info@globalstudyuk.com; partnership@hglobal25.com; studentservices@kaplan.co.uk; info@mariaconsultancy.co.uk; info@oxfordinternational.com; omar@psgraduates.com; scarter@studentapply.org; info@shabujglobal.com; info@studentconnect.org; info@studyin-uk.com; studywiseabroad@gmail.com; london@ukec.com; ask@win-ed.com; admin@iaeuk.net,+44 2073779630; 122-124; +44-20-7734 0274; +44 (0)20 7476 7066; 8002508191; +44 20 7486 4762; 07928262793; 01202 752 200; 20368909042; 0208 3128067; +44 7947455105; 66847000736; 2077904894; +44(0)2072479009; 211-213; 44-020-7287-7040; 4.47425; 020 7383 2000; 0203 008 8162; +44 20 7953 0235
MEC Study Group,https://www.bangor.ac.uk/international/countries/kuwait#contactsagents,uk,,Syria@visionedu.co.uk,+963113344887; +963944883099
MEC Study Group,https://www.bangor.ac.uk/international/countries/kuwait#contactsagents,uk,,info@chglobal.co.uk,01484 437440
MEC Study Group,https://www.bangor.ac.uk/international/countries/kuwait#contactsagents,uk,,info@chglobal.co.uk; huddersfield@iecabroad.com,01484 437440; +44 (0) 148 453 0544
MEC Study Group,https://www.bangor.ac.uk/international/countries/kuwait#contactsagents,,London,admin@iaeuk.net,+44 20 7953 0235
MEC Study Group,https://www.bangor.ac.uk/international/countries/kuwait#contactsagents,,London,london@ukec.com,0203 008 8162
MEC Study Group,https://www.bangor.ac.uk/international/countries/kuwait#contactsagents,,London,london@ukec.com,020 7383 2000
MEC Study Group,https://www.bangor.ac.uk/international/countries/kuwait#contactsagents,,London,info@oxfordinternational.com,0208 3128067
MEC Study Group,https://www.bangor.ac.uk/international/countries/kuwait#contactsagents,,,enquiry@findlaybsb.com,+673 242 8658
MEC Study Group,https://www.bangor.ac.uk/international/countries/kuwait#contactsagents,,,manchester@ukec.net,1612360660
MEC Study Group,https://www.bangor.ac.uk/international/countries/kuwait#contactsagents,,,application@campora.global,+44 114 272 5444
MEC Study Group,https://www.bangor.ac.uk/international/countries/kuwait#contactsagents,,,preston@ukec.net,01772 903 498
MEC Study Group,https://www.bangor.ac.uk/international/countries/kuwait#contactsagents,,,newcastle@ukec.com,0191 230 6464
MEC Study Group,https://www.bangor.ac.uk/international/countries/kuwait#contactsagents,,,Manchester@ukec.com,44) 161236 0660
MEC Study Group,https://www.bangor.ac.uk/international/countries/kuwait#contactsagents,,,huddersfield@iecabroad.com,+44 (0) 148 453 0544
MEC Study Group,https://www.bangor.ac.uk/international/countries/kuwait#contactsagents,,,admissions@edvoy.com,+44 (0) 161 233 4295
MEC Study Group,https://www.bangor.ac.uk/international/countries/kuwait#contactsagents,,,study@educationcareuk.com,0161 900 3378
MEC Study Group,https://www.bangor.ac.uk/international/countries/kuwait#contactsagents,,,liverpool@edvoy.com,+44 (0) 151 482 9480
MEC Study Group,https://www.bangor.ac.uk/international/countries/kuwait#contactsagents,,,edinburgh@ukec.com,0131 5589000
MEC Study Group,https://www.bangor.ac.uk/international/countries/kuwait#contactsagents,,,cardiff@ukec.com,0292 132 4782
MEC Study Group,https://www.bangor.ac.uk/international/countries/kuwait#contactsagents,,,birmingham@ukec.com,0121 237 6017
MEC Study Group,https://www.mecstudygroup.com,,,,+965-50272509; 55305115; 51257991; 51067487; 98700181
MEC Study Group,https://www.bangor.ac.uk/international/countries/kuwait#contactsagents,,,,+965 66830010; +965 51586525; +965 51344562
MEC Study Group,https://www.bangor.ac.uk/international/countries/kuwait#contactsagents,,,,965 55114766; 51712233
MEC Study Group,https://www.bangor.ac.uk/international/countries/kuwait#contactsagents,,,,+966 2 2611202; +966 2 2614122
MEC Study Group,https://www.bangor.ac.uk/international/countries/kuwait#contactsagents,,,,0203 008 8162
MEC Study Group,https://www.bangor.ac.uk/international/countries/kuwait#contactsagents,,,,+963113344887; +963944883099
MEC Study Group,https://www.mecstudygroup.com,,,,+966-0536249609; 0573544272; 0505129056; 0506446327
MEC Study Group,https://www.bangor.ac.uk/international/countries/kuwait#contactsagents,,,,+92-301-4434942; +92-326-8001137
MEC Study Group,https://www.bangor.ac.uk/international/countries/kuwait#contactsagents,,,,+92 51 4264181; +92 308 1814264
MEC Study Group,https://www.bangor.ac.uk/international/countries/kuwait#contactsagents,,,,+202 385 90; +202 281 338 39
MEC Study Group,https://www.bangor.ac.uk/international/countries/kuwait#contactsagents,,,,86 21 5150 6887; 5150 6210
MEC Study Group,https://www.bangor.ac.uk/international/countries/kuwait#contactsagents,,,,1141565
MIM Study Abroad,https://mimstudyabroad.com/contact-us/,UK,Dhaka,mim.heuk@gmail.com,+88 02 9122404; +880) 2 9122404
MIM Study Abroad,https://mimstudyabroad.com/contact-us/,,Dhaka,mim.heuk@gmail.com,+880) 2 9122404
MIM Study Abroad,https://www.mimstudyabroad.com,,,mim.heuk@gmail.com,+880) 2 9122404
Meridean Overseas,https://www.meridean.org/contact,India,Dubai,,+97 1507 167 689; 411004 077588 20670; 226001 180012300001; 1 083036 94977; 6-3-1093; 500082 180012300001; 1 081717 81701; 201301 180012300001; 1 089059 98503; 1800123000011 09929; 282002 180012300001; 1 070609 78882; 431005 180012300001; 1 097733 41357; 400053 180012300001; 1 97733 90927; 452001 180012300001; 1 083069 92194; 380009 180012300001; 1 097733 59609; 342003 180012300001; 1 02914103916
Meridean Overseas,https://www.meridean.org,United Kingdom,Dubai,,+91 93 355 213 1684; 376 244 1264 0 1268; 54 374 297 61 43 99; 4 1242 973 880 1246; 375 32 501 229 1441; 975 591 387 267 0 5; 5 246 673 359 226 2; 57 855 237 1 238 13; 45 236 235 56 86 61; 672 57 269 242 242; 682 506 225 385 53; 357 420 45 253 1767; 1809 670 593 20 503; 240 291 372 251 61; 500 298 679 358 33; 594 689 0 241 220 9; 95 49 233 350 30 29; 9 1473 590 1671 502; 44 224 245 592 509; 0 504 852 36 354 91; 62 98 964 353 972 3; 9 1876 81 44 962 7; 254 686 850 82 965; 996 856 371 961 266; 231 218 423 370 352; 853 389 261 265 60; 960 223 356 44 692; 596 222 230 269 52; 691 373 377 976 166; 4 212 258 95 264 67; 4 977 599 31 687 64; 505 227 234 683 672; 1670 47 968 92 680; 970 507 675 595 51; 63 0 48 351 1787 97; 4 262 40 70 250 290; 1869 1758 508 1784; 684 378 239 966 221; 381 248 232 65 421; 386 44 677 252 27 0; 211 34 94 249 597 4; 7 268 46 41 963 886; 992 255 66 228 690; 676 1868 216 90 737; 0 1649 688 256 380; 971 44 1 1 598 998; 678 39 58 84 1284 1; 340 681 212 967 38; 260 263
Meridean Overseas,https://www.meridean.org/contact,,Dubai,,+97 1507 167 689
Meridean Overseas,https://www.meridean.org/contact,,,application02@meridean.org,1800123000011
Meridean Overseas,https://www.meridean.org,,,,+91 93 355 213 1684; 376 244 1264 0 1268; 54 374 297 61 43 99; 4 1242 973 880 1246; 375 32 501 229 1441; 975 591 387 267 0 5; 5 246 673 359 226 2; 57 855 237 1 238 13; 45 236 235 56 86 61; 672 57 269 242 242; 682 506 225 385 53; 357 420 45 253 1767; 1809 670 593 20 503; 240 291 372 251 61; 500 298 679 358 33; 594 689 0 241 220 9; 95 49 233 350 30 29; 9 1473 590 1671 502; 44 224 245 592 509; 0 504 852 36 354 91; 62 98 964 353 972 3; 9 1876 81 44 962 7; 254 686 850 82 965; 996 856 371 961 266; 231 218 423 370 352; 853 389 261 265 60; 960 223 356 44 692; 596 222 230 269 52; 691 373 377 976 166; 4 212 258 95 264 67; 4 977 599 31 687 64; 505 227 234 683 672; 1670 47 968 92 680; 970 507 675 595 51; 63 0 48 351 1787 97; 4 262 40 70 250 290; 1869 1758 508 1784; 684 378 239 966 221; 381 248 232 65 421; 386 44 677 252 27 0; 211 34 94 249 597 4; 7 268 46 41 963 886; 992 255 66 228 690; 676 1868 216 90 737; 0 1649 688 256 380; 971 44 1 1 598 998; 678 39 58 84 1284 1; 340 681 212 967 38; 260 263
Meridean Overseas,https://www.meridean.org,,,,1800 1230 00011; +91 9929723448
Meridean Overseas,https://www.meridean.org,,,,1800 1230 00011
Meridean Overseas,https://www.meridean.org,,,,+91 9929723448
Myeducoach,https://www.myeducoach.com,Malta,Dubai,info@myeducoach.com,0 (232) 441 13 38; 0 (216) 441 13 38 1
Myeducoach,https://www.myeducoach.com,Malta,İstanbul,info@myeducoach.com,0 (232) 441 13 38; 0 (216) 441 13 38 1
Myeducoach,https://www.myeducoach.com,,İstanbul,info@myeducoach.com,0 (232) 441 13 38; 0 (216) 441 13 38 1
Myeducoach,https://www.myeducoach.com,,,,0 (232) 441 13 38; 0 (216) 441 13 38
NCUK,https://www.ncuk.com,UK,London,sales@ncuk.com,0333 247 2000; +44 333 247 2000
NCUK,https://www.ncuk.com/contact.html,UNITED KINGDOM,London,sales@ncuk.com,+44 333 247 2000 24
NCUK,https://www.ncuk.com/contact.html,UNITED KINGDOM,London,sales@ncuk.com,+44 333 247 2000 24; +44 333 247 2000
NCUK,https://www.ncuk.com,,London,sales@ncuk.com,0333 247 2000; +44 333 247 2000
NCUK,https://www.ncuk.com/contact.html,,,sales@ncuk.com,+44 333 247 2000
NCUK,https://www.ncuk.com/contact.html,,,sales@ncuk.com,+44 333 247 2000 24
NCUK,https://www.ncuk.com,,,sales@ncuk.com,0333 247 2000; +44 333 247 2000
Oberoi's Education,https://www.educationlinkhouse.com/ContactUs.html,INDIA,CHANDIGARH,chd@educationlinkhouse.com,01724084530; 9625951717
Oberoi's Education,https://www.educationlinkhouse.com/ContactUs.html,INDIA,,indore@educationlinkhouse.com,91 09039988391
Oberoi's Education,https://www.educationlinkhouse.com/ContactUs.html,India,DELHI,info@educationlinkhouse.com,+91-11-45304530
Oberoi's Education,https://www.educationlinkhouse.com/ContactUs.html,India,New Delhi,info@educationlinkhouse.com,+91-11-45304530
Oberoi's Education,https://www.educationlinkhouse.com/ContactUs.html,India,New Delhi,info@educationlinkhouse.com; lucknow@educationlinkhouse.com; hyderabad@educationlinkhouse.com; indore@educationlinkhouse.com; Amritsar@educationlinkhouse.com; vizag@educationlinkhouse.com; chennai@educationlinkhouse.com; coimbatore@educationlinkhouse.com; chd@educationlinkhouse.com,+91-11-45304530; 226001 0522-4046868; +918874799462; 500016 040-66411232; 08096547878; 91 09039988391; 143001 0183-5059751; 09888382898; 47-10-3; +91 8897314820; +91 891 2551231; +91-44-26452017; +91 9840064273; +91 9500044868; 01724084530; 9625951717
Oberoi's Education,https://www.educationlinkhouse.com,UK,Chandigarh,,09625951717; 09899195747; 08096547878; 08874799462; 47-10 34 35; 08897314820
Oberoi's Education,https://www.educationlinkhouse.com/ContactUs.html,UK,Singapore,info@educationlinkhouse.com; lucknow@educationlinkhouse.com; hyderabad@educationlinkhouse.com; indore@educationlinkhouse.com; Amritsar@educationlinkhouse.com; vizag@educationlinkhouse.com; chennai@educationlinkhouse.com; coimbatore@educationlinkhouse.com; chd@educationlinkhouse.com,011-45304530; +91-11-45304530; 226001 0522-4046868; +918874799462; 500016 040-66411232; 08096547878; 91 09039988391; 143001 0183-5059751; 09888382898; 47-10-3; +91 8897314820; +91 891 2551231; +91-44-26452017; +91 9840064273; +91 9500044868; 01724084530; 9625951717
Oberoi's Education,https://www.educationlinkhouse.com,UK,Singapore,info@educationlinkhouse.com,011-45304530; 09625951717; 09899195747; 08096547878; 08874799462; 47-10 34 35; 08897314820
Oberoi's Education,https://www.educationlinkhouse.com,UK,,info@educationlinkhouse.com,011-45304530
Oberoi's Education,https://www.educationlinkhouse.com/ContactUs.html,,CHENNAI,chennai@educationlinkhouse.com,+91-44-26452017; +91 9840064273
Oberoi's Education,https://www.educationlinkhouse.com,,Chandigarh,,09625951717; 09899195747; 08096547878; 08874799462; 47-10 34 35; 08897314820
Oberoi's Education,https://www.educationlinkhouse.com,,Chandigarh,,09625951717
Oberoi's Education,https://www.educationlinkhouse.com,,Delhi,,09899195747
Oberoi's Education,https://www.educationlinkhouse.com,,Hyderabad,,08096547878
Oberoi's Education,https://www.educationlinkhouse.com,,Lucknow,,08874799462
Oberoi's Education,https://www.educationlinkhouse.com/ContactUs.html,,,coimbatore@educationlinkhouse.com,+91 9500044868
Oberoi's Education,https://www.educationlinkhouse.com,,,,47-10 34 35; 08897314820
Oberoi's Education,https://www.educationlinkhouse.com,,,,47-10 34 35
Oberoi's Education,https://www.educationlinkhouse.com/ContactUs.html,,,,+91 8897314820; +91 891 2551231
Oberoi's Education,https://www.educationlinkhouse.com/ContactUs.html,,,,+91-44-26452017; +91 9840064273
Oxbridge,https://www.oxbridge.com.tw/study-abroad/UK/about-us-office-location,UK,beijing,service@oxbridge.com.tw; beijing@poweracademy.cn; shanghai@poweracademy.cn,+886-2-2779-0801; 30 - 20; 30 - 18; +886-930-054095; +886-4-2328-0806; +886-4-2328-1002; +886-906-739208; +86-10-5979-9010; +86-10-5822-2884; 00 - 18; +86-21-53098006; +44 (0)2084320861
Oxbridge,https://www.oxbridge.com.tw/study-abroad/UK/about-us-office-location,UK,,,+44 (0)2084320861
Oxbridge,https://www.oxbridge.com.tw/study-abroad/UK/about-us-office-location,,beijing,beijing@poweracademy.cn,+86-10-5979-9010; +86-10-5822-2884; 00 - 18
Oxbridge,https://www.oxbridge.com.tw/study-abroad/UK/about-us-office-location,,shanghai,shanghai@poweracademy.cn,+86-21-53098006; 00 - 18
Oxbridge,https://www.oxbridge.com.tw/contact-us,,,service@oxbridge.com.tw,+886-2-2779-0801; +886-930-054095; +886-4-2328-0806; +886-4-2328-1002; +886-906-739208
Oxbridge,https://www.oxbridge.com.tw/study-abroad/UK/about-us-office-location,,,service@oxbridge.com.tw,+886-906-739208
Oxbridge,https://www.oxbridge.com.tw/study-abroad/UK/about-us-office-location,,,service@oxbridge.com.tw,+886-4-2328-0806; +886-4-2328-1002; 30 - 20
Oxbridge,https://www.oxbridge.com.tw/study-abroad/UK/about-us-office-location,,,service@oxbridge.com.tw,+886-930-054095
Oxbridge,https://www.oxbridge.com.tw/study-abroad/UK/about-us-office-location,,,service@oxbridge.com.tw,+886-2-2779-0801; 30 - 20; 30 - 18
Oxbridge,https://www.oxbridge.com.tw,,,,+886-2-2779-0801
Oxbridge,https://www.oxbridge.com.tw,,,,+886-4-2328-0806; +886-4-2328-1002
Oxbridge (Power Academy),https://www.poweracademy.cn,,,,010-59799010
Oxbridge (Power Academy),https://www.poweracademy.cn,,,,+86-21-5309-8006
Oxbridge (Power Academy),https://www.poweracademy.cn,,,,12042305; 110105007358
Oxbridge Consulting,https://www.hugedomains.com/contact.cfm,,,,303-893-0552; 303-893-0507
Oxbridge Consulting,https://www.oxbridgeconsulting.com,,,,+1-303-893-0552
Oxbridge Consulting,https://www.hugedomains.com/contact.cfm,,,,1-303-893-0552; 303-893-0552; 303-893-0507
Oxbridge Consulting,https://www.hugedomains.com/contact.cfm,,,,1-303-893-0552
Oxbridge Consulting,https://www.hugedomains.com/contact.cfm,,,,303-893-0552
People Loving Education (UKARTSUHAK),https://www.peopleloving.co.kr/locations,,seoul,seoul@peopleloving.co.kr,02-566-9184
People Loving Education (UKARTSUHAK),https://www.peopleloving.co.kr/offices,,seoul,seoul@peopleloving.co.kr,02.566.9184; 2026.06.03; 2026.06.02; 2026.06.01; 2026.05.29; 2026.05.27; 2026.05.26; 220-06-32170; 02-566-9184
People Loving Education (UKARTSUHAK),https://www.peopleloving.co.kr,,,,220-06-32170
People Loving Education (UKARTSUHAK),https://www.peopleloving.co.kr,,,,02.566.9184
Plus Education,https://www.plusedu.com.tr/contact,,Ankara,education@plusedu.com.tr,185 0312 666 53 46
Plus Education,https://www.plusedu.com.tr/contact,,İstanbul,education@plusedu.com.tr,0539 540 09 14
Plus Education,https://www.plusedu.com.tr/contact,,İstanbul,education@plusedu.com.tr,0212 243 32 60 0212; 801 50 00 0539 540
Plus Education,https://www.plusedu.com.tr/contact,,İstanbul,education@plusedu.com.tr; izmir@plusedu.com.tr; asliyag@plusedu.com.tr,0212 243 32 60 0212; 801 50 00 0539 540; 0539 540 09 14; 185 0312 666 53 46; 120 35210; 0232 700 17 82; 16140 0532 253 33 9
Plus Education,https://www.plusedu.com.tr,,İstanbul,,0212 243 32 60 0212; 801 50 00 0539 540; 0232 700 17 82; 0312 666 53 46
Plus Education,https://www.plusedu.com.tr/contact,,,asliyag@plusedu.com.tr,16140 0532 253 33 9
Plus Education,https://www.plusedu.com.tr/contact,,,izmir@plusedu.com.tr,120 35210; 0232 700 17 82
Plus Education,https://www.plusedu.com.tr,,,,120 35210
Plus Education,https://www.plusedu.com.tr/contact,,,,0212 243 32 60 0212; 801 50 00 0539 540
Ray Education,https://www.rayeducation.com/contact,,,,+1-303-893-0552
Ray Education,https://www.hugedomains.com/contact.cfm,,,,1-303-893-0552
Ray Education,https://www.hugedomains.com/contact.cfm,,,,303-893-0552; 303-893-0507
Ray Education,https://www.hugedomains.com/contact.cfm,,,,303-893-0552
Ray Education,https://www.hugedomains.com/contact.cfm,,,,1-303-893-0552; 303-893-0552; 303-893-0507
SMILE Education,https://smilecampus.com/contact,Thailand,BANGKOK,smile@smilecampus.com; smilecampus@gmail.com,+66 2119 5140; +66 2686 3433; +66 86 6324594; +66 94 7894469
SMILE Education,https://smilecampus.com/contact,Thailand,BANGKOK,smile@smilecampus.com; smilecampus@gmail.com; smilecampus.hdy@gmail.com; smilecampus.cnx@gmail.com; smilecampus.kls@gmail.com; smilecampus.uth@gmail.com,+66 2119 5140; +66 2686 3433; +66 86 6324594; +66 94 7894469; +66 94 5984699; +66 86 9115636; +66 87 2179745; +66 95 626 9933
SMILE Education,https://smilecampus.com/contact,Thailand,,smilecampus.cnx@gmail.com,+66 86 9115636
SMILE Education,https://smilecampus.com/contact,Thailand,,smilecampus.hdy@gmail.com,+66 94 5984699
SMILE Education,https://www.smilecampus.com,,BANGKOK,,086 632 4594; +66 2119 5140; +66 94 5984699; +66 86 9115636; +66 87 2179745; +66 95 626 9933
SMILE Education,https://www.smilecampus.com,,BANGKOK,,+66 2119 5140; +66 94 5984699; +66 86 9115636; +66 87 2179745; +66 95 626 9933
SMILE Education,https://www.smilecampus.com,,BANGKOK,,+66 2119 5140
SMILE Education,https://www.smilecampus.com/contact,,,smilecampus.uth@gmail.com,+66 95 626 9933
SMILE Education,https://www.smilecampus.com/contact,,,smilecampus.kls@gmail.com,+66 87 2179745
SMILE Education,https://www.smilecampus.com,,,,086 632 4594
SMILE Education,https://www.smilecampus.com,,,,+66 94 5984699
SMILE Education,https://www.smilecampus.com,,,,+66 86 9115636
SMILE Education,https://www.smilecampus.com/contact,,,,+66 2119 5140; +66 2686 3433; +66 86 6324594; +66 94 7894469
SMILE Education,https://www.smilecampus.com/contact,,,,+66 86 6324594; +66 94 7894469
SUN Education Group,https://www.suneducationgroup.com,Australia,Singapore,info@suneducationgroup.com,+62 82133343536
SUN Education Group,https://www.suneducationgroup.com/our-location,Malaysia,Jakarta,info@suneducationgroup.com,+62 82133343536
SUN Education Group,https://www.suneducationgroup.com/contact,,Jakarta,info@suneducationgroup.com,+62 82133343536
Savvides Institute,https://www.savvides.com.cy/contact,,,,+357 22 317 030; +357 24 638 666; +357 25 818 144
Savvides Institute,https://www.savvides.com.cy/contact,,,,+357 22 317 030
Savvides Institute,https://www.savvides.com.cy/contact-us,,,,+357 24 638 666
Savvides Institute,https://www.savvides.com.cy/contact-us,,,,+357 25 818 144
Studies Planet,https://www.studiesplanet.com/contact-us/,Argentina,London,uk@studiesplanet.com; colombia2@studiesplanet.com; mexico@studiesplanet.com; brasil@studiesplanet.com; peru@studiesplanet.com; peruargentina@studiesplanet.com; peruchile@studiesplanet.com,+44 ) 7377 730967; +44 )7877 254370; +57) 311 4753505; +57) 300 5729164; +57) 301 7707184; +52 ) 55 3562 7881; 04534-000; +55 )11 96623 9696; +51 )926 877 306; +54 )911 2894 7425; +56 ) 9 3241 6443
Studies Planet,https://www.studiesplanet.com/contact-us/,Chile,,peruchile@studiesplanet.com,+56 ) 9 3241 6443
Studies Planet,https://www.studiesplanet.com/contact-us/,Colombia,,colombia2@studiesplanet.com,+57) 311 4753505; +57) 300 5729164; +57) 301 7707184
Studies Planet,https://www.studiesplanet.com/contact-us/,Mexico,,mexico@studiesplanet.com,+52 ) 55 3562 7881
Studies Planet,https://www.studiesplanet.com/contact-us/,Mexico,,mexico@studiesplanet.com; brasil@studiesplanet.com,+52 ) 55 3562 7881; 04534-000; +55 )11 96623 9696
Studies Planet,https://www.studiesplanet.com,UK,,,+44) 7377 730967
Studies Planet,https://www.studiesplanet.com/contact-us/,peru,,peru@studiesplanet.com,+51 )926 877 306
Studies Planet,https://www.studiesplanet.com/contact-us/,peru,,peru@studiesplanet.com; peruargentina@studiesplanet.com,+51 )926 877 306; +54 )911 2894 7425
Studies Planet,https://www.studiesplanet.com,uk,London,uk@studiesplanet.com,+447377730967; +44)7377730967; +44) 7377 730967
Studies Planet,https://www.studiesplanet.com,uk,London,uk@studiesplanet.com,+44)7377730967
Studies Planet,https://www.studiesplanet.com,uk,London,uk@studiesplanet.com,+44)7377730967; +44) 7377 730967
Studies Planet,https://www.studiesplanet.com/contact-us/,uk,London,uk@studiesplanet.com; colombia2@studiesplanet.com; mexico@studiesplanet.com; brasil@studiesplanet.com; peru@studiesplanet.com; peruargentina@studiesplanet.com; peruchile@studiesplanet.com,+447377730967; +44 ) 7377 730967; +44 )7877 254370; +57) 311 4753505; +57) 300 5729164; +57) 301 7707184; +52 ) 55 3562 7881; 04534-000; +55 )11 96623 9696; +51 )926 877 306; +54 )911 2894 7425; +56 ) 9 3241 6443; +44)7377730967; +44) 7377 730967
Studies Planet,https://www.studiesplanet.com/contact-us/,uk,London,uk@studiesplanet.com,+44 )7877 254370
Studies Planet,https://www.studiesplanet.com/contact-us/,uk,London,uk@studiesplanet.com; colombia2@studiesplanet.com,+44 )7877 254370; +57) 311 4753505; +57) 300 5729164; +57) 301 7707184
Studies Planet,https://www.studiesplanet.com,uk,,uk@studiesplanet.com,+447377730967
Studies Planet,https://www.studiesplanet.com/contact-us/,uk,,uk@studiesplanet.com,+44 ) 7377 730967
Studies Planet,https://www.studiesplanet.com/contact-us,,,peruchile@studiesplanet.com,+56 ) 9 3241 6443
Studies Planet,https://www.studiesplanet.com/contact-us,,,peruargentina@studiesplanet.com,+54 )911 2894 7425
Studies Planet,https://www.studiesplanet.com/contact-us,,,brasil@studiesplanet.com,04534-000; +55 )11 96623 9696
Studies Planet,https://www.studiesplanet.com,,,,+44) 7377 730967
Studies Planet,https://www.studiesplanet.com/contact-us/,,,,+44 )7877 254370
Studies Planet,https://www.studiesplanet.com/contact-us/,,,,+52 ) 55 3562 7881
Studies Planet,https://www.studiesplanet.com/contact-us/,,,,04534-000
Studies Planet,https://www.studiesplanet.com/contact-us/,,,,+55 )11 96623 9696
Studies Planet,https://www.studiesplanet.com/contact-us/,,,,+51 )926 877 306
Studies Planet,https://www.studiesplanet.com/contact-us/,,,,+57) 311 4753505; +57) 300 5729164; +57) 301 7707184
Studies Planet,https://www.studiesplanet.com/contact-us/,Argentina,London,uk@studiesplanet.com; colombia2@studiesplanet.com; mexico@studiesplanet.com; brasil@studiesplanet.com; peru@studiesplanet.com; peruargentina@studiesplanet.com; peruchile@studiesplanet.com,+44 ) 7377 730967; +44 )7877 254370; +57) 311 4753505; +57) 300 5729164; +57) 301 7707184; +52 ) 55 3562 7881; 04534-000; +55 )11 96623 9696; +51 )926 877 306; +54 )911 2894 7425; +56 ) 9 3241 6443
Studies Planet,https://www.studiesplanet.com/contact-us,Chile,,peruchile@studiesplanet.com,+56 ) 9 3241 6443
Studies Planet,https://www.studiesplanet.com/contact-us/,Colombia,,colombia2@studiesplanet.com,+57) 311 4753505; +57) 300 5729164; +57) 301 7707184
Studies Planet,https://www.studiesplanet.com/contact-us/,Mexico,,mexico@studiesplanet.com,+52 ) 55 3562 7881
Studies Planet,https://www.studiesplanet.com/contact-us/,Mexico,,mexico@studiesplanet.com; brasil@studiesplanet.com,+52 ) 55 3562 7881; 04534-000; +55 )11 96623 9696
Studies Planet,https://www.studiesplanet.com/contact-us/,UK,,,+44) 7377 730967
Studies Planet,https://www.studiesplanet.com/contact-us,peru,,peru@studiesplanet.com,+51 )926 877 306
Studies Planet,https://www.studiesplanet.com/contact-us,peru,,peru@studiesplanet.com; peruargentina@studiesplanet.com,+51 )926 877 306; +54 )911 2894 7425
Studies Planet,https://www.studiesplanet.com,uk,London,uk@studiesplanet.com,+44)7377730967; +44) 7377 730967
Studies Planet,https://www.studiesplanet.com,uk,London,uk@studiesplanet.com,+447377730967; +44)7377730967; +44) 7377 730967
Studies Planet,https://www.studiesplanet.com/contact-us/,uk,London,uk@studiesplanet.com; colombia2@studiesplanet.com; mexico@studiesplanet.com; brasil@studiesplanet.com; peru@studiesplanet.com; peruargentina@studiesplanet.com; peruchile@studiesplanet.com,+447377730967; +44 ) 7377 730967; +44 )7877 254370; +57) 311 4753505; +57) 300 5729164; +57) 301 7707184; +52 ) 55 3562 7881; 04534-000; +55 )11 96623 9696; +51 )926 877 306; +54 )911 2894 7425; +56 ) 9 3241 6443; +44)7377730967; +44) 7377 730967
Studies Planet,https://www.studiesplanet.com,uk,London,uk@studiesplanet.com,+44)7377730967
Studies Planet,https://www.studiesplanet.com/contact-us/,uk,London,uk@studiesplanet.com,+44 )7877 254370
Studies Planet,https://www.studiesplanet.com/contact-us/,uk,London,uk@studiesplanet.com; colombia2@studiesplanet.com,+44 )7877 254370; +57) 311 4753505; +57) 300 5729164; +57) 301 7707184
Studies Planet,https://www.studiesplanet.com,uk,,uk@studiesplanet.com,+447377730967
Studies Planet,https://www.studiesplanet.com/contact-us/,uk,,uk@studiesplanet.com,+44 ) 7377 730967
Studies Planet,https://studiesplanet.com/contact-us/,,,peruargentina@studiesplanet.com,+54 )911 2894 7425
Studies Planet,https://studiesplanet.com/contact-us/,,,brasil@studiesplanet.com,04534-000; +55 )11 96623 9696
Studies Planet,https://studiesplanet.com/contact-us/,,,peruchile@studiesplanet.com,+56 ) 9 3241 6443
Studies Planet,https://www.studiesplanet.com,,,,+44) 7377 730967
Studies Planet,https://www.studiesplanet.com/contact-us/,,,,+57) 311 4753505; +57) 300 5729164; +57) 301 7707184
Studies Planet,https://www.studiesplanet.com/contact-us/,,,,+52 ) 55 3562 7881
Studies Planet,https://www.studiesplanet.com/contact-us/,,,,04534-000
Studies Planet,https://www.studiesplanet.com/contact-us/,,,,+51 )926 877 306
Studies Planet,https://www.studiesplanet.com/contact-us/,,,,+44 )7877 254370
Studies Planet,https://www.studiesplanet.com/contact-us/,,,,+55 )11 96623 9696
Study Advisory Services LTD,https://www.studyadvisoryservices.com,,Lagos,info@studyadvisoryservices.com,+2347036474089; +2349027313226
Study Advisory Services LTD,https://www.studyadvisoryservices.com/contact.php,,Lagos,info@studyadvisoryservices.com,+234 902 731 3226
Study Advisory Services LTD,https://www.studyadvisoryservices.com,,,info@studyadvisoryservices.com,+234 902 731 3226
Study Advisory Services LTD,https://www.studyadvisoryservices.com,,,info@studyadvisoryservices.com,+2347036474089; +2349027313226
Study Net,https://www.studynet-group.com,Spain,Berlin,edu@studynet-group.com,+994 55 918 93 93; +994 12 310 00 23
Study Net,https://www.studynet-group.com,Spain,Madrid,edu@studynet-group.com,+994 55 918 93 93; +994 12 310 00 23
Study Net,https://www.studynet-group.com,UK,Berlin,edu@studynet-group.com,+994 55 918 93 93; +994 12 310 00 23; +994) 12 310 00 23
Study Net,https://www.studynet-group.com,UK,Madrid,edu@studynet-group.com,+994 55 918 93 93; +994 12 310 00 23
Study Net,https://www.studynet-group.com,,,edu@studynet-group.com,+994 55 918 93 93; +994 12 310 00 23
Study Net,https://www.studynet-group.com/az/contact,,,edu@studynet-group.com,+994) 12 310 00 23; +994) 12 310 00 24; +994) 55 918 93 93; +994) 55 918 93 39
Study Net,https://www.studynet-group.com,,,edu@studynet-group.com,+994) 12 310 00 23
Study Plan,https://studyplan.lt/en/contacts/,Lithuania,,admin@studyplan.lt,+370 600 543 50
Study Plan,https://studyplan.lt/en/contacts/,Lithuania,,admin@studyplan.lt,+370 600 543 50; 304678738; 457290000015467027
Study Plan,https://studyplan.lt/en/contacts/,Lithuania,,,304678738; 457290000015467027
Study Plan,https://www.studyplan.lt/en,,,admin@studyplan.lt,+370 600 543 50
Study Plan,https://studyplan.lt/en/contacts/,,,,304678738
Studywise Abroad,https://www.studywiseabroad.com/contact.php,UK,London,international@studywiseabroad.com,+44 7424 634892
Studywise Abroad,https://www.studywiseabroad.com/contact.php,United Kingdom,London,international@studywiseabroad.com; wahid@studywiseabroad.com,+44 7424 634892; +44 7448 708078
Studywise Abroad,https://www.studywiseabroad.com,,,international@studywiseabroad.com,+44 7424 634892
Studywise Abroad,https://www.studywiseabroad.com/contact.php,,,,+44 7424 634892; +44 7448 708078
Taylor's Malaysia Sdn Bhd,https://www.taylors.edu.my/contact-us.html,Malaysia,,applications@taylors.edu.my; contactus@taylors.edu.my,603-5629 5000; 603-5629 5001
Taylor's Malaysia Sdn Bhd,https://www.taylors.edu.my,Vietnam,,,603-5629 5000
Taylor's Malaysia Sdn Bhd,https://www.taylors.edu.my,,,,603-5629 5000
TedVisory (Previously GEN),https://www.tedvisory.com,MALAYSIA,KUALA LUMPUR,,+60)3 2161 5875; 1800 22 6628
TedVisory (Previously GEN),https://www.tedvisory.com,MALAYSIA,London,,+60)3 2161 5875; 1800 22 6628
TedVisory (Previously GEN),https://www.tedvisory.com,,,,+60)3 2161 5875; 1800 22 6628
TedVisory (Previously GEN),https://www.tedvisory.com,,,,1800 22 6628
The Combine Company,https://bestfituniversities.com/location-category/dubai/,Afghanistan,Hong Kong,,122970-318640; 11350-15320; 15043 - 21125
The Combine Company,https://bestfituniversities.com/location-category/ireland/,Afghanistan,Hong Kong,,10200- 15700; 10920 - 27000
The Combine Company,https://bestfituniversities.com/location-category/australia/,Afghanistan,Hong Kong,,19950- 20750; 11960 -25; 170 - 38
The Combine Company,https://bestfituniversities.com/location-category/germany/,Afghanistan,Hong Kong,,20790- 32819; 14697-16487; 1200 - 43434; 11845- 12980
The Combine Company,https://bestfituniversities.com/location-category/australia/,Australia,Dubai,,19950- 20750; 11960 -25; 170 - 38
The Combine Company,https://bestfituniversities.com/location-category/ireland/,Australia,Dubai,,10200- 15700; 10920 - 27000
The Combine Company,https://bestfituniversities.com/location-category/dubai/,Australia,Dubai,,122970-318640; 11350-15320; 15043 - 21125
The Combine Company,https://www.combineco.com,Australia,Dubai,,+919818240808; +918448517400; 1 2 3 4
The Combine Company,https://bestfituniversities.com/location-category/germany/,Australia,Dubai,,20790- 32819; 14697-16487; 1200 - 43434; 11845- 12980
The Combine Company,https://bestfituniversities.com/location-category/australia/,Australia,,,19950- 20750; 11960 -25; 170 - 38
The Combine Company,https://bestfituniversities.com/location-category/dubai/,Canada,Dubai,,122970-318640; 11350-15320; 15043 - 21125
The Combine Company,https://bestfituniversities.com/location-category/germany/,Canada,New York,,20790- 32819; 14697-16487; 1200 - 43434; 11845- 12980
The Combine Company,https://bestfituniversities.com/location-category/germany/,Canada,,,20790- 32819
The Combine Company,https://bestfituniversities.com/location-category/dubai/,Canada,,,122970-318640; 11350-15320; 15043 - 21125
The Combine Company,https://bestfituniversities.com/location-category/germany/,Germany,New York,,20790- 32819; 14697-16487; 1200 - 43434; 11845- 12980
The Combine Company,https://bestfituniversities.com/location-category/ireland/,Ireland,New York,,10200- 15700; 10920 - 27000
The Combine Company,https://www.combineco.com,UK,BANGALORE,,+918448517400
The Combine Company,https://www.combineco.com,UK,MUMBAI,,+919818240808; +918448517400
The Combine Company,https://www.combineco.com,UK,,,+918448517400
The Combine Company,https://bestfituniversities.com/location-category/germany/,United Kingdom,,,11845- 12980
The Combine Company,https://bestfituniversities.com/location-category/australia/,United Kingdom,,,19950- 20750
The Combine Company,https://bestfituniversities.com/location-category/australia/,United Kingdom,,,19950- 20750; 11960 -25; 170 - 38
The Combine Company,https://bestfituniversities.com/location-category/ireland/,United Kingdom,,,10200- 15700
The Combine Company,https://bestfituniversities.com/location-category/australia/,United Kingdom,,,11960 -25
The Combine Company,https://bestfituniversities.com/location-category/dubai/,United Kingdom,,,11350-15320
The Combine Company,https://bestfituniversities.com/location-category/ireland/,United States,New York,,10200- 15700; 10920 - 27000
The Combine Company,https://bestfituniversities.com/location-category/germany/,United States,,,14697-16487
The Combine Company,https://www.combineco.com,,KOLKATA,,+919818240808
The Combine Company,https://www.combineco.com,,London,,+918448517400
The Combine Company,https://bestfituniversities.com/location-category/dubai/,,,,122970-318640
The English Company,https://www.theenglishcompany.com,,,,+1-303-893-0552
The English Company,https://www.hugedomains.com/contact.cfm,,,,1-303-893-0552; 303-893-0552; 303-893-0507
The English Company,https://www.hugedomains.com/contact.cfm,,,,1-303-893-0552
The English Company,https://www.hugedomains.com/contact.cfm,,,,303-893-0552; 303-893-0507
The English Company,https://www.hugedomains.com/contact.cfm,,,,303-893-0552
The Mastery,https://www.themastery.com/locations.htm,UK,,jancastleuk@hotmail.com,07896 343981
The Mastery,https://www.themastery.com/locations.htm,,,jancastleuk@hotmail.com,07896 343981
The RightU,https://www.therightu.com/contact,Singapore,Singapore,hello@therightu.com,+65 6333 1300; +65 9650 3225
TheRightU,https://www.therightu.com,Singapore,Singapore,hello@therightu.com,+65 6333 1300; +65 9650 3225
Tie Break,https://www.tiebreak.com,Albania,Hong Kong,,09-74-75-13-13
Tie Break,https://www.tiebreak.com,Albania,Hong Kong,,09-74-75-13-13; 210 9237777
Tie Break,https://www.tiebreak.com,,,,09-74-75-13-13
Tie Break,https://www.flashscore.com/contact/,,,,210 9237777
Tutor You,https://www.tutoryou.com/contact,,,contact@tutoryou.com,+39 340 273 5552
Tutor You,https://www.tutoryou.com/#contact,,,contact@tutoryou.com,10280740969; +39 340 273 5552
Tutor You,https://www.tutoryou.com,,,,10280740969
UCAN Consulting,https://www.ucanconsulting.com,,,Ken@ucaninvestments.com,614-680-3865
UNISERV,https://www.uniserv.com/contact-us,,,info@uniserv.com,+49 7231 936 1000; 13 75179
UNISERV,https://www.uniserv.com,,,,+49 (0) 7231 936 100
Unilink,https://www.unilink.com/contact-us#,Australia,,ausupport@unilink.com,+61 8 8240 5330 1300; 78 10 60
Unilink,https://www.unilink.com/contact-us#,Australia,,uts.au@unilink.com,1800 953 849
Unilink,https://www.unilink.com/contact-us#,United Kingdom,London,enquiries@unilink.com,0800 170 7500; +44 207 036 3810
Unilink,https://www.unilink.com/contact-us#,United Kingdom,London,enquiries@unilink.com; software-support@unilink.com; uts.au@unilink.com; uk@emates.com; ausupport@unilink.com,0800 170 7500; +44 207 036 3810; +44 191 261 7117; 1800 953 849; +44 238 001 3190; 0333 344 1816; +61 8 8240 5330 1300; 78 10 60
Unilink,https://www.unilink.com/contact-us#,uk,,uk@emates.com,0333 344 1816
Unilink,https://www.unilink.com/contact-us#,,,ausupport@unilink.com,+61 8 8240 5330 1300; 78 10 60
Unilink,https://www.unilink.com/contact-us#,,,software-support@unilink.com,0800 170 7500; +44 238 001 3190
Unilink,https://www.unilink.com/contact-us#,,,uts.au@unilink.com,1800 953 849
Unilink,https://www.unilink.com/contact-us#,,,software-support@unilink.com,0800 170 7500; +44 191 261 7117
Unilink,https://www.unilink.com/contact-us#,,,enquiries@unilink.com,0800 170 7500; +44 207 036 3810
Uoffer Global,https://www.uofferglobal.com/contact,UK,London,contactus@uofferglobal.com; customer.service@uofferglobal.com; partnership@uofferglobal.com,010-53689191; 2 144-149; 36 - 37
Uoffer Global,https://www.uofferglobal.com/contact,UK,London,contactus@uofferglobal.com; customer.service@uofferglobal.com; partnership@uofferglobal.com,010-53689191; 2 144-149; 36 - 37; 10744397; 11010502056609; 11010502056610; 2025107441
Uoffer Global,https://www.uofferglobal.com/contact,UK,London,,2 144-149; 36 - 37
Uoffer Global,https://www.uofferglobal.com/contact,UK,,,2 144-149
Uoffer Global,https://www.uofferglobal.com/contact-us,,,contactus@uofferglobal.com; customer.service@uofferglobal.com; partnership@uofferglobal.com,10744397; 010-53689191; 11010502056609; 11010502056610; 2025107441
Uoffer Global,https://www.uofferglobal.com/contact,,,contactus@uofferglobal.com; customer.service@uofferglobal.com; partnership@uofferglobal.com,010-53689191
Uoffer Global,https://www.uofferglobal.com,,,,10744397; 010-53689191
Uoffer Global,https://www.uofferglobal.com,,,,10744397
Uoffer Global,https://www.uofferglobal.com,,,,11010502056609; 11010502056610; 2025107441
Uoffer Global,https://www.uofferglobal.com,,,,11010502056609; 11010502056610
Vermilion Group Ltd,https://www.vermiliongroup.com/contact-us,,,vikram.narain@vermiliongroup.com,763.287.5338; 847.730.9788
Vermilion Group Ltd,https://www.vermiliongroup.com,,,,55422-2021; +1 763 287 3373
Vietint,https://www.vietint.com/contact,,,,+1-303-893-0552
Vietint,https://www.hugedomains.com/contact.cfm,,,,1-303-893-0552; 303-893-0552; 303-893-0507
Vietint,https://www.hugedomains.com/contact.cfm,,,,1-303-893-0552
Vietint,https://www.hugedomains.com/contact.cfm,,,,303-893-0552; 303-893-0507
Vietint,https://www.hugedomains.com/contact.cfm,,,,303-893-0552
Westminster International,https://www.hugedomains.com/contact.cfm,,,,303-893-0552
Westminster International,https://www.westminsterinternational.com,,,,+1-303-893-0552
Westminster International,https://www.hugedomains.com/contact.cfm,,,,1-303-893-0552; 303-893-0552; 303-893-0507
Westminster International,https://www.hugedomains.com/contact.cfm,,,,1-303-893-0552
Westminster International,https://www.hugedomains.com/contact.cfm,,,,303-893-0552; 303-893-0507
Wiseway,https://www.wiseway.com.cn/english/about/contact,,,info@wiseway.com.cn,1998-2014; 010-68946699; 53267000; 05051623
Wiseway,https://www.wiseway.com.cn/english/locations,,,,1860111; 0108150
